timestamp,frame,mouse_x,mouse_y,mouse_speed,mouse_is_moving,active_motion_time,stim_A_x,stim_A_y,stim_B_x,stim_B_y,evidence,overall_trial_num,trial_in_block,phase,n_shapes,target,prop_used,block_num,control_condition,participant,session,age,gender,handedness
0.00401230005081743,1,-6.0,-65.0,1.0892265574658073,True,0.00014709995593875647,-290.530590325152,0.0,304.8688922743781,-8.412022364197183,0.9798599882121295,1,1,calibration,2,dot,0.347354013008391,0,calibration,99,001,55,f,r
0.3306033000117168,2,-4.0,-77.0,4.114978955898676,True,0.32909190002828836,-279.09444342472545,0.0,310.6057406995145,-17.90560136684116,3.624984824606996,1,1,calibration,2,dot,0.347354013008391,0,calibration,99,001,55,f,r
0.3373747000005096,3,160.0,-26.0,7.130691587921728,True,0.3354278999613598,-267.1436347800969,0.0,318.673666242324,-26.52153683971968,2.9734760042364283,1,1,calibration,2,dot,0.347354013008391,0,calibration,99,001,55,f,r
0.34278720000293106,4,160.0,-26.0,15.455878395027762,True,0.3415303999790922,-254.75998893982793,-0.3832597894929309,328.3959711373653,-32.69305334530121,-0.3663224994026757,1,1,calibration,2,dot,0.347354013008391,0,calibration,99,001,55,f,r
0.3602898999815807,5,160.0,-26.0,20.0,True,0.35860120004508644,-242.07849401667772,-1.1689423579534393,338.71302959829256,-37.39550241892455,-1.4879210847992974,1,1,calibration,2,dot,0.347354013008391,0,calibration,99,001,55,f,r
0.3763337000273168,6,160.0,-26.0,20.0,True,0.3750914999982342,-229.64674049113057,-2.1491292695816107,348.2942539848362,-40.95484692651723,-1.369819593498638,1,1,calibration,2,dot,0.347354013008391,0,calibration,99,001,55,f,r
0.3935186000308022,7,152.0,-12.0,20.0,True,0.3920005999971181,-216.31922974896122,-3.0164940806778,357.6261824854518,-43.56226753263361,-1.0529131744716524,1,1,calibration,2,dot,0.347354013008391,0,calibration,99,001,55,f,r
0.41028980002738535,8,130.0,18.0,20.0,True,0.4087173000443727,-202.96064537668363,-3.616561537713197,366.57820397162743,-45.225055385890705,-0.8676627975933915,1,1,calibration,2,dot,0.347354013008391,0,calibration,99,001,55,f,r
0.4262231000466272,9,109.0,30.0,16.19717072262083,True,0.4250060999765992,-189.83930340775652,-4.077512997052398,375.32882351572573,-45.55572429919205,-0.021206435681467573,1,1,calibration,2,dot,0.347354013008391,0,calibration,99,001,55,f,r
0.44282019999809563,10,84.0,38.0,11.992224274403354,True,0.4415399000281468,-178.19202917800501,-4.2890315776964805,383.6691275368627,-44.1315902739393,1.8027582532472946,1,1,calibration,2,dot,0.347354013008391,0,calibration,99,001,55,f,r
0.4594502999680117,11,57.0,39.0,11.557465650490814,True,0.45823139999993145,-167.62633007868524,-4.373100194896982,391.48418859018926,-40.87302441618756,4.6202094546616985,1,1,calibration,2,dot,0.347354013008391,0,calibration,99,001,55,f,r
0.4761822000145912,12,31.0,39.0,14.437251079857754,True,0.47496589994989336,-158.03138729622682,-4.404531633712172,398.3205253887204,-36.61637685590663,6.556564915440729,1,1,calibration,2,dot,0.347354013008391,0,calibration,99,001,55,f,r
0.49289480003062636,13,2.0,31.0,18.191011586351358,True,0.4916818999918178,-149.66116980789775,-4.415934121856492,398.7391964870235,-31.734101293133516,6.140995253422239,1,1,calibration,2,dot,0.347354013008391,0,calibration,99,001,55,f,r
0.5095961999613792,14,-21.0,21.0,20.0,True,0.5083227000432089,-141.99241323653277,-4.420005289618804,399.0421430878255,-27.665285826743663,3.802851695176259,1,1,calibration,2,dot,0.347354013008391,0,calibration,99,001,55,f,r
0.5270925000077114,15,-39.0,9.0,20.0,True,0.5252732000080869,-134.81535929365546,-4.421446257717974,399.2965860235681,-23.71152441162858,2.641532249583658,1,1,calibration,2,dot,0.347354013008391,0,calibration,99,001,55,f,r
0.543317100033164,16,-66.0,-22.0,20.0,True,0.5418478000210598,-127.95545447963208,-4.421953808429155,399.54437398867776,-19.086466776111532,2.640948324622323,1,1,calibration,2,dot,0.347354013008391,0,calibration,99,001,55,f,r
0.5598925000522286,17,-84.0,-48.0,20.0,True,0.5584644000045955,-121.61882229197721,-4.32631714618013,399.79301966675854,-12.866290286436234,2.777498702900758,1,1,calibration,2,dot,0.347354013008391,0,calibration,99,001,55,f,r
0.5765092000365257,18,-95.0,-75.0,20.0,True,0.5751115999883041,-115.73941950455169,-3.9862366112736853,399.9657991208397,-5.230634151624468,1.8670940779529888,1,1,calibration,2,dot,0.347354013008391,0,calibration,99,001,55,f,r
0.5931373999919742,19,-99.0,-102.0,20.0,True,0.5917473000008613,-109.97904885603329,-3.230997199193176,399.9833673395531,3.647718699692269,0.09720706319037653,1,1,calibration,2,dot,0.347354013008391,0,calibration,99,001,55,f,r
0.6096660000039265,20,-106.0,-145.0,20.0,True,0.6083104000426829,-103.29399035216542,-1.7854567388867872,399.80413047650063,12.516279556212401,-2.3870962070008117,1,1,calibration,2,dot,0.347354013008391,0,calibration,99,001,55,f,r
0.6266411000397056,21,-107.0,-173.0,20.0,True,0.6253127000527456,-95.90039138338535,0.3939479660345824,399.4537061172664,20.8982456005432,-4.226584332275369,1,1,calibration,2,dot,0.347354013008391,0,calibration,99,001,55,f,r
0.6432585000293329,22,-107.0,-201.0,20.0,True,0.6418345000129193,-87.89437846665838,3.0244718794916126,398.963477995915,28.77747774567974,-5.752907295408871,1,1,calibration,2,dot,0.347354013008391,0,calibration,99,001,55,f,r
0.6597947999835014,23,-103.0,-239.0,20.0,True,0.6583772000158206,-80.17602539534387,5.7559259131469735,398.2551642900746,37.32055889567673,-7.518901620508807,1,1,calibration,2,dot,0.347354013008391,0,calibration,99,001,55,f,r
0.6770207999506965,24,-92.0,-277.0,20.0,True,0.6754970999900252,-72.08386453112304,8.990387905180086,397.2961185866621,46.43053042958861,-9.05582055211264,1,1,calibration,2,dot,0.347354013008391,0,calibration,99,001,55,f,r
0.6940991999581456,25,-72.0,-307.0,20.0,True,0.6921725999563932,-62.999453612639016,13.452588639639403,396.067600873711,55.95047397603295,-9.960011884171847,1,1,calibration,2,dot,0.347354013008391,0,calibration,99,001,55,f,r
0.7100802999921143,26,-33.0,-337.0,20.0,True,0.7086723999818787,-52.91639697294755,19.80042944119872,394.60990054382796,65.44483472964248,-10.210578806424028,1,1,calibration,2,dot,0.347354013008391,0,calibration,99,001,55,f,r
0.7271279999986291,27,-6.0,-346.0,20.0,True,0.7255221999948844,-42.545172585136854,27.482690357186122,393.0039447369165,74.48422263286858,-10.66316968108395,1,1,calibration,2,dot,0.347354013008391,0,calibration,99,001,55,f,r
0.7434801999479532,28,23.0,-348.0,20.0,True,0.7418999000219628,-32.372805978464825,36.533407110397846,391.3824927312258,82.58174364526351,-10.67026428440299,1,1,calibration,2,dot,0.347354013008391,0,calibration,99,001,55,f,r
0.7600746999960393,29,53.0,-341.0,20.0,True,0.7586961999768391,-22.234167946414132,46.24336516607298,389.78850710382574,89.80489813908153,-14.165677064026053,1,1,calibration,2,dot,0.347354013008391,0,calibration,99,001,55,f,r
0.777586100040935,30,83.0,-324.0,20.0,True,0.7755004999926314,-11.90853069097901,56.31592897687051,388.23139130643233,96.31400108121255,-17.687990545239362,1,1,calibration,2,dot,0.347354013008391,0,calibration,99,001,55,f,r
1.3032082000281662,31,111.0,-301.0,20.0,True,1.3013189999619499,-2.052572546698409,65.77525948282707,386.4362036283949,102.72588233883323,-20.250762414386195,1,1,calibration,2,dot,0.347354013008391,0,calibration,99,001,55,f,r
1.3111755000427365,32,164.0,-33.0,20.0,True,1.3091135000577196,7.436157193437088,75.1593741103822,384.8177734750277,109.15714002172406,-17.637595708086092,1,1,calibration,2,dot,0.347354013008391,0,calibration,99,001,55,f,r
1.3282336000120267,33,164.0,-33.0,20.0,True,1.3260900999885052,16.755788849073635,85.50319580988777,382.9160117724837,115.6517528109935,-11.879868000070628,1,1,calibration,2,dot,0.347354013008391,0,calibration,99,001,55,f,r
1.3443090999498963,34,164.0,-33.0,20.0,True,1.3420737000415102,25.7206777044062,97.52990087893296,380.16318564435807,121.71048101157866,-9.844060144755497,1,1,calibration,2,dot,0.347354013008391,0,calibration,99,001,55,f,r
1.3610699999844655,35,164.0,-33.0,20.0,True,1.3590522999875247,34.406479938113286,111.27734683254751,376.6810999563117,127.49646394625128,-9.779416844588358,1,1,calibration,2,dot,0.347354013008391,0,calibration,99,001,55,f,r
1.377020200015977,36,164.0,-33.0,20.0,True,1.3754871999844909,42.771986631201095,125.94921338418065,372.2071911494946,133.30283689315638,-10.523500105130532,1,1,calibration,2,dot,0.347354013008391,0,calibration,99,001,55,f,r
1.3935004000086337,37,164.0,-33.0,20.0,True,1.3918967000208795,50.50179210359601,140.62579961331124,365.98591315122144,139.80511604277777,-11.468657777653387,1,1,calibration,2,dot,0.347354013008391,0,calibration,99,001,55,f,r
1.4095315999584273,38,164.0,-33.0,20.0,True,1.4082203999860212,56.6587882766011,154.76119748633798,356.58614620376704,148.1217208084063,-12.21382381919167,1,1,calibration,2,dot,0.347354013008391,0,calibration,99,001,55,f,r
1.426942600053735,39,164.0,-33.0,20.0,True,1.4252910000504926,60.749644104538326,167.25720212285748,344.8052906485081,157.42967260292838,-12.451989801636385,1,1,calibration,2,dot,0.347354013008391,0,calibration,99,001,55,f,r
1.4433438000269234,40,164.0,-33.0,18.503698239412117,True,1.4418398999841884,63.14351476203276,177.54801440100007,332.3120497450153,166.8187378142358,-11.033575453711833,1,1,calibration,2,dot,0.347354013008391,0,calibration,99,001,55,f,r
1.4595542999450117,41,164.0,-33.0,11.623409176607817,True,1.4583502999739721,64.3654136104456,185.20768925061913,320.9024909757903,174.72357127688852,-6.562424762663225,1,1,calibration,2,dot,0.347354013008391,0,calibration,99,001,55,f,r
1.476187500054948,42,164.0,-33.0,6.374628882809636,True,1.4749678999651223,64.77407208367478,190.90389734802395,310.635926132854,181.1473844966852,-3.1403204065672936,1,1,calibration,2,dot,0.347354013008391,0,calibration,99,001,55,f,r
1.4928715999703854,43,164.0,-33.0,2.77175565084688,True,1.49153280002065,64.43422658769579,195.22530361484147,300.8403660367226,186.14597756338074,-0.7845782016408348,1,1,calibration,2,dot,0.347354013008391,0,calibration,99,001,55,f,r
1.509492599987425,44,164.0,-33.0,1.3150801540756487,True,1.5082426000153646,63.06892610330249,198.7363816527445,290.82681465810316,187.6740893106585,0.6962409855830941,1,1,calibration,2,dot,0.347354013008391,0,calibration,99,001,55,f,r
1.5261511000571772,45,164.0,-33.0,1.9915811286440024,True,1.5248591999989003,58.796646968795095,201.61057045076595,280.40511317927434,185.99106866456742,1.198422354720322,1,1,calibration,2,dot,0.347354013008391,0,calibration,99,001,55,f,r
1.543072500033304,46,164.0,-33.0,2.5279546951181584,True,1.541789900045842,50.98519753107607,204.2870080902498,269.444936233197,182.6949223381474,1.3024822460891068,1,1,calibration,2,dot,0.347354013008391,0,calibration,99,001,55,f,r
1.5595742999576032,47,164.0,-33.0,2.627689438208672,True,1.5582731000613421,39.4185790372607,206.70763494458322,257.78675657296964,178.48409826653892,1.220361505780437,1,1,calibration,2,dot,0.347354013008391,0,calibration,99,001,55,f,r
1.576407999964431,48,164.0,-33.0,2.4224100922557463,True,1.5750758000649512,25.938544536444034,208.71396360606184,246.0554544455971,173.88846113536522,1.0769267539625025,1,1,calibration,2,dot,0.347354013008391,0,calibration,99,001,55,f,r
1.593732999986969,49,164.0,-33.0,2.049423033167484,True,1.5921910000033677,10.5192136972245,210.60614996380403,234.73488917939198,169.49072947374123,0.8814088648642459,1,1,calibration,2,dot,0.347354013008391,0,calibration,99,001,55,f,r
1.609751099953428,50,164.0,-33.0,1.613525000145742,True,1.6083982000127435,-6.407680691865886,212.17711408587138,224.01482495224138,165.79046907543838,0.6152089865741742,1,1,calibration,2,dot,0.347354013008391,0,calibration,99,001,55,f,r
1.626681699999608,51,164.0,-33.0,1.1853951995812146,True,1.625270999968052,-24.411244079189984,213.86684078169878,213.33369369389388,162.70483901753454,0.41197689396510784,1,1,calibration,2,dot,0.347354013008391,0,calibration,99,001,55,f,r
1.6430712000001222,52,164.0,-33.0,0.807018316577527,True,1.64165869995486,-42.901445967051636,215.1652977127253,202.08462728511157,160.09770903204014,0.2288855027891606,1,1,calibration,2,dot,0.347354013008391,0,calibration,99,001,55,f,r
1.660286400001496,52,164.0,-33.0,0.4987181413621614,False,1.64165869995486,-42.901445967051636,215.1652977127253,202.08462728511157,160.09770903204014,0.0,1,1,calibration,2,dot,0.347354013008391,0,calibration,99,001,55,f,r
1.677462000050582,52,164.0,-33.0,0.2663705347694927,False,1.64165869995486,-42.901445967051636,215.1652977127253,202.08462728511157,160.09770903204014,0.0,1,1,calibration,2,dot,0.347354013008391,0,calibration,99,001,55,f,r
1.6951582999899983,52,164.0,-33.0,0.1109664056007576,False,1.64165869995486,-42.901445967051636,215.1652977127253,202.08462728511157,160.09770903204014,0.0,1,1,calibration,2,dot,0.347354013008391,0,calibration,99,001,55,f,r
1.7106076000491157,52,164.0,-33.0,0.0627822102059245,False,1.64165869995486,-42.901445967051636,215.1652977127253,202.08462728511157,160.09770903204014,0.0,1,1,calibration,2,dot,0.347354013008391,0,calibration,99,001,55,f,r
1.726954499958083,52,164.0,-33.0,0.09740050064236391,False,1.64165869995486,-42.901445967051636,215.1652977127253,202.08462728511157,160.09770903204014,0.0,1,1,calibration,2,dot,0.347354013008391,0,calibration,99,001,55,f,r
1.7427124000387266,52,164.0,-33.0,0.11913151973680164,False,1.64165869995486,-42.901445967051636,215.1652977127253,202.08462728511157,160.09770903204014,0.0,1,1,calibration,2,dot,0.347354013008391,0,calibration,99,001,55,f,r
1.76019359997008,52,164.0,-33.0,0.12124254624462918,False,1.64165869995486,-42.901445967051636,215.1652977127253,202.08462728511157,160.09770903204014,0.0,1,1,calibration,2,dot,0.347354013008391,0,calibration,99,001,55,f,r
1.777185900020413,52,164.0,-33.0,0.11020525363678868,False,1.64165869995486,-42.901445967051636,215.1652977127253,202.08462728511157,160.09770903204014,0.0,1,1,calibration,2,dot,0.347354013008391,0,calibration,99,001,55,f,r
1.7925648000091314,52,164.0,-33.0,0.09220471606950359,False,1.64165869995486,-42.901445967051636,215.1652977127253,202.08462728511157,160.09770903204014,0.0,1,1,calibration,2,dot,0.347354013008391,0,calibration,99,001,55,f,r
1.809487899998203,52,164.0,-33.0,0.0718622900622848,False,1.64165869995486,-42.901445967051636,215.1652977127253,202.08462728511157,160.09770903204014,0.0,1,1,calibration,2,dot,0.347354013008391,0,calibration,99,001,55,f,r
1.8269101999467239,52,164.0,-33.0,0.05224266766740705,False,1.64165869995486,-42.901445967051636,215.1652977127253,202.08462728511157,160.09770903204014,0.0,1,1,calibration,2,dot,0.347354013008391,0,calibration,99,001,55,f,r
1.8433969999896362,52,164.0,-33.0,0.03512518107109933,False,1.64165869995486,-42.901445967051636,215.1652977127253,202.08462728511157,160.09770903204014,0.0,1,1,calibration,2,dot,0.347354013008391,0,calibration,99,001,55,f,r
1.8599202999612316,52,164.0,-33.0,0.021333137580931354,False,1.64165869995486,-42.901445967051636,215.1652977127253,202.08462728511157,160.09770903204014,0.0,1,1,calibration,2,dot,0.347354013008391,0,calibration,99,001,55,f,r
1.8767309000249952,52,164.0,-33.0,0.011070707938748179,False,1.64165869995486,-42.901445967051636,215.1652977127253,202.08462728511157,160.09770903204014,0.0,1,1,calibration,2,dot,0.347354013008391,0,calibration,99,001,55,f,r
1.892864500056021,52,164.0,-33.0,0.00442996488715365,False,1.64165869995486,-42.901445967051636,215.1652977127253,202.08462728511157,160.09770903204014,0.0,1,1,calibration,2,dot,0.347354013008391,0,calibration,99,001,55,f,r
1.9098258999874815,52,164.0,-33.0,0.0030858317757485993,False,1.64165869995486,-42.901445967051636,215.1652977127253,202.08462728511157,160.09770903204014,0.0,1,1,calibration,2,dot,0.347354013008391,0,calibration,99,001,55,f,r
1.9267021999694407,52,164.0,-33.0,0.0047311492076837205,False,1.64165869995486,-42.901445967051636,215.1652977127253,202.08462728511157,160.09770903204014,0.0,1,1,calibration,2,dot,0.347354013008391,0,calibration,99,001,55,f,r
1.9428738000569865,52,164.0,-33.0,0.005592712168697653,False,1.64165869995486,-42.901445967051636,215.1652977127253,202.08462728511157,160.09770903204014,0.0,1,1,calibration,2,dot,0.347354013008391,0,calibration,99,001,55,f,r
1.959924199967645,52,164.0,-33.0,0.005580886300264173,False,1.64165869995486,-42.901445967051636,215.1652977127253,202.08462728511157,160.09770903204014,0.0,1,1,calibration,2,dot,0.347354013008391,0,calibration,99,001,55,f,r
1.9768188999732956,52,164.0,-33.0,0.0050048529696203985,False,1.64165869995486,-42.901445967051636,215.1652977127253,202.08462728511157,160.09770903204014,0.0,1,1,calibration,2,dot,0.347354013008391,0,calibration,99,001,55,f,r
1.9928718999726698,52,164.0,-33.0,0.00414205943668817,False,1.64165869995486,-42.901445967051636,215.1652977127253,202.08462728511157,160.09770903204014,0.0,1,1,calibration,2,dot,0.347354013008391,0,calibration,99,001,55,f,r
2.0094443999696523,52,164.0,-33.0,0.0031958037007871125,False,1.64165869995486,-42.901445967051636,215.1652977127253,202.08462728511157,160.09770903204014,0.0,1,1,calibration,2,dot,0.347354013008391,0,calibration,99,001,55,f,r
2.0260952999815345,52,164.0,-33.0,0.002298605721021856,False,1.64165869995486,-42.901445967051636,215.1652977127253,202.08462728511157,160.09770903204014,0.0,1,1,calibration,2,dot,0.347354013008391,0,calibration,99,001,55,f,r
2.0428176999557763,52,164.0,-33.0,0.0015255310320313436,False,1.64165869995486,-42.901445967051636,215.1652977127253,202.08462728511157,160.09770903204014,0.0,1,1,calibration,2,dot,0.347354013008391,0,calibration,99,001,55,f,r
2.0602391000138596,52,164.0,-33.0,0.0009095591090650468,False,1.64165869995486,-42.901445967051636,215.1652977127253,202.08462728511157,160.09770903204014,0.0,1,1,calibration,2,dot,0.347354013008391,0,calibration,99,001,55,f,r
2.0765643999911845,52,164.0,-33.0,0.0004574085979917323,False,1.64165869995486,-42.901445967051636,215.1652977127253,202.08462728511157,160.09770903204014,0.0,1,1,calibration,2,dot,0.347354013008391,0,calibration,99,001,55,f,r
2.0929169999435544,52,164.0,-33.0,0.00017745257885878773,False,1.64165869995486,-42.901445967051636,215.1652977127253,202.08462728511157,160.09770903204014,0.0,1,1,calibration,2,dot,0.347354013008391,0,calibration,99,001,55,f,r
2.1095636000391096,52,164.0,-33.0,0.0001537530776582177,False,1.64165869995486,-42.901445967051636,215.1652977127253,202.08462728511157,160.09770903204014,0.0,1,1,calibration,2,dot,0.347354013008391,0,calibration,99,001,55,f,r
2.1263559999642894,52,164.0,-33.0,0.0002283526329668403,False,1.64165869995486,-42.901445967051636,215.1652977127253,202.08462728511157,160.09770903204014,0.0,1,1,calibration,2,dot,0.347354013008391,0,calibration,99,001,55,f,r
2.1428342999424785,52,164.0,-33.0,0.00026162965533753363,False,1.64165869995486,-42.901445967051636,215.1652977127253,202.08462728511157,160.09770903204014,0.0,1,1,calibration,2,dot,0.347354013008391,0,calibration,99,001,55,f,r
2.1594650000333786,52,164.0,-33.0,0.0002563144358638577,False,1.64165869995486,-42.901445967051636,215.1652977127253,202.08462728511157,160.09770903204014,0.0,1,1,calibration,2,dot,0.347354013008391,0,calibration,99,001,55,f,r
2.1765852000098675,52,164.0,-33.0,0.00022690187342811431,False,1.64165869995486,-42.901445967051636,215.1652977127253,202.08462728511157,160.09770903204014,0.0,1,1,calibration,2,dot,0.347354013008391,0,calibration,99,001,55,f,r
2.192581200040877,52,164.0,-33.0,0.00018579254147538913,False,1.64165869995486,-42.901445967051636,215.1652977127253,202.08462728511157,160.09770903204014,0.0,1,1,calibration,2,dot,0.347354013008391,0,calibration,99,001,55,f,r
2.209851299994625,52,164.0,-33.0,0.00014190820887403672,False,1.64165869995486,-42.901445967051636,215.1652977127253,202.08462728511157,160.09770903204014,0.0,1,1,calibration,2,dot,0.347354013008391,0,calibration,99,001,55,f,r
2.226544799981639,52,164.0,-33.0,0.00010096248269407602,False,1.64165869995486,-42.901445967051636,215.1652977127253,202.08462728511157,160.09770903204014,0.0,1,1,calibration,2,dot,0.347354013008391,0,calibration,99,001,55,f,r
2.243021999951452,52,164.0,-33.0,6.610619358236774e-05,False,1.64165869995486,-42.901445967051636,215.1652977127253,202.08462728511157,160.09770903204014,0.0,1,1,calibration,2,dot,0.347354013008391,0,calibration,99,001,55,f,r
2.259577800054103,52,164.0,-33.0,3.864278132362433e-05,False,1.64165869995486,-42.901445967051636,215.1652977127253,202.08462728511157,160.09770903204014,0.0,1,1,calibration,2,dot,0.347354013008391,0,calibration,99,001,55,f,r
2.2766895999666303,52,164.0,-33.0,1.877821488828233e-05,False,1.64165869995486,-42.901445967051636,215.1652977127253,202.08462728511157,160.09770903204014,0.0,1,1,calibration,2,dot,0.347354013008391,0,calibration,99,001,55,f,r
2.293065599980764,52,161.0,-39.0,0.17773637198609807,False,1.64165869995486,-42.901445967051636,215.1652977127253,202.08462728511157,160.09770903204014,0.0,1,1,calibration,2,dot,0.347354013008391,0,calibration,99,001,55,f,r
2.3098781999433413,53,143.0,-112.0,2.600746479962377,True,1.6582709999056533,-61.0090425160932,216.24024289294812,189.50103762770544,157.89430899135326,0.5668038838243608,1,1,calibration,2,dot,0.347354013008391,0,calibration,99,001,55,f,r
2.326916499994695,54,141.0,-153.0,8.990679329210565,True,1.6749059999128804,-78.10562185476023,216.9322006516453,175.9778787894319,155.9772587443619,1.5581269223870817,1,1,calibration,2,dot,0.347354013008391,0,calibration,99,001,55,f,r
2.343008999945596,55,146.0,-251.0,18.503575189894015,True,1.691521899891086,-92.66081020660076,217.33334620368635,161.25527313941126,154.5225031479423,2.2792704366798184,1,1,calibration,2,dot,0.347354013008391,0,calibration,99,001,55,f,r
2.3596376000205055,56,153.0,-286.0,20.0,True,1.7082264999626204,-104.35596556244123,216.35575984572137,145.6294511455914,153.7050734285507,-0.6131434073565262,1,1,calibration,2,dot,0.347354013008391,0,calibration,99,001,55,f,r
2.3764401000225917,57,190.0,-402.0,20.0,True,1.7249721998814493,-113.69785066582722,213.29881852849368,128.11716064518134,154.25055520112778,-6.809164310418448,1,1,calibration,2,dot,0.347354013008391,0,calibration,99,001,55,f,r
2.3928362999577075,58,253.0,-462.0,20.0,True,1.7413831999292597,-122.04145438745645,207.75751900677346,108.17522248317856,155.95418629203928,-12.975805053577496,1,1,calibration,2,dot,0.347354013008391,0,calibration,99,001,55,f,r
2.4095833000028506,59,333.0,-510.0,20.0,True,1.7580451999092475,-130.6714368984039,200.0372278459984,86.20409088623292,159.06308406062064,-16.80665515734796,1,1,calibration,2,dot,0.347354013008391,0,calibration,99,001,55,f,r
2.4260984000284225,60,423.0,-525.0,20.0,True,1.774689199985005,-140.67858680867812,190.2384319369521,63.604522470981905,163.6201158191492,-18.63653904183302,1,1,calibration,2,dot,0.347354013008391,0,calibration,99,001,55,f,r
2.442794800037518,61,498.0,-523.0,20.0,True,1.791378999943845,-151.51894722070307,177.82013372574556,42.83187078458073,170.65168429788946,-21.203927861868692,1,1,calibration,2,dot,0.347354013008391,0,calibration,99,001,55,f,r
2.4596081000054255,62,557.0,-514.0,20.0,True,1.808183899964206,-161.85883716437894,164.29823447547625,25.33395396388508,180.80417115928563,-22.22414131807524,1,1,calibration,2,dot,0.347354013008391,0,calibration,99,001,55,f,r
2.4763436999637634,63,627.0,-466.0,20.0,True,1.8248793999664485,-170.52373435211499,150.35271981487367,12.286187732396085,195.6155853998154,-20.194718061621447,1,1,calibration,2,dot,0.347354013008391,0,calibration,99,001,55,f,r
2.4928340000333264,64,670.0,-413.0,20.0,True,1.841410799883306,-176.76937929889687,137.30543317242777,3.795024005172097,212.58224404787805,-13.11060275204635,1,1,calibration,2,dot,0.347354013008391,0,calibration,99,001,55,f,r
2.5096907999832183,65,707.0,-336.0,20.0,True,1.8580641999142244,-181.03516542708388,124.6860100713181,-1.0989516816482334,229.57946196907076,-2.9348209346766074,1,1,calibration,2,dot,0.347354013008391,0,calibration,99,001,55,f,r
2.5264405000489205,66,740.0,-237.0,20.0,True,1.874787199893035,-183.32741244080492,113.19718543040472,-4.049613408005225,244.0932157532421,7.72857425426423,1,1,calibration,2,dot,0.347354013008391,0,calibration,99,001,55,f,r
2.542938599945046,67,752.0,-147.0,20.0,True,1.8914906999561936,-184.4811731641249,102.97094412631841,-6.3728149345360805,256.8541474149519,18.138231070106198,1,1,calibration,2,dot,0.347354013008391,0,calibration,99,001,55,f,r
2.559458400006406,68,744.0,-70.0,20.0,True,1.90805449988693,-184.6678394288707,92.49764723891415,-8.84161995681984,268.9612297926101,25.372011576777155,1,1,calibration,2,dot,0.347354013008391,0,calibration,99,001,55,f,r
2.5762021000264212,69,719.0,-2.0,20.0,True,1.9248182999435812,-184.4022977817288,80.93775442074804,-12.098270861777715,281.001324341236,30.353494476241764,1,1,calibration,2,dot,0.347354013008391,0,calibration,99,001,55,f,r
2.5929650999605656,70,653.0,73.0,20.0,True,1.941564099979587,-183.7641085004024,67.36030352089665,-16.322757964535416,293.2300003239114,34.12846530740287,1,1,calibration,2,dot,0.347354013008391,0,calibration,99,001,55,f,r
2.609475899953395,71,589.0,128.0,20.0,True,1.958068099920638,-183.24006241622632,52.845072338644925,-22.026864540533637,305.46408698708876,36.79904631427129,1,1,calibration,2,dot,0.347354013008391,0,calibration,99,001,55,f,r
2.626090200035833,72,511.0,183.0,20.0,True,1.9746941999765113,-182.80488042487588,37.3804013825516,-29.562540185364863,317.5780979393318,38.01601147838617,1,1,calibration,2,dot,0.347354013008391,0,calibration,99,001,55,f,r
2.64275630004704,73,416.0,217.0,20.0,True,1.9913520999252796,-182.60221355552545,22.3215176969725,-39.23375955875472,329.1198335516556,37.68161869931932,1,1,calibration,2,dot,0.347354013008391,0,calibration,99,001,55,f,r
2.659330500056967,74,297.0,236.0,20.0,True,2.0079773999750614,-182.0421347799111,7.935537583838073,-50.64521121607874,339.1738832204882,36.45054315901257,1,1,calibration,2,dot,0.347354013008391,0,calibration,99,001,55,f,r
2.675962800043635,75,178.0,241.0,20.0,True,2.024627499980852,-181.0775735025651,-4.863156357535752,-64.23457604133515,347.11077153296065,34.372246487224004,1,1,calibration,2,dot,0.347354013008391,0,calibration,99,001,55,f,r
2.6927186000393704,76,34.0,236.0,20.0,True,2.041389799909666,-179.34067599846574,-16.261056470272983,-79.20693090368255,352.68281047834324,32.60881668275141,1,1,calibration,2,dot,0.347354013008391,0,calibration,99,001,55,f,r
2.7095012000063434,77,-164.0,162.0,20.0,True,2.058143699890934,-177.30312229214655,-26.808000114536856,-95.08103190824005,356.15114361710766,30.152629559700145,1,1,calibration,2,dot,0.347354013008391,0,calibration,99,001,55,f,r
2.7261876000557095,78,-273.0,95.0,20.0,True,2.0748133999295533,-174.48356657886652,-37.559862953384346,-109.71138210258539,357.84401461559946,27.998271923674803,1,1,calibration,2,dot,0.347354013008391,0,calibration,99,001,55,f,r
2.742716299952008,79,-339.0,31.0,20.0,True,2.0913307999726385,-170.87169590642048,-49.82540756527122,-121.88946506621194,358.1619186182993,25.378165341143244,1,1,calibration,2,dot,0.347354013008391,0,calibration,99,001,55,f,r
2.759340099990368,80,-387.0,-53.0,20.0,True,2.1079686998855323,-166.30390246268104,-63.29239259820182,-130.8369689667325,357.53635698472823,23.210239982846144,1,1,calibration,2,dot,0.347354013008391,0,calibration,99,001,55,f,r
2.776678800000809,81,-418.0,-129.0,20.0,True,2.124895199900493,-161.744888278738,-76.6435075069811,-136.84538727911857,356.11640174091093,20.34724512431947,1,1,calibration,2,dot,0.347354013008391,0,calibration,99,001,55,f,r
2.792655299999751,82,-432.0,-237.0,20.0,True,2.141299399896525,-157.92832191328608,-88.31375386003236,-141.0760195017047,353.8667478110669,16.928710588414603,1,1,calibration,2,dot,0.347354013008391,0,calibration,99,001,55,f,r
2.809740799944848,83,-402.0,-335.0,20.0,True,2.1582562999101356,-155.28600687880444,-98.01366899501825,-144.49194363889816,350.32665095496515,12.092104056823043,1,1,calibration,2,dot,0.347354013008391,0,calibration,99,001,55,f,r
2.826761699980125,84,-329.0,-427.0,20.0,True,2.1750839999876916,-153.23755872906213,-106.55593286422268,-147.71602152121253,345.0210594251878,7.541184969246164,1,1,calibration,2,dot,0.347354013008391,0,calibration,99,001,55,f,r
2.842926900018938,85,-233.0,-500.0,20.0,True,2.1914861999684945,-151.5293547201317,-115.36593130149774,-150.39825278739625,337.8677046699251,3.2103724476519124,1,1,calibration,2,dot,0.347354013008391,0,calibration,99,001,55,f,r
2.8595378999598324,86,-104.0,-554.0,20.0,True,2.208094999892637,-149.96671430671606,-124.97910902405575,-152.1973091327879,329.2035800698846,0.1871460046013107,1,1,calibration,2,dot,0.347354013008391,0,calibration,99,001,55,f,r
2.8763447999954224,87,40.0,-583.0,20.0,True,2.2248898999532685,-148.55613172834995,-136.26088824960647,-152.31003221431294,318.15875647039474,-0.6587954009193631,1,1,calibration,2,dot,0.347354013008391,0,calibration,99,001,55,f,r
2.892782700015232,88,192.0,-592.0,20.0,True,2.241361499996856,-146.7399167707089,-149.17069533081923,-150.39517347246414,304.8396268036438,0.028373166063999644,1,1,calibration,2,dot,0.347354013008391,0,calibration,99,001,55,f,r
2.9093654999742284,89,388.0,-571.0,20.0,True,2.2579803998814896,-144.30670016652022,-162.95493057480982,-146.15699619645525,289.4372259610775,1.1925780429291932,1,1,calibration,2,dot,0.347354013008391,0,calibration,99,001,55,f,r
2.9262192000169307,90,506.0,-538.0,20.0,True,2.2748292998876423,-141.37089702853314,-176.62706462156578,-140.24076947486625,273.5514934479805,2.190614482899358,1,1,calibration,2,dot,0.347354013008391,0,calibration,99,001,55,f,r
2.9429141000146046,91,621.0,-473.0,20.0,True,2.291429299977608,-137.81860162272235,-189.6014433542088,-132.60808104755054,257.8924213584505,3.0592995098908817,1,1,calibration,2,dot,0.347354013008391,0,calibration,99,001,55,f,r
2.9594400000059977,92,688.0,-396.0,20.0,True,2.3080267999321222,-133.38752684273499,-203.54131301112142,-123.27902210137722,243.27651406062628,4.502857196322282,1,1,calibration,2,dot,0.347354013008391,0,calibration,99,001,55,f,r
2.976284599979408,93,730.0,-321.0,20.0,True,2.3247000998817384,-128.13301807620525,-218.15686049574342,-111.71879402704705,229.61390992463558,6.3976927743859955,1,1,calibration,2,dot,0.347354013008391,0,calibration,99,001,55,f,r
2.992978399968706,94,752.0,-254.0,20.0,True,2.3414562998805195,-122.48713517326955,-233.07644642090673,-99.0292782699321,217.3731418210119,8.231843250846966,1,1,calibration,2,dot,0.347354013008391,0,calibration,99,001,55,f,r
3.0095662999665365,95,748.0,-194.0,20.0,True,2.358163999975659,-116.20456213750236,-247.54106635618868,-85.66521951283367,206.38354045993935,9.087051594077797,1,1,calibration,2,dot,0.347354013008391,0,calibration,99,001,55,f,r
3.0260811999905854,96,705.0,-92.0,20.0,True,2.3747076999861747,-108.3536114023743,-261.9258022009445,-72.7015353877052,196.84284153397374,8.603352696198456,1,1,calibration,2,dot,0.347354013008391,0,calibration,99,001,55,f,r
3.0427562999539077,97,658.0,-35.0,20.0,True,2.3913493999280035,-98.91810166291003,-276.10681952045616,-60.41525950336897,188.27696367063052,7.42872997609199,1,1,calibration,2,dot,0.347354013008391,0,calibration,99,001,55,f,r
3.0596159000415355,98,612.0,8.0,20.0,True,2.4081730999751016,-88.81668585738942,-289.223234063688,-49.462984507137676,180.29882518549576,5.315322674771967,1,1,calibration,2,dot,0.347354013008391,0,calibration,99,001,55,f,r
3.076242099981755,99,529.0,54.0,20.0,True,2.4247639999957755,-78.55575579321453,-301.19348769249365,-39.80595975991176,172.21981367242867,2.5519208934161997,1,1,calibration,2,dot,0.347354013008391,0,calibration,99,001,55,f,r
3.0928201000206172,100,412.0,104.0,20.0,True,2.441438299953006,-68.0620764166573,-312.41624511795806,-32.05311112595414,163.10107195752582,-0.43846456807292045,1,1,calibration,2,dot,0.347354013008391,0,calibration,99,001,55,f,r
3.1094812999945134,101,294.0,120.0,20.0,True,2.458053599926643,-56.39758649529,-323.0206660534749,-26.812687446916723,152.14044234699102,-0.5710279290306364,1,1,calibration,2,dot,0.347354013008391,0,calibration,99,001,55,f,r
3.1265851999633014,102,101.0,121.0,20.0,True,2.4750853999285027,-44.201258173517175,-332.28336223264887,-23.871502384535933,140.172740686497,3.5241034694401985,1,1,calibration,2,dot,0.347354013008391,0,calibration,99,001,55,f,r
3.1429561000550166,103,-41.0,101.0,20.0,True,2.4914551998954266,-31.98600536440443,-339.89324387639834,-22.551428601877074,127.01048640579711,8.939193791253906,1,1,calibration,2,dot,0.347354013008391,0,calibration,99,001,55,f,r
3.1596577999880537,104,-186.0,45.0,20.0,True,2.508125399937853,-19.893387722656435,-345.6340338375026,-22.18615180567833,113.1034926690465,13.530524574475873,1,1,calibration,2,dot,0.347354013008391,0,calibration,99,001,55,f,r
3.1766062000533566,105,-314.0,-31.0,20.0,True,2.5250570999924093,-8.348618873938936,-349.69600081164606,-22.49873402541521,99.01401041415293,17.475603396443216,1,1,calibration,2,dot,0.347354013008391,0,calibration,99,001,55,f,r
3.1930556000443175,106,-399.0,-85.0,20.0,True,2.5414600999793038,2.8076026529540474,-352.103117034387,-23.20415933721026,85.38626107619613,20.89934451415929,1,1,calibration,2,dot,0.347354013008391,0,calibration,99,001,55,f,r
3.209587899968028,107,-477.0,-126.0,20.0,True,2.558122199960053,12.73450814725015,-353.14269326870453,-24.381180841553455,72.99894698541658,24.100272308189034,1,1,calibration,2,dot,0.347354013008391,0,calibration,99,001,55,f,r
3.226499899988994,108,-505.0,-151.0,20.0,True,2.57500769989565,22.204118030892083,-353.5459620619872,-26.28239680729853,62.23610092876474,27.28363609446636,1,1,calibration,2,dot,0.347354013008391,0,calibration,99,001,55,f,r
3.2427889000391588,109,-515.0,-160.0,20.0,True,2.5913808998884633,31.412452503582898,-353.02428493027793,-28.683595384892072,53.141184538870576,30.253353129726854,1,1,calibration,2,dot,0.347354013008391,0,calibration,99,001,55,f,r
3.259543600026518,110,-529.0,-172.0,20.0,True,2.608080399921164,40.12583640350339,-351.46353937645597,-32.10216407203578,45.07817854108837,33.77433165451172,1,1,calibration,2,dot,0.347354013008391,0,calibration,99,001,55,f,r
3.276778999948874,111,-529.0,-173.0,20.0,True,2.6251445999369025,48.10621203030053,-348.0546431419963,-36.585817464235454,37.73272757240406,36.836358183378536,1,1,calibration,2,dot,0.347354013008391,0,calibration,99,001,55,f,r
3.292897699982859,112,-529.0,-173.0,20.0,True,2.641454399912618,54.75993017324164,-343.3187390332407,-42.84165103379383,30.66621175478442,38.84797025017382,1,1,calibration,2,dot,0.347354013008391,0,calibration,99,001,55,f,r
3.310574800008908,113,-529.0,-173.0,20.0,True,2.658743199892342,60.160407594941,-337.69490629914753,-50.886414082330155,23.792298529982705,39.40943748838811,1,1,calibration,2,dot,0.347354013008391,0,calibration,99,001,55,f,r
3.326632900047116,114,-529.0,-173.0,20.0,True,2.6748925999272615,64.00631917009504,-331.77141831969243,-60.91161567099569,16.898869074392273,38.96587274706991,1,1,calibration,2,dot,0.347354013008391,0,calibration,99,001,55,f,r
3.3429885000223294,115,-529.0,-173.0,18.16306970906988,True,2.6914787999121472,66.41424174852344,-325.362015169569,-72.48045802265682,9.82093308546633,34.28977756988237,1,1,calibration,2,dot,0.347354013008391,0,calibration,99,001,55,f,r
3.359737899969332,116,-529.0,-173.0,9.396425399308702,True,2.708210999961011,67.66101525114472,-317.1732953847817,-84.58362618999975,2.543160516410773,16.909708303473373,1,1,calibration,2,dot,0.347354013008391,0,calibration,99,001,55,f,r
3.3776541999541223,117,-529.0,-173.0,4.581965748423661,True,2.725902499980293,68.17818609709646,-307.5608907760098,-95.42159587026933,-5.482257673615416,6.3946988707218955,1,1,calibration,2,dot,0.347354013008391,0,calibration,99,001,55,f,r
3.3928419000003487,118,-529.0,-173.0,4.292200052215471,True,2.7414215999888256,68.3753559171864,-296.8109369416067,-105.59189174640827,-11.803080595429684,-0.7567663857881629,1,1,calibration,2,dot,0.347354013008391,0,calibration,99,001,55,f,r
3.4099236000329256,119,-529.0,-173.0,5.316655543733057,True,2.758445499930531,68.35178241164604,-286.68476833926417,-115.56423738331875,-13.860039635871399,-5.305527209356599,1,1,calibration,2,dot,0.347354013008391,0,calibration,99,001,55,f,r
3.426304699969478,120,-529.0,-173.0,5.701907240607514,True,2.77484399988316,67.65431046457992,-276.8854951129759,-124.59607842377125,-13.335148754028673,-6.275300917905776,1,1,calibration,2,dot,0.347354013008391,0,calibration,99,001,55,f,r
3.4429742000065744,121,-529.0,-173.0,5.416691180729832,True,2.791504199965857,65.64349693373637,-267.5097942193929,-132.106513167555,-11.866775246351052,-5.299583293028537,1,1,calibration,2,dot,0.347354013008391,0,calibration,99,001,55,f,r
3.459738399949856,122,-529.0,-173.0,4.708254343429772,True,2.8082463999744505,62.09518389636303,-258.72743522196697,-137.65577690126534,-9.811700262683743,-3.5006221058410314,1,1,calibration,2,dot,0.347354013008391,0,calibration,99,001,55,f,r
3.4763414999470115,123,-529.0,-173.0,3.8061099634397704,True,2.8248522999929264,57.697365093889445,-251.77480336210976,-141.248914687604,-7.551589052015563,-1.5943034151183968,1,1,calibration,2,dot,0.347354013008391,0,calibration,99,001,55,f,r
3.492990299942903,124,-529.0,-173.0,2.877929051438889,True,2.841493899933994,53.61064771768042,-246.7451369689167,-143.44378082641634,-4.893640850860847,-0.022544968077648345,1,1,calibration,2,dot,0.347354013008391,0,calibration,99,001,55,f,r
3.5096626000013202,125,-529.0,-173.0,2.0303862032527715,True,2.858129799948074,50.42520616108663,-243.2199103669985,-144.57350288146907,-1.1136051558302653,0.89121470956991,1,1,calibration,2,dot,0.347354013008391,0,calibration,99,001,55,f,r
3.526536099961959,126,-529.0,-173.0,1.320949720933413,True,2.87490119994618,48.09694899493557,-240.387518067615,-144.71709735926294,4.8902699863761985,0.8112179853105517,1,1,calibration,2,dot,0.347354013008391,0,calibration,99,001,55,f,r
3.5432342999847606,127,-529.0,-173.0,0.772459320160043,True,2.8916135999606922,46.17705393615496,-238.11831869135602,-143.79528104162063,14.207910644586454,0.5146410065994003,1,1,calibration,2,dot,0.347354013008391,0,calibration,99,001,55,f,r
3.5594101999886334,127,-529.0,-173.0,0.390623310270392,False,2.8916135999606922,46.17705393615496,-238.11831869135602,-143.79528104162063,14.207910644586454,0.0,1,1,calibration,2,dot,0.347354013008391,0,calibration,99,001,55,f,r
3.576400200021453,127,-529.0,-173.0,0.19867441188227083,False,2.8916135999606922,46.17705393615496,-238.11831869135602,-143.79528104162063,14.207910644586454,0.0,1,1,calibration,2,dot,0.347354013008391,0,calibration,99,001,55,f,r
3.592678499990143,127,-529.0,-173.0,0.20647309958646545,False,2.8916135999606922,46.17705393615496,-238.11831869135602,-143.79528104162063,14.207910644586454,0.0,1,1,calibration,2,dot,0.347354013008391,0,calibration,99,001,55,f,r
3.609400099958293,127,-529.0,-173.0,0.251571101472693,False,2.8916135999606922,46.17705393615496,-238.11831869135602,-143.79528104162063,14.207910644586454,0.0,1,1,calibration,2,dot,0.347354013008391,0,calibration,99,001,55,f,r
3.6260562000097707,127,-529.0,-173.0,0.2643152767503942,False,2.8916135999606922,46.17705393615496,-238.11831869135602,-143.79528104162063,14.207910644586454,0.0,1,1,calibration,2,dot,0.347354013008391,0,calibration,99,001,55,f,r
3.6428481000475585,127,-529.0,-173.0,0.24744325297110872,False,2.8916135999606922,46.17705393615496,-238.11831869135602,-143.79528104162063,14.207910644586454,0.0,1,1,calibration,2,dot,0.347354013008391,0,calibration,99,001,55,f,r
3.6594685999443755,127,-529.0,-173.0,0.21264613665453647,False,2.8916135999606922,46.17705393615496,-238.11831869135602,-143.79528104162063,14.207910644586454,0.0,1,1,calibration,2,dot,0.347354013008391,0,calibration,99,001,55,f,r
3.676282300031744,127,-529.0,-173.0,0.17019451357381718,False,2.8916135999606922,46.17705393615496,-238.11831869135602,-143.79528104162063,14.207910644586454,0.0,1,1,calibration,2,dot,0.347354013008391,0,calibration,99,001,55,f,r
3.692701500025578,127,-529.0,-173.0,0.12742963645960861,False,2.8916135999606922,46.17705393615496,-238.11831869135602,-143.79528104162063,14.207910644586454,0.0,1,1,calibration,2,dot,0.347354013008391,0,calibration,99,001,55,f,r
3.7095177000155672,127,-529.0,-173.0,0.08892595524622973,False,2.8916135999606922,46.17705393615496,-238.11831869135602,-143.79528104162063,14.207910644586454,0.0,1,1,calibration,2,dot,0.347354013008391,0,calibration,99,001,55,f,r
3.726254199980758,127,-529.0,-173.0,0.057069822595197044,False,2.8916135999606922,46.17705393615496,-238.11831869135602,-143.79528104162063,14.207910644586454,0.0,1,1,calibration,2,dot,0.347354013008391,0,calibration,99,001,55,f,r
3.742858999990858,127,-529.0,-173.0,0.03274633190365122,False,2.8916135999606922,46.17705393615496,-238.11831869135602,-143.79528104162063,14.207910644586454,0.0,1,1,calibration,2,dot,0.347354013008391,0,calibration,99,001,55,f,r
3.759603700018488,127,-529.0,-173.0,0.016203613300160784,False,2.8916135999606922,46.17705393615496,-238.11831869135602,-143.79528104162063,14.207910644586454,0.0,1,1,calibration,2,dot,0.347354013008391,0,calibration,99,001,55,f,r
3.7770714999642223,127,-529.0,-173.0,0.008810150017020476,False,2.8916135999606922,46.17705393615496,-238.11831869135602,-143.79528104162063,14.207910644586454,0.0,1,1,calibration,2,dot,0.347354013008391,0,calibration,99,001,55,f,r
3.792842000024393,127,-529.0,-173.0,0.009936663362427933,False,2.8916135999606922,46.17705393615496,-238.11831869135602,-143.79528104162063,14.207910644586454,0.0,1,1,calibration,2,dot,0.347354013008391,0,calibration,99,001,55,f,r
3.809790499974042,127,-529.0,-173.0,0.01186281531908882,False,2.8916135999606922,46.17705393615496,-238.11831869135602,-143.79528104162063,14.207910644586454,0.0,1,1,calibration,2,dot,0.347354013008391,0,calibration,99,001,55,f,r
3.8262439999962226,127,-529.0,-173.0,0.012222406466705105,False,2.8916135999606922,46.17705393615496,-238.11831869135602,-143.79528104162063,14.207910644586454,0.0,1,1,calibration,2,dot,0.347354013008391,0,calibration,99,001,55,f,r
3.8427810999564826,127,-529.0,-173.0,0.011283017361177287,False,2.8916135999606922,46.17705393615496,-238.11831869135602,-143.79528104162063,14.207910644586454,0.0,1,1,calibration,2,dot,0.347354013008391,0,calibration,99,001,55,f,r
3.8593351000454277,127,-529.0,-173.0,0.009589467343580531,False,2.8916135999606922,46.17705393615496,-238.11831869135602,-143.79528104162063,14.207910644586454,0.0,1,1,calibration,2,dot,0.347354013008391,0,calibration,99,001,55,f,r
3.876056000008248,127,-529.0,-173.0,0.007599579697628716,False,2.8916135999606922,46.17705393615496,-238.11831869135602,-143.79528104162063,14.207910644586454,0.0,1,1,calibration,2,dot,0.347354013008391,0,calibration,99,001,55,f,r
3.892780900001526,127,-529.0,-173.0,0.005633872966692972,False,2.8916135999606922,46.17705393615496,-238.11831869135602,-143.79528104162063,14.207910644586454,0.0,1,1,calibration,2,dot,0.347354013008391,0,calibration,99,001,55,f,r
3.909481600043364,127,-529.0,-173.0,0.0038877926819955865,False,2.8916135999606922,46.17705393615496,-238.11831869135602,-143.79528104162063,14.207910644586454,0.0,1,1,calibration,2,dot,0.347354013008391,0,calibration,99,001,55,f,r
3.9262580999638885,127,-529.0,-173.0,0.0024597537127338696,False,2.8916135999606922,46.17705393615496,-238.11831869135602,-143.79528104162063,14.207910644586454,0.0,1,1,calibration,2,dot,0.347354013008391,0,calibration,99,001,55,f,r
3.942748500034213,127,-529.0,-173.0,0.0013835267194151296,False,2.8916135999606922,46.17705393615496,-238.11831869135602,-143.79528104162063,14.207910644586454,0.0,1,1,calibration,2,dot,0.347354013008391,0,calibration,99,001,55,f,r
3.9596221999963745,127,-529.0,-173.0,0.000671619790955201,False,2.8916135999606922,46.17705393615496,-238.11831869135602,-143.79528104162063,14.207910644586454,0.0,1,1,calibration,2,dot,0.347354013008391,0,calibration,99,001,55,f,r
3.976119099999778,127,-529.0,-173.0,0.0003999587474189247,False,2.8916135999606922,46.17705393615496,-238.11831869135602,-143.79528104162063,14.207910644586454,0.0,1,1,calibration,2,dot,0.347354013008391,0,calibration,99,001,55,f,r
3.993041899986565,127,-529.0,-173.0,0.00047753394333991506,False,2.8916135999606922,46.17705393615496,-238.11831869135602,-143.79528104162063,14.207910644586454,0.0,1,1,calibration,2,dot,0.347354013008391,0,calibration,99,001,55,f,r
4.009482400026172,127,-529.0,-173.0,0.0005575402939344477,False,2.8916135999606922,46.17705393615496,-238.11831869135602,-143.79528104162063,14.207910644586454,0.0,1,1,calibration,2,dot,0.347354013008391,0,calibration,99,001,55,f,r
4.026474999962375,127,-529.0,-173.0,0.0005638661737122423,False,2.8916135999606922,46.17705393615496,-238.11831869135602,-143.79528104162063,14.207910644586454,0.0,1,1,calibration,2,dot,0.347354013008391,0,calibration,99,001,55,f,r
4.042928599985316,127,-529.0,-173.0,0.0005135818107038665,False,2.8916135999606922,46.17705393615496,-238.11831869135602,-143.79528104162063,14.207910644586454,0.0,1,1,calibration,2,dot,0.347354013008391,0,calibration,99,001,55,f,r
4.0594746000133455,127,-529.0,-173.0,0.0004317991136072819,False,2.8916135999606922,46.17705393615496,-238.11831869135602,-143.79528104162063,14.207910644586454,0.0,1,1,calibration,2,dot,0.347354013008391,0,calibration,99,001,55,f,r
4.07619719998911,127,-529.0,-173.0,0.00033885436377610335,False,2.8916135999606922,46.17705393615496,-238.11831869135602,-143.79528104162063,14.207910644586454,0.0,1,1,calibration,2,dot,0.347354013008391,0,calibration,99,001,55,f,r
4.092716600047424,127,-529.0,-173.0,0.0002487014421147012,False,2.8916135999606922,46.17705393615496,-238.11831869135602,-143.79528104162063,14.207910644586454,0.0,1,1,calibration,2,dot,0.347354013008391,0,calibration,99,001,55,f,r
4.1095647000474855,127,-529.0,-173.0,0.00016965806999215226,False,2.8916135999606922,46.17705393615496,-238.11831869135602,-143.79528104162063,14.207910644586454,0.0,1,1,calibration,2,dot,0.347354013008391,0,calibration,99,001,55,f,r
4.126107300049625,127,-529.0,-173.0,0.00010575168701233082,False,2.8916135999606922,46.17705393615496,-238.11831869135602,-143.79528104162063,14.207910644586454,0.0,1,1,calibration,2,dot,0.347354013008391,0,calibration,99,001,55,f,r
4.142728099948727,127,-529.0,-173.0,5.825046081722924e-05,False,2.8916135999606922,46.17705393615496,-238.11831869135602,-143.79528104162063,14.207910644586454,0.0,1,1,calibration,2,dot,0.347354013008391,0,calibration,99,001,55,f,r
4.159500599955209,127,-529.0,-173.0,2.7877600311405055e-05,False,2.8916135999606922,46.17705393615496,-238.11831869135602,-143.79528104162063,14.207910644586454,0.0,1,1,calibration,2,dot,0.347354013008391,0,calibration,99,001,55,f,r
4.176409399951808,127,-529.0,-173.0,1.854657309224491e-05,False,2.8916135999606922,46.17705393615496,-238.11831869135602,-143.79528104162063,14.207910644586454,0.0,1,1,calibration,2,dot,0.347354013008391,0,calibration,99,001,55,f,r
4.192688400042243,127,-529.0,-173.0,2.2891082677408405e-05,False,2.8916135999606922,46.17705393615496,-238.11831869135602,-143.79528104162063,14.207910644586454,0.0,1,1,calibration,2,dot,0.347354013008391,0,calibration,99,001,55,f,r
4.209451999980956,127,-529.0,-173.0,2.6121105151725715e-05,False,2.8916135999606922,46.17705393615496,-238.11831869135602,-143.79528104162063,14.207910644586454,0.0,1,1,calibration,2,dot,0.347354013008391,0,calibration,99,001,55,f,r
4.226099399966188,127,-529.0,-173.0,2.5955432720820054e-05,False,2.8916135999606922,46.17705393615496,-238.11831869135602,-143.79528104162063,14.207910644586454,0.0,1,1,calibration,2,dot,0.347354013008391,0,calibration,99,001,55,f,r
4.242694800021127,127,-529.0,-173.0,2.333740452390255e-05,False,2.8916135999606922,46.17705393615496,-238.11831869135602,-143.79528104162063,14.207910644586454,0.0,1,1,calibration,2,dot,0.347354013008391,0,calibration,99,001,55,f,r
4.259573900024407,127,-529.0,-173.0,1.9414595524558212e-05,False,2.8916135999606922,46.17705393615496,-238.11831869135602,-143.79528104162063,14.207910644586454,0.0,1,1,calibration,2,dot,0.347354013008391,0,calibration,99,001,55,f,r
4.276112199993804,127,-529.0,-173.0,1.5087393962641025e-05,False,2.8916135999606922,46.17705393615496,-238.11831869135602,-143.79528104162063,14.207910644586454,0.0,1,1,calibration,2,dot,0.347354013008391,0,calibration,99,001,55,f,r
4.293016499956138,127,-529.0,-173.0,1.0961517077715315e-05,False,2.8916135999606922,46.17705393615496,-238.11831869135602,-143.79528104162063,14.207910644586454,0.0,1,1,calibration,2,dot,0.347354013008391,0,calibration,99,001,55,f,r
4.309691100032069,127,-529.0,-173.0,7.389445340958769e-06,False,2.8916135999606922,46.17705393615496,-238.11831869135602,-143.79528104162063,14.207910644586454,0.0,1,1,calibration,2,dot,0.347354013008391,0,calibration,99,001,55,f,r
4.325805600034073,127,-523.0,-167.0,0.22482773054490304,False,2.8916135999606922,46.17705393615496,-238.11831869135602,-143.79528104162063,14.207910644586454,0.0,1,1,calibration,2,dot,0.347354013008391,0,calibration,99,001,55,f,r
4.3427197999553755,128,-451.0,-116.0,3.1139543205017115,True,2.9083536999532953,44.23012523435059,-234.6731528110396,-140.98571926383954,26.350465450560705,1.964193349061005,1,1,calibration,2,dot,0.347354013008391,0,calibration,99,001,55,f,r
4.359420399996452,129,-335.0,-55.0,12.844380576011549,True,2.925006699981168,41.952297839247656,-229.0087426909012,-136.62235892529014,40.667030669572995,7.2670702888501815,1,1,calibration,2,dot,0.347354013008391,0,calibration,99,001,55,f,r
4.376005899976008,130,-206.0,-18.0,20.0,True,2.9416443000081927,39.20692367572229,-221.05628652566585,-131.30476732712629,55.362722106558934,11.442083387984452,1,1,calibration,2,dot,0.347354013008391,0,calibration,99,001,55,f,r
4.3951422000536695,131,-63.0,5.0,20.0,True,2.960806699935347,35.94011685597599,-212.3840119219077,-125.38446460412632,69.05785906399583,13.294685039956244,1,1,calibration,2,dot,0.347354013008391,0,calibration,99,001,55,f,r
4.409196299966425,132,133.0,-13.0,20.0,True,2.974893999984488,32.32343540172437,-203.66763029486526,-119.37323030884286,80.87471135490124,15.416330173419466,1,1,calibration,2,dot,0.347354013008391,0,calibration,99,001,55,f,r
4.425968099967577,133,190.0,-30.0,20.0,True,2.9916420999215916,27.496858763324816,-194.88156214833984,-113.38348004179473,90.39527295124222,19.411248103271802,1,1,calibration,2,dot,0.347354013008391,0,calibration,99,001,55,f,r
4.442649099975824,134,293.0,-119.0,20.0,True,3.0083239999366924,21.166996471700056,-185.389549276116,-107.07362889012528,98.47890854529436,22.93965265610362,1,1,calibration,2,dot,0.347354013008391,0,calibration,99,001,55,f,r
