participant,session,age,gender,handedness,phase,overall_trial_num,trial_in_block,mem_filename,mem_ground_truth,controlled,mem_response,mem_rt,mem_trigger_onset,mem_trigger_resp
1,001,26,f,r,memory_test,42,1,coin_15s,seen,no,yes,2.3851150000700727,51,61
1,001,26,f,r,memory_test,43,2,bracelet1_05s,seen,yes,yes,1.335070199915208,51,61
1,001,26,f,r,memory_test,44,3,barrette_09s,seen,yes,yes,1.7249455000273883,51,61
1,001,26,f,r,memory_test,45,4,otter_12s,unseen,,no,0.8795772000448778,52,61
1,001,26,f,r,memory_test,46,5,bracelet1_12s,unseen,,no,10.924117299960926,52,61
1,001,26,f,r,memory_test,47,6,barrette_01b,unseen,,no,1.812368700047955,52,61
1,001,26,f,r,memory_test,48,7,worm_06s,seen,no,yes,0.9448866000166163,51,61
1,001,26,f,r,memory_test,49,8,bedpan_13s,unseen,,yes,1.1513712999876589,52,62
1,001,26,f,r,memory_test,50,9,ham_11s,unseen,,no,1.25365490000695,52,61
1,001,26,f,r,memory_test,51,10,cornhusk_12s,seen,yes,no,0.9008487000828609,51,62
1,001,26,f,r,memory_test,52,11,coin_03s,unseen,,no,0.7466794999781996,52,61
1,001,26,f,r,memory_test,53,12,ketchup_15s,seen,no,yes,0.5779318999266252,51,61
1,001,26,f,r,memory_test,54,13,cigarette_06s,unseen,,no,0.7610951000824571,52,61
1,001,26,f,r,memory_test,55,14,limousine_01s,seen,no,yes,0.7189007999841124,51,61
1,001,26,f,r,memory_test,56,15,bedpan_08s,seen,no,yes,2.54719940002542,51,61
1,001,26,f,r,memory_test,57,16,sponge_06s,seen,yes,yes,2.2903042000252753,51,61
1,001,26,f,r,memory_test,58,17,corset_08s,seen,yes,no,0.8672005999833345,51,62
1,001,26,f,r,memory_test,59,18,suit_14s,unseen,,no,0.5054333000443876,52,61
1,001,26,f,r,memory_test,60,19,cornhusk_03s,unseen,,yes,0.6933694999897853,52,62
1,001,26,f,r,memory_test,61,20,batter_04s,seen,no,yes,0.9789895999711007,51,61
1,001,26,f,r,memory_test,62,21,mushroom_07n,unseen,,no,1.880674900021404,52,61
1,001,26,f,r,memory_test,63,22,banana_06s,seen,no,no,0.6567384999943897,51,62
1,001,26,f,r,memory_test,64,23,cigarette_09s,seen,yes,yes,0.7239485000027344,51,61
1,001,26,f,r,memory_test,65,24,wooden_leg_02s,seen,yes,no,0.8882408000063151,51,62
1,001,26,f,r,memory_test,66,25,headset_03s,unseen,,no,2.6489738000091165,52,61
1,001,26,f,r,memory_test,67,26,puppy_06s,seen,no,no,0.34286930004600435,51,62
1,001,26,f,r,memory_test,68,27,creme_brulee_10s,seen,yes,no,0.3765784000279382,51,62
1,001,26,f,r,memory_test,69,28,otter_02s,seen,yes,yes,0.1870968999573961,51,61
1,001,26,f,r,memory_test,70,29,pretzel_02s,unseen,,yes,0.1912540999474004,52,62
1,001,26,f,r,memory_test,71,30,suit_06s,seen,yes,no,0.0002688999520614743,51,62
1,001,26,f,r,memory_test,72,31,macaroni_13s,unseen,,yes,0.37516419996973127,52,62
1,001,26,f,r,memory_test,73,32,sleeping_bag_12s,unseen,,no,0.32024979998823255,52,61
1,001,26,f,r,memory_test,74,33,creme_brulee_07s,unseen,,yes,0.6109847999177873,52,62
1,001,26,f,r,memory_test,75,34,lion_15s,unseen,,no,0.29055040003731847,52,61
1,001,26,f,r,memory_test,76,35,mushroom_08n,seen,yes,yes,0.4334626999916509,51,61
1,001,26,f,r,memory_test,77,36,banana_03s,unseen,,no,0.3381021999521181,52,61
1,001,26,f,r,memory_test,78,37,lion_22s,seen,yes,no,0.3690626999596134,51,62
1,001,26,f,r,memory_test,79,38,wooden_leg_08s,unseen,,no,0.26326930010691285,52,61
1,001,26,f,r,memory_test,80,39,pencil_sharpener_11s,seen,no,no,0.207492999965325,51,62
1,001,26,f,r,memory_test,81,40,limousine_10s,unseen,,no,0.7649154999526218,52,61
1,001,26,f,r,memory_test,82,41,macaroni_11s,seen,no,yes,0.2882780999643728,51,61
1,001,26,f,r,memory_test,83,42,doorknocker_04s,seen,no,no,0.4036999000236392,51,62
1,001,26,f,r,memory_test,84,43,costume_08s,unseen,,yes,0.3905498000094667,52,62
1,001,26,f,r,memory_test,85,44,headset_09s,seen,yes,no,0.39252190000843257,51,62
1,001,26,f,r,memory_test,86,45,juicer1_06s,unseen,,no,0.2146623000735417,52,61
1,001,26,f,r,memory_test,87,46,container_10s,unseen,,no,0.27292170003056526,52,61
1,001,26,f,r,memory_test,88,47,puppy_07s,unseen,,yes,0.318825599970296,52,62
1,001,26,f,r,memory_test,89,48,doorknocker_26s,unseen,,no,0.3052988999988884,52,61
1,001,26,f,r,memory_test,90,49,batter_08s,unseen,,yes,0.44919129996560514,52,62
1,001,26,f,r,memory_test,91,50,ketchup_14s,unseen,,no,0.22467899997718632,52,61
1,001,26,f,r,memory_test,92,51,container_04s,seen,no,no,0.3776171999052167,51,62
1,001,26,f,r,memory_test,93,52,pencil_sharpener_10s,unseen,,no,0.40547300002072006,52,61
1,001,26,f,r,memory_test,94,53,corset_17s,unseen,,no,0.4229310000082478,52,61
1,001,26,f,r,memory_test,95,54,ham_10s,seen,yes,yes,0.5193425000179559,51,61
1,001,26,f,r,memory_test,96,55,sponge_14s,unseen,,yes,0.38828740001190454,52,62
1,001,26,f,r,memory_test,97,56,costume_04s,seen,no,no,0.6268670000135899,51,62
1,001,26,f,r,memory_test,98,57,pretzel_07s,seen,no,no,0.4943269999930635,51,62
1,001,26,f,r,memory_test,99,58,worm_08n,unseen,,yes,0.6373747000470757,52,62
1,001,26,f,r,memory_test,100,59,juicer1_09s,seen,yes,no,0.370827000006102,51,62
1,001,26,f,r,memory_test,101,60,sleeping_bag_02s,seen,no,no,0.8894246000563726,51,62
