thisRow.t,notes,overall_trial_num,participant,session,age,gender,handedness,phase,calib_target,n_shapes,block_num,trial_in_block,prop_used,stimulus_logit,detection_accuracy,is_timeout,rt_choice,early_response,true_controlled,response_controlled,quest_alpha_sd,mean_evidence,sum_evidence,var_evidence,target_snippet_id,distractor_snippet_ids,quest_alpha_mean,quest_beta_mean,quest_beta_sd,quest_lambda_mean,quest_lambda_sd,control_condition,threshold_75,agency_rating,img_A_name,img_B_name,trigger_stim_onset,trigger_motion_start,trigger_resp_onset,trigger_resp_val,participant,session,age,gender,handedness,quest_prop_low,quest_low_converged,quest_prop_high,quest_high_converged,miniblock_order,starts_with,
,,1,99,001,26,f,r,calibration,0.55,2,0,1,0.347354013008391,-0.6306903787402434,0,False,1.2059808999911183,False,dot,square,0.7868489501376656,5.415613953535807,947.7324418687663,185.22218355503955,732,[np.int64(1117)],0.08546844611530306,3.2884933912590077,2.0699589733917225,0.0266646667842519,0.021664116488440077,,,,,,,,,,99,001,26,f,r,,,,,,,
,,2,99,001,26,f,r,calibration,0.55,2,0,2,0.5350820483873121,0.14055915473515587,1,False,0.6919287000055192,False,square,square,0.7680685877645114,10.570480372469229,1913.2569474169304,173.1815355268072,132,[np.int64(1034)],-0.06239143700573463,3.2968115039161887,2.0738354920765576,0.02633574150448608,0.02160265882743015,,,,,,,,,,99,001,26,f,r,,,,,,,
,,3,99,001,26,f,r,calibration,0.55,2,0,3,0.5350820483873121,0.14055915473515587,1,False,0.34986380000191275,False,square,square,0.7386941509577899,15.009254941531308,2716.675144417167,217.94394431616837,1108,[np.int64(887)],-0.19599638378391793,3.320733594217113,2.083914488125944,0.025983896614999752,0.02153275512190456,,,,,,,,,,99,001,26,f,r,,,,,,,
,,4,99,001,26,f,r,calibration,0.55,2,0,4,0.5350820483873121,0.14055915473515587,1,False,0.46766710000520106,False,dot,dot,0.7042880712139795,13.620345529892013,2465.2825409104544,220.77519831742273,860,[np.int64(631)],-0.3120815790034459,3.3577691000380265,2.09887292076611,0.025613595780084104,0.021454525462129854,,,,,,,,,,99,001,26,f,r,,,,,,,
,,5,99,001,26,f,r,calibration,0.55,2,0,5,0.47090191089840744,-0.11652402308997703,0,False,0.44984289999410976,False,square,dot,0.6387861871347889,8.419134332632252,1523.8633142064377,161.45148301852754,869,[np.int64(670)],0.09359726731415345,3.263497057326002,2.0556474568387926,0.02684123675794639,0.021682191269239284,,,,,,,,,,99,001,26,f,r,,,,,,,
,,6,99,001,26,f,r,calibration,0.55,2,0,6,0.5981210736084265,0.3976423325602886,1,False,0.42269110000052024,False,square,square,0.6051522799776166,19.320030955022975,3496.9256028591585,170.64308507800823,933,[np.int64(1052)],-0.0017752577343099157,3.306228611362324,2.074343514802417,0.026465422795501594,0.021613790411480475,,,,,,,,,,99,001,26,f,r,,,,,,,
,,7,99,001,26,f,r,calibration,0.55,2,0,7,0.5981210736084265,0.3976423325602886,1,False,0.5100468999880832,False,square,square,0.5725684668658941,8.035116879542688,1454.3561551972264,157.8428820591423,1262,[np.int64(1438)],-0.08246732213008325,3.3592658035493432,2.096499544095964,0.02607680732445179,0.02153793924521574,,,,,,,,,,99,001,26,f,r,,,,,,,
,,8,99,001,26,f,r,calibration,0.55,2,0,8,0.5981210736084265,0.3976423325602886,1,False,0.5972896000021137,False,dot,dot,0.5435727215812947,13.272492703951992,2402.3211794153103,173.25738471358804,521,[np.int64(1240)],-0.1499128906158738,3.4203983580553987,2.1207953745869292,0.025678681574710288,0.021454811573479515,,,,,,,,,,99,001,26,f,r,,,,,,,
,,9,99,001,26,f,r,calibration,0.55,2,0,9,0.5350820483873121,0.14055915473515587,1,False,0.4257532999909017,False,square,square,0.5240912940401845,12.37430802163131,2239.749751915267,204.03947034843816,720,[np.int64(798)],-0.22147880133917242,3.4693128999628406,2.141690789937968,0.025309569770664023,0.021372911678917462,,,,,,,,,,99,001,26,f,r,,,,,,,
,,10,99,001,26,f,r,calibration,0.55,2,0,10,0.47090191089840744,-0.11652402308997703,1,False,0.4974906999996165,False,square,square,0.5161445466863794,8.191136882566148,1482.5957757444728,372.9498534896446,325,[np.int64(524)],-0.29844456879229514,3.487198647317401,2.148994831529262,0.02497839916353246,0.021295479636885068,,,,,,,,,,99,001,26,f,r,,,,,,,
,,11,99,001,26,f,r,calibration,0.55,2,0,11,0.40766968306220214,-0.37360720091511007,1,False,0.6141510000015842,False,square,square,0.5206078723551556,6.227584075487693,1127.1927176632723,483.80409819565944,699,[np.int64(16)],nan,nan,nan,nan,nan,,,,,,,,,,99,001,26,f,r,,,,,,,
,,12,99,001,26,f,r,calibration,0.55,2,0,12,0.40766968306220214,-0.37360720091511007,0,False,0.6436957999976585,False,square,dot,0.44320438505353627,8.267633033656686,1496.4415790918601,329.20849766053396,1525,[np.int64(1195)],nan,nan,nan,nan,nan,,,,,,,,,,99,001,26,f,r,,,,,,,
,,13,99,001,26,f,r,calibration,0.55,2,0,13,0.5350820483873121,0.14055915473515587,1,False,0.7401913000066997,False,dot,dot,0.42340179326247274,17.37527588078142,3144.924934421437,186.51418720137116,31,[np.int64(1341)],nan,nan,nan,nan,nan,,,,,,,,,,99,001,26,f,r,,,,,,,
,,14,99,001,26,f,r,calibration,0.55,2,0,14,0.47090191089840744,-0.11652402308997703,1,False,0.38357819999509957,False,dot,dot,0.4138537123461925,8.70318775396997,1575.2769834685646,268.0372396765149,1107,[np.int64(595)],nan,nan,nan,nan,nan,,,,,,,,,,99,001,26,f,r,,,,,,,
,,15,99,001,26,f,r,calibration,0.55,2,0,15,0.47090191089840744,-0.11652402308997703,1,False,0.5093489999999292,False,dot,dot,0.4052350378094994,9.030401714774573,1634.5027103741977,253.3112797462617,478,[np.int64(1538)],nan,nan,nan,nan,nan,,,,,,,,,,99,001,26,f,r,,,,,,,
,,16,99,001,26,f,r,calibration,0.55,2,0,16,0.40766968306220214,-0.37360720091511007,1,False,0.8130888000014238,False,dot,dot,0.40771578021951516,5.0307935548731715,910.5736334320441,374.16738237800814,1051,[np.int64(1446)],nan,nan,nan,nan,nan,,,,,,,,,,99,001,26,f,r,,,,,,,
,,17,99,001,26,f,r,calibration,0.55,2,0,17,0.40766968306220214,-0.37360720091511007,1,False,0.6806372999999439,False,square,square,0.40967179761374506,6.383993610781664,1155.5028435514812,319.08307412342447,159,[np.int64(1073)],nan,nan,nan,nan,nan,,,,,,,,,,99,001,26,f,r,,,,,,,
,,18,99,001,26,f,r,calibration,0.55,2,0,18,0.40766968306220214,-0.37360720091511007,1,False,0.4926021999999648,False,dot,dot,0.41102291522561313,8.204114907446534,1484.9447982478227,222.5791636428011,1082,[np.int64(1249)],nan,nan,nan,nan,nan,,,,,,,,,,99,001,26,f,r,,,,,,,
,,19,99,001,26,f,r,calibration,0.55,2,0,19,0.347354013008391,-0.6306903787402434,1,False,0.6457538999966346,False,square,square,0.422950763601552,3.874437582795307,701.2732024859506,287.0853964374554,384,[np.int64(841)],nan,nan,nan,nan,nan,,,,,,,,,,99,001,26,f,r,,,,,,,
,,20,99,001,26,f,r,calibration,0.55,2,0,20,0.347354013008391,-0.6306903787402434,1,False,0.5991171999921789,False,dot,dot,0.43338248894524145,4.285013263856103,775.5874007579547,427.2258195527443,637,[np.int64(622)],-0.6102328471288796,3.504076043674735,2.151085138900244,0.023066920695313818,0.020765769430724893,,,,,,,,,,99,001,26,f,r,,,,,,,
,,21,99,001,26,f,r,calibration,0.55,2,0,21,0.347354013008391,-0.6306903787402434,1,False,0.4481194000109099,False,dot,dot,0.4418287749422272,5.888832771727181,1065.8787316826197,425.92518911583755,701,[np.int64(1303)],nan,nan,nan,nan,nan,,,,,,,,,,99,001,26,f,r,,,,,,,
,,22,99,001,26,f,r,calibration,0.55,2,0,22,0.29156950079727495,-0.887773556565376,1,False,0.6606442000047537,False,square,square,0.4596781081177803,5.105244528068773,924.0492595804478,303.1370394198887,229,[np.int64(770)],nan,nan,nan,nan,nan,,,,,,,,,,99,001,26,f,r,,,,,,,
,,23,99,001,26,f,r,calibration,0.55,2,0,23,0.29156950079727495,-0.887773556565376,1,False,0.5812855999975,False,dot,dot,0.4747823771398138,3.163052554089066,572.512512290121,375.86573114635087,1150,[np.int64(21)],nan,nan,nan,nan,nan,,,,,,,,,,99,001,26,f,r,,,,,,,
,,24,99,001,26,f,r,calibration,0.55,2,0,24,0.29156950079727495,-0.887773556565376,0,False,0.4119784000067739,False,square,dot,0.3845993095791606,2.795994736076991,506.0750472299353,225.42298109441654,1346,[np.int64(458)],nan,nan,nan,nan,nan,,,,,,,,,,99,001,26,f,r,,,,,,,
,,25,99,001,26,f,r,calibration,0.55,2,0,25,0.347354013008391,-0.6306903787402434,1,False,0.7870059999986552,False,dot,dot,0.38615747374240783,5.614914242525316,1016.2994778970822,351.26496355578155,1384,[np.int64(1549)],nan,nan,nan,nan,nan,,,,,,,,,,99,001,26,f,r,,,,,,,
,,26,99,001,26,f,r,calibration,0.55,2,0,26,0.347354013008391,-0.6306903787402434,1,False,0.504354599994258,False,dot,dot,0.3863991775014736,5.2755634534914915,954.8769850819599,265.2402762838131,411,[np.int64(1542)],nan,nan,nan,nan,nan,,,,,,,,,,99,001,26,f,r,,,,,,,
,,27,99,001,26,f,r,calibration,0.85,2,-1,1,0.6580745541515514,0.654725510385422,1,False,0.8170803999964846,False,square,square,0.8033587196838967,17.44903559530669,3158.2754427505106,209.97068601188175,1273,[np.int64(1104)],0.8833033316116574,3.2168895046329116,2.0446371587020717,0.025760922364598603,0.021491052549208363,,,,,,,,,,99,001,26,f,r,0.14871471734969635,False,,,,,
,,28,99,001,26,f,r,calibration,0.85,2,-1,2,0.6580745541515514,0.654725510385422,1,False,0.8319333999970695,False,square,square,0.8209735017438585,17.649926223266796,3194.63664641129,214.3709261864993,807,[np.int64(83)],0.7156328931575353,3.194450983866603,2.036615102758326,0.0254902720608932,0.021432449267560046,,,,,,,,,,99,001,26,f,r,0.14871471734969635,False,,,,,
,,29,99,001,26,f,r,calibration,0.85,2,-1,3,0.5981210736084265,0.3976423325602886,1,False,0.745246300008148,False,square,square,0.8324104889787601,11.75484131202783,2127.626277477037,215.7248358311836,1014,[np.int64(549)],0.5461087381056126,3.1712149235715215,2.0285086830173666,0.025231385451116056,0.021374034236825813,,,,,,,,,,99,001,26,f,r,0.14871471734969635,False,,,,,
,,30,99,001,26,f,r,calibration,0.85,2,-1,4,0.5981210736084265,0.3976423325602886,1,False,0.627639199999976,False,square,square,0.8230071858438613,18.126630014852743,3280.9200326883465,204.89920426396486,919,[np.int64(745)],0.3771375450558468,3.165791339927156,2.0278132465405725,0.024942574770525895,0.021306044793891515,,,,,,,,,,99,001,26,f,r,0.14871471734969635,False,,,,,
,,31,99,001,26,f,r,calibration,0.85,2,-1,5,0.5981210736084265,0.3976423325602886,1,False,0.4606305000052089,False,dot,dot,0.7955391554797009,18.538068662776322,3355.3904279625144,211.4178803223624,903,[np.int64(1458)],0.2183516060755466,3.177294011664724,2.0342506860651333,0.024627038406390793,0.02122835642981841,,,,,,,,,,99,001,26,f,r,0.14871471734969635,False,,,,,
,,32,99,001,26,f,r,calibration,0.85,2,-1,6,0.6580745541515514,0.654725510385422,1,False,0.4284537000057753,False,square,square,0.7473001423807184,16.775811549494232,3036.4218904584563,209.0515731927034,921,[np.int64(754)],0.0914363409284835,3.216625429044858,2.050643761541116,0.02425778032235096,0.021132827774990627,,,,,,,,,,99,001,26,f,r,0.14871471734969635,False,,,,,
,,33,99,001,26,f,r,calibration,0.85,2,-1,7,0.5981210736084265,0.3976423325602886,1,False,0.6987192000087816,False,square,square,0.7055900005025434,15.604867912465256,2824.481092156211,207.53893418415035,623,[np.int64(1152)],-0.028580047336972714,3.254358036546077,2.0673089058013954,0.02390457619015002,0.021036955900276516,,,,,,,,,,99,001,26,f,r,0.14871471734969635,False,,,,,
,,34,99,001,26,f,r,calibration,0.85,2,-1,8,0.5981210736084265,0.3976423325602886,1,False,0.7314235999947414,False,dot,dot,0.6643167383514291,15.222737625889138,2755.315510285934,197.0781176393912,1271,[np.int64(1179)],-0.1292837581669694,3.3024421377616244,2.0875017255940533,0.023538167489532413,0.020932735981090828,,,,,,,,,,99,001,26,f,r,0.14871471734969635,False,,,,,
,,35,99,001,26,f,r,calibration,0.85,2,-1,9,0.47090191089840744,-0.11652402308997703,1,False,0.5477874000062002,False,square,square,0.6466302052264121,10.587664254190422,1916.3672300084663,212.5411434399941,1257,[np.int64(180)],-0.2421731951755644,3.3047622985880136,2.087771446735727,0.02323766798997743,0.02084380052513714,,,,,,,,,,99,001,26,f,r,0.14871471734969635,False,,,,,
,,36,99,001,26,f,r,calibration,0.85,2,-1,10,0.47090191089840744,-0.11652402308997703,1,False,0.514204899998731,False,dot,dot,0.6248907837140076,8.640543198396552,1563.9383189097757,226.82819869035933,1317,[np.int64(962)],-0.34666746209288385,3.3225299933093537,2.094867556168203,0.02292052612021385,0.02074633487120168,,,,,,,,,,99,001,26,f,r,0.14871471734969635,False,,,,,
,,37,99,001,26,f,r,calibration,0.85,2,-1,11,0.40766968306220214,-0.37360720091511007,1,False,0.4465181000123266,False,dot,dot,0.6135255379778513,7.60267646493593,1376.0844401534034,314.68030194428064,211,[np.int64(1155)],nan,nan,nan,nan,nan,,,,,,,,,,99,001,26,f,r,0.14871471734969635,False,,,,,
,,38,99,001,26,f,r,calibration,0.85,2,-1,12,0.40766968306220214,-0.37360720091511007,1,False,0.46267449999868404,False,dot,dot,0.5974780204881089,6.652482865856115,1204.0993987199568,264.3502519595266,898,[np.int64(649)],nan,nan,nan,nan,nan,,,,,,,,,,99,001,26,f,r,0.14871471734969635,False,,,,,
,,39,99,001,26,f,r,calibration,0.85,2,-1,13,0.347354013008391,-0.6306903787402434,1,False,0.38175249999039806,False,dot,dot,0.590688606022626,8.002782103192356,1448.5035606778165,368.2387182394029,740,[np.int64(534)],nan,nan,nan,nan,nan,,,,,,,,,,99,001,26,f,r,0.14871471734969635,False,,,,,
,,40,99,001,26,f,r,calibration,0.85,2,-1,14,0.347354013008391,-0.6306903787402434,1,False,0.6144734999979846,False,dot,dot,0.578589170060255,4.522263578723305,818.5297077489182,289.4577863005774,538,[np.int64(1046)],nan,nan,nan,nan,nan,,,,,,,,,,99,001,26,f,r,0.14871471734969635,False,,,,,
,,41,99,001,26,f,r,calibration,0.85,2,-1,15,0.347354013008391,-0.6306903787402434,1,False,0.5979065999999875,False,dot,dot,0.5624202826569193,6.935089053547832,1255.2511186921574,375.1763877213005,1504,[np.int64(124)],nan,nan,nan,nan,nan,,,,,,,,,,99,001,26,f,r,0.14871471734969635,False,,,,,
,,42,99,001,26,f,r,calibration,0.85,2,-1,16,0.347354013008391,-0.6306903787402434,1,False,0.5125699000054738,False,square,square,0.543830685233568,4.370324367827957,791.0287105768601,139.2730916139815,1079,[np.int64(1324)],nan,nan,nan,nan,nan,,,,,,,,,,99,001,26,f,r,0.14871471734969635,False,,,,,
,,43,99,001,26,f,r,calibration,0.85,2,-1,17,0.29156950079727495,-0.887773556565376,1,False,0.6492189999989932,False,square,square,0.5337480473991153,3.678834291637069,665.8690067863095,375.522112752012,795,[np.int64(574)],nan,nan,nan,nan,nan,,,,,,,,,,99,001,26,f,r,0.14871471734969635,False,,,,,
,,44,99,001,26,f,r,calibration,0.85,2,-1,18,0.29156950079727495,-0.887773556565376,1,False,0.465357099994435,False,dot,dot,0.5205076028812139,3.266614995124511,591.2573141175365,439.04191360420737,642,[np.int64(69)],nan,nan,nan,nan,nan,,,,,,,,,,99,001,26,f,r,0.14871471734969635,False,,,,,
,,45,99,001,26,f,r,calibration,0.85,2,-1,19,0.2414297750189407,-1.1448567343905092,1,False,0.5619614999886835,False,square,square,0.515857874647699,5.13055761002541,928.6309274145992,276.1697922870837,1253,[np.int64(686)],nan,nan,nan,nan,nan,,,,,,,,,,99,001,26,f,r,0.14871471734969635,False,,,,,
,,46,99,001,26,f,r,calibration,0.85,2,-1,20,0.2414297750189407,-1.1448567343905092,0,False,0.6324693000060506,False,square,dot,0.4626261874728214,2.821508684707117,510.69307193198813,266.6145914801715,755,[np.int64(1352)],-0.9373728924653126,3.3703499017980842,2.113551830062877,0.02112803082143868,0.020117289033458063,,,,,,,,,,99,001,26,f,r,0.14871471734969635,False,,,,,
,,47,99,001,26,f,r,calibration,0.85,2,-1,21,0.347354013008391,-0.6306903787402434,1,False,0.509590699992259,False,dot,dot,0.44244663643924437,5.210221511149194,943.0500935180041,381.19468234089305,1101,[np.int64(1053)],nan,nan,nan,nan,nan,,,,,,,,,,99,001,26,f,r,0.14871471734969635,False,,,,,
,,48,99,001,26,f,r,calibration,0.85,2,-1,22,0.29156950079727495,-0.887773556565376,1,False,0.48792700000922196,False,dot,dot,0.4303400586977573,4.17655834879331,755.9570611315891,459.54934900729853,572,[np.int64(924)],nan,nan,nan,nan,nan,,,,,,,,,,99,001,26,f,r,0.14871471734969635,False,,,,,
,,49,99,001,26,f,r,calibration,0.85,2,-1,23,0.29156950079727495,-0.887773556565376,1,False,0.46312960000068415,False,square,square,0.41819797007586934,2.9171133889289305,527.9975233961364,452.3321690219241,1475,[np.int64(1280)],nan,nan,nan,nan,nan,,,,,,,,,,99,001,26,f,r,0.14871471734969635,False,,,,,
,,50,99,001,26,f,r,calibration,0.85,2,-1,24,0.29156950079727495,-0.887773556565376,1,False,0.532287299996824,False,square,square,0.40657909792489216,3.332489364134167,603.1805749082843,338.47264730052035,1481,[np.int64(1201)],nan,nan,nan,nan,nan,,,,,,,,,,99,001,26,f,r,0.14871471734969635,False,,,,,
,,51,99,001,26,f,r,calibration,0.85,2,-1,25,0.2414297750189407,-1.1448567343905092,1,False,0.44812119999551214,False,square,square,0.40343185426654227,3.1797575391965665,575.5361145945785,251.2737741832084,383,[np.int64(863)],nan,nan,nan,nan,nan,,,,,,,,,,99,001,26,f,r,0.14871471734969635,False,,,,,
,,52,99,001,26,f,r,calibration,0.85,2,-1,26,0.2414297750189407,-1.1448567343905092,1,False,0.44674010000017006,False,dot,dot,0.3991940680899891,2.689809705766785,486.85555674378804,447.3594174279139,1148,[np.int64(1499)],nan,nan,nan,nan,nan,,,,,,,,,,99,001,26,f,r,0.14871471734969635,False,,,,,
,,53,99,001,26,f,r,test,,2,1,1,0.14871471734969635,,1,False,0.8982812000031117,False,img_A,img_A,,3.7438862121469434,655.1800871257151,291.9445984754841,1026,[np.int64(648)],,,,,,low,0.14871471734969635,5,cigarette_06s,sponge_06s,11,21,31,41,99,001,26,f,r,0.14871471734969635,False,0.29156950079727495,False,"['low', 'high', 'low', 'high', 'low', 'high']",low,
,,54,99,001,26,f,r,test,,2,1,2,0.14871471734969635,,0,False,0.7449271000077715,False,img_B,img_A,,1.7426508491949924,315.4198037042936,330.47504438918264,726,[np.int64(1139)],,,,,,low,0.14871471734969635,6,waffle_iron_03s,macaroni_11s,11,21,31,42,99,001,26,f,r,0.14871471734969635,False,0.29156950079727495,False,"['low', 'high', 'low', 'high', 'low', 'high']",low,
,,55,99,001,26,f,r,test,,2,1,3,0.14871471734969635,,1,False,0.7955950999894412,False,img_B,img_B,,0.12288362698141944,22.24193648363692,87.79434189122433,386,[np.int64(1521)],,,,,,low,0.14871471734969635,3,juicer1_06s,bubble_wrap_11s,11,21,31,41,99,001,26,f,r,0.14871471734969635,False,0.29156950079727495,False,"['low', 'high', 'low', 'high', 'low', 'high']",low,
,,56,99,001,26,f,r,test,,2,1,4,0.14871471734969635,,1,False,0.730410700009088,False,img_A,img_A,,2.176107518760194,393.8754608955951,298.236500166047,1408,[np.int64(612)],,,,,,low,0.14871471734969635,4,doorknocker_04s,ham_11s,11,21,31,41,99,001,26,f,r,0.14871471734969635,False,0.29156950079727495,False,"['low', 'high', 'low', 'high', 'low', 'high']",low,
,,57,99,001,26,f,r,test,,2,1,5,0.14871471734969635,,1,False,4.579793299999437,False,img_B,img_B,,-0.3361767055886224,-60.84798371154065,6.7993009554674755,1137,[np.int64(295)],,,,,,low,0.14871471734969635,4,urinal_10s,bedpan_13s,11,21,31,41,99,001,26,f,r,0.14871471734969635,False,0.29156950079727495,False,"['low', 'high', 'low', 'high', 'low', 'high']",low,
,,58,99,001,26,f,r,test,,2,2,1,0.29156950079727495,,0,False,1.0114839000016218,False,img_A,img_B,,3.158968843168499,571.7733606134983,221.46451616501312,922,[np.int64(495)],,,,,,high,0.29156950079727495,4,banana_06s,apron_10s,13,23,33,42,99,001,26,f,r,0.14871471734969635,False,0.29156950079727495,False,"['low', 'high', 'low', 'high', 'low', 'high']",low,
,,59,99,001,26,f,r,test,,2,2,2,0.29156950079727495,,1,False,0.6578190000000177,False,img_A,img_A,,3.0136339271318224,545.4677408108598,296.38835715510805,1437,[np.int64(298)],,,,,,high,0.29156950079727495,3,bracelet1_12s,mushroom_07n,13,23,33,41,99,001,26,f,r,0.14871471734969635,False,0.29156950079727495,False,"['low', 'high', 'low', 'high', 'low', 'high']",low,
,,60,99,001,26,f,r,test,,2,2,3,0.29156950079727495,,1,False,0.7687942000047769,False,img_A,img_A,,3.9764330182240153,719.7343762985467,421.88842747518623,224,[np.int64(1061)],,,,,,high,0.29156950079727495,4,limousine_01s,fingerprint_12s,13,23,33,41,99,001,26,f,r,0.14871471734969635,False,0.29156950079727495,False,"['low', 'high', 'low', 'high', 'low', 'high']",low,
,,61,99,001,26,f,r,test,,2,2,4,0.29156950079727495,,1,False,0.6116695999953663,False,img_B,img_B,,2.9873329609118966,540.7072659250533,364.9225278302615,875,[np.int64(647)],,,,,,high,0.29156950079727495,5,figurine_08s,breadstick_14s,13,23,33,41,99,001,26,f,r,0.14871471734969635,False,0.29156950079727495,False,"['low', 'high', 'low', 'high', 'low', 'high']",low,
,,62,99,001,26,f,r,test,,2,2,5,0.29156950079727495,,1,False,0.9798565999954008,False,img_A,img_A,,4.39725918737091,795.9039129141347,359.4007139536823,563,[np.int64(243)],,,,,,high,0.29156950079727495,4,toad_06s,filing_cabinet_09s,13,23,33,41,99,001,26,f,r,0.14871471734969635,False,0.29156950079727495,False,"['low', 'high', 'low', 'high', 'low', 'high']",low,
,,63,99,001,26,f,r,test,,2,3,1,0.14871471734969635,,1,False,0.3487479000032181,False,img_A,img_A,,-0.340342845940532,-61.60205511523629,3.5051442994191935,1319,[np.int64(1038)],,,,,,low,0.14871471734969635,6,ginger_03s,hamburger_02s,11,21,31,41,99,001,26,f,r,0.14871471734969635,False,0.29156950079727495,False,"['low', 'high', 'low', 'high', 'low', 'high']",low,
,,64,99,001,26,f,r,test,,2,3,2,0.14871471734969635,,0,True,nan,False,img_B,timeout,,0.6538016108824305,118.33809156971992,15.170039160876541,1143,[np.int64(1174)],,,,,,low,0.14871471734969635,6,dishrag_08s,target_14s,11,21,31,42,99,001,26,f,r,0.14871471734969635,False,0.29156950079727495,False,"['low', 'high', 'low', 'high', 'low', 'high']",low,
,,65,99,001,26,f,r,test,,2,3,3,0.14871471734969635,,0,False,0.6066636000032304,False,img_B,img_A,,-0.09862972974673156,-17.851981084158414,0.9833198245323773,942,[np.int64(415)],,,,,,low,0.14871471734969635,6,pretzel_02s,suit_06s,11,21,31,42,99,001,26,f,r,0.14871471734969635,False,0.29156950079727495,False,"['low', 'high', 'low', 'high', 'low', 'high']",low,
,,66,99,001,26,f,r,test,,2,3,4,0.14871471734969635,,0,False,0.4789420000015525,False,img_B,img_A,,-0.002131800555639956,-0.3858559005708321,0.008221299228588035,651,[np.int64(514)],,,,,,low,0.14871471734969635,6,batter_04s,sauerkraut_07s,11,21,31,42,99,001,26,f,r,0.14871471734969635,False,0.29156950079727495,False,"['low', 'high', 'low', 'high', 'low', 'high']",low,
,,67,99,001,26,f,r,test,,2,3,5,0.14871471734969635,,1,False,0.3440585999924224,False,img_A,img_A,,0.43920920991046764,79.49686699379464,25.818604954586057,808,[np.int64(1242)],,,,,,low,0.14871471734969635,5,locker_12s,worm_08n,11,21,31,41,99,001,26,f,r,0.14871471734969635,False,0.29156950079727495,False,"['low', 'high', 'low', 'high', 'low', 'high']",low,
,,68,99,001,26,f,r,test,,2,4,1,0.29156950079727495,,0,False,0.3144983000092907,False,img_B,img_A,,-0.0509521600416692,-9.222340967542126,0.11758600145459992,251,[np.int64(407)],,,,,,high,0.29156950079727495,5,hot_tub_06s,cheese_07s,13,23,33,42,99,001,26,f,r,0.14871471734969635,False,0.29156950079727495,False,"['low', 'high', 'low', 'high', 'low', 'high']",low,
,,69,99,001,26,f,r,test,,2,4,2,0.29156950079727495,,0,True,nan,False,img_A,timeout,,0.7526784196897981,136.23479396385346,18.587995657406598,1455,[np.int64(323)],,,,,,high,0.29156950079727495,5,canoe_06s,puppy_06s,13,23,33,42,99,001,26,f,r,0.14871471734969635,False,0.29156950079727495,False,"['low', 'high', 'low', 'high', 'low', 'high']",low,
,,70,99,001,26,f,r,test,,2,4,3,0.29156950079727495,,1,False,3.465236099989852,False,img_A,img_A,,0.2879986830988982,52.12776164090057,3.113881892216055,1513,[np.int64(678)],,,,,,high,0.29156950079727495,3,coin_15s,costume_08s,13,23,33,41,99,001,26,f,r,0.14871471734969635,False,0.29156950079727495,False,"['low', 'high', 'low', 'high', 'low', 'high']",low,
,,71,99,001,26,f,r,test,,2,4,4,0.29156950079727495,,1,False,1.5889556000038283,False,img_A,img_A,,0.4670341664003471,84.53318411846283,7.007609694608823,923,[np.int64(1044)],,,,,,high,0.29156950079727495,4,praying_mantis_04s,cheesecake_13s,13,23,33,41,99,001,26,f,r,0.14871471734969635,False,0.29156950079727495,False,"['low', 'high', 'low', 'high', 'low', 'high']",low,
,,72,99,001,26,f,r,test,,2,4,5,0.29156950079727495,,1,False,1.146431900007883,False,img_B,img_B,,-0.08362665493903242,-15.136424543964868,0.2659227656767284,992,[np.int64(174)],,,,,,high,0.29156950079727495,3,skewer_09s,sandbox_10s,13,23,33,41,99,001,26,f,r,0.14871471734969635,False,0.29156950079727495,False,"['low', 'high', 'low', 'high', 'low', 'high']",low,
,,73,99,001,26,f,r,test,,2,5,1,0.14871471734969635,,1,False,0.782887400011532,False,img_B,img_B,,0.07791035138588044,14.101773600844359,5.936276050074378,1578,[np.int64(688)],,,,,,low,0.14871471734969635,3,otter_12s,bowtie_05s,11,21,31,41,99,001,26,f,r,0.14871471734969635,False,0.29156950079727495,False,"['low', 'high', 'low', 'high', 'low', 'high']",low,
,,74,99,001,26,f,r,test,,2,5,2,0.14871471734969635,,1,False,3.978532900000573,False,img_B,img_B,,0.3004756955183867,54.386100888828,4.202975293817626,541,[np.int64(216)],,,,,,low,0.14871471734969635,4,sleeping_bag_02s,wooden_leg_08s,11,21,31,41,99,001,26,f,r,0.14871471734969635,False,0.29156950079727495,False,"['low', 'high', 'low', 'high', 'low', 'high']",low,
,,75,99,001,26,f,r,test,,2,5,3,0.14871471734969635,,1,False,1.7041029000101844,False,img_A,img_A,,-0.3716730742545838,-67.27282644007967,6.431157096326263,1169,[np.int64(835)],,,,,,low,0.14871471734969635,5,barrette_09s,waffle_08s,11,21,31,41,99,001,26,f,r,0.14871471734969635,False,0.29156950079727495,False,"['low', 'high', 'low', 'high', 'low', 'high']",low,
,,76,99,001,26,f,r,test,,2,5,4,0.14871471734969635,,0,False,1.5159965000057127,False,img_A,img_B,,-0.3271803150803444,-59.21963702954234,8.068033214602405,662,[np.int64(60)],,,,,,low,0.14871471734969635,4,cornhusk_12s,ketchup_14s,11,21,31,42,99,001,26,f,r,0.14871471734969635,False,0.29156950079727495,False,"['low', 'high', 'low', 'high', 'low', 'high']",low,
,,77,99,001,26,f,r,test,,2,5,5,0.14871471734969635,,0,False,1.714870299998438,False,img_B,img_A,,-0.0573126208068258,-10.37358436603547,0.9093337723386178,182,[np.int64(838)],,,,,,low,0.14871471734969635,4,corset_17s,light_switch_10s,11,21,31,42,99,001,26,f,r,0.14871471734969635,False,0.29156950079727495,False,"['low', 'high', 'low', 'high', 'low', 'high']",low,
,,78,99,001,26,f,r,test,,2,6,1,0.29156950079727495,,1,False,1.0444873000087682,False,img_B,img_B,,0.03039636893464252,5.501742777170296,0.07809295315921505,606,[np.int64(1398)],,,,,,high,0.29156950079727495,5,raccoon_01b,washing_machine_08s,13,23,33,41,99,001,26,f,r,0.14871471734969635,False,0.29156950079727495,False,"['low', 'high', 'low', 'high', 'low', 'high']",low,
,,79,99,001,26,f,r,test,,2,6,2,0.29156950079727495,,1,False,0.989705399988452,False,img_B,img_B,,0.5000825157810839,90.51493535637618,11.494505178225712,994,[np.int64(562)],,,,,,high,0.29156950079727495,4,football_05s,pencil_sharpener_10s,13,23,33,41,99,001,26,f,r,0.14871471734969635,False,0.29156950079727495,False,"['low', 'high', 'low', 'high', 'low', 'high']",low,
,,80,99,001,26,f,r,test,,2,6,3,0.29156950079727495,,0,True,nan,False,img_B,timeout,,0.049557869171785215,8.969974320093124,0.4420768314326007,876,[np.int64(769)],,,,,,high,0.29156950079727495,5,lion_15s,creme_brulee_10s,13,23,33,42,99,001,26,f,r,0.14871471734969635,False,0.29156950079727495,False,"['low', 'high', 'low', 'high', 'low', 'high']",low,
,,81,99,001,26,f,r,test,,2,6,4,0.29156950079727495,,0,True,nan,False,img_A,timeout,,-0.3974525233791464,-71.9389067316255,6.351937925964223,1489,[np.int64(1255)],,,,,,high,0.29156950079727495,4,headset_03s,container_10s,13,23,33,42,99,001,26,f,r,0.14871471734969635,False,0.29156950079727495,False,"['low', 'high', 'low', 'high', 'low', 'high']",low,
,,82,99,001,26,f,r,test,,2,6,5,0.29156950079727495,,1,False,1.533809200001997,False,img_B,img_B,,0.6664671478694034,120.63055376436202,17.211093986444975,607,[np.int64(825)],,,,,,high,0.29156950079727495,3,beanbag_13s,gearshift_12n,13,23,33,41,99,001,26,f,r,0.14871471734969635,False,0.29156950079727495,False,"['low', 'high', 'low', 'high', 'low', 'high']",low,
