participant,session,age,gender,handedness,phase,overall_trial_num,trial_in_block,mem_filename,mem_ground_truth,controlled,trial_level,item_type,mem_response,mem_rt,mem_trigger_fix,mem_trigger_onset,mem_trigger_resp
1,001,23,m,r,memory_test,248,1,scoop_12s,unseen,,,,no,1.1535762999847066,85,55,61
1,001,23,m,r,memory_test,249,2,pacifier_04s,unseen,,,,no,0.9404310999962036,85,55,61
1,001,23,m,r,memory_test,250,3,brick_09s,unseen,,,,no,1.058129299985012,85,55,61
1,001,23,m,r,memory_test,251,4,riser_11s,unseen,,,,no,1.0038112999754958,85,55,61
1,001,23,m,r,memory_test,252,5,pill_04s,unseen,,,,no,1.4889166999782901,85,55,61
1,001,23,m,r,memory_test,253,6,spaghetti_07s,unseen,,,,no,1.4028623000194784,85,55,61
1,001,23,m,r,memory_test,254,7,wig_01s,unseen,,,,no,1.3524630999891087,85,55,61
1,001,23,m,r,memory_test,255,8,slot_machine_05s,seen,yes,high,controlled,no,1.2363460999913514,82,52,62
1,001,23,m,r,memory_test,256,9,blueberry_07s,unseen,,,,no,2.1102354000031482,85,55,61
1,001,23,m,r,memory_test,257,10,computer_screen_12s,seen,yes,low,controlled,no,1.6719497999874875,81,51,62
1,001,23,m,r,memory_test,258,11,washing_machine_06s,unseen,,,,no,2.438570800004527,85,55,61
1,001,23,m,r,memory_test,259,12,wood_03s,seen,no,low,uncontrolled,yes,0.9366116999881342,83,53,61
1,001,23,m,r,memory_test,260,13,staple_06s,seen,no,high,uncontrolled,yes,0.9624307000194676,84,54,61
1,001,23,m,r,memory_test,261,14,piggy_bank_01b,seen,no,high,uncontrolled,no,1.4300819000054616,84,54,62
1,001,23,m,r,memory_test,262,15,diamond_14s,unseen,,,,no,1.4193164999887813,85,55,61
1,001,23,m,r,memory_test,263,16,pepper2_08s,unseen,,,,no,3.544052899989765,85,55,61
1,001,23,m,r,memory_test,264,17,cross_05s,unseen,,,,no,1.2534039999882225,85,55,61
1,001,23,m,r,memory_test,265,18,dumbbell_10s,seen,no,low,uncontrolled,yes,4.102601100021275,83,53,61
1,001,23,m,r,memory_test,266,19,unicycle_03s,unseen,,,,no,2.4506201000185683,85,55,61
1,001,23,m,r,memory_test,267,20,noisemaker_05s,unseen,,,,yes,3.681285400001798,85,55,62
1,001,23,m,r,memory_test,268,21,toilet_paper_07s,unseen,,,,no,1.3444352000078652,85,55,61
1,001,23,m,r,memory_test,269,22,dice_14s,seen,no,high,uncontrolled,no,1.5732802000129595,84,54,62
1,001,23,m,r,memory_test,270,23,donut_15s,unseen,,,,yes,1.2209064000053331,85,55,62
1,001,23,m,r,memory_test,271,24,blindfold_16s,unseen,,,,no,1.149202000000514,85,55,61
1,001,23,m,r,memory_test,272,25,cloak_13s,unseen,,,,no,1.896300299995346,85,55,61
1,001,23,m,r,memory_test,273,26,nutcracker_06s,seen,no,high,uncontrolled,no,2.3187737000116613,84,54,62
1,001,23,m,r,memory_test,274,27,latte_01b,seen,yes,high,controlled,no,2.0993338999978732,82,52,62
1,001,23,m,r,memory_test,275,28,cardboard_07s,seen,yes,low,controlled,yes,3.377781999995932,81,51,61
1,001,23,m,r,memory_test,276,29,bead_13s,unseen,,,,no,2.358200199989369,85,55,61
1,001,23,m,r,memory_test,277,30,mannequin_03s,unseen,,,,no,1.3515589000016917,85,55,61
1,001,23,m,r,memory_test,278,31,taffy_08s,seen,no,low,uncontrolled,no,1.239028199983295,83,53,62
1,001,23,m,r,memory_test,279,32,eye_patch_11s,seen,yes,high,controlled,no,1.6680865999951493,82,52,62
1,001,23,m,r,memory_test,280,33,jeans_07s,unseen,,,,no,4.259004899999127,85,55,61
1,001,23,m,r,memory_test,281,34,checkers_06s,unseen,,,,no,4.446418800012907,85,55,61
1,001,23,m,r,memory_test,282,35,curling_iron_03s,seen,yes,low,controlled,no,3.3155281999788713,81,51,62
1,001,23,m,r,memory_test,283,36,dishrag_10s,unseen,,,,no,0.9669455999974161,85,55,61
1,001,23,m,r,memory_test,284,37,kazoo_08s,unseen,,,,yes,5.81428789999336,85,55,62
1,001,23,m,r,memory_test,285,38,hobbyhorse_04s,seen,yes,low,controlled,yes,1.4395796000026166,81,51,61
1,001,23,m,r,memory_test,286,39,holster_09s,unseen,,,,no,1.5486884000129066,85,55,61
1,001,23,m,r,memory_test,287,40,hydrant_12s,seen,no,low,uncontrolled,no,1.2131984999869019,83,53,62
1,001,23,m,r,memory_test,288,41,battery_10s,unseen,,,,no,0.9873839000065345,85,55,61
1,001,23,m,r,memory_test,289,42,lip_balm_08s,seen,no,high,uncontrolled,yes,5.4883864000148606,84,54,61
1,001,23,m,r,memory_test,290,43,honeycomb_08s,unseen,,,,no,1.387399799976265,85,55,61
1,001,23,m,r,memory_test,291,44,ravioli_15s,seen,yes,low,controlled,yes,0.9261158999870531,81,51,61
1,001,23,m,r,memory_test,292,45,juicer1_09s,unseen,,,,no,3.6605612999992445,85,55,61
1,001,23,m,r,memory_test,293,46,bean_04s,unseen,,,,no,1.8278872999944724,85,55,61
1,001,23,m,r,memory_test,294,47,cantaloupe_07s,unseen,,,,no,1.2389926000032574,85,55,61
1,001,23,m,r,memory_test,295,48,dumpster_02s,unseen,,,,yes,1.6314901000005193,85,55,62
1,001,23,m,r,memory_test,296,49,nest_01b,unseen,,,,no,1.5295432999846525,85,55,61
1,001,23,m,r,memory_test,297,50,retainer_08s,unseen,,,,no,1.0381961000093725,85,55,61
1,001,23,m,r,memory_test,298,51,blower_10s,seen,no,low,uncontrolled,yes,1.8421159000135958,83,53,61
1,001,23,m,r,memory_test,299,52,bowler_hat_03s,unseen,,,,no,2.431653700012248,85,55,61
1,001,23,m,r,memory_test,300,53,thumbtack_15n,seen,yes,high,controlled,no,1.7149966999713797,82,52,62
1,001,23,m,r,memory_test,301,54,mouse2_09s,seen,no,high,uncontrolled,no,2.239688500005286,84,54,62
1,001,23,m,r,memory_test,302,55,bandage_01b,unseen,,,,yes,9.194003199983854,85,55,62
1,001,23,m,r,memory_test,303,56,caviar_07s,seen,no,low,uncontrolled,yes,1.6293739000102505,83,53,61
1,001,23,m,r,memory_test,304,57,guacamole_14s,unseen,,,,yes,0.9720805999822915,85,55,62
1,001,23,m,r,memory_test,305,58,vending_machine_03s,seen,yes,high,controlled,no,5.867884299979778,82,52,62
1,001,23,m,r,memory_test,306,59,hula_hoop_16s,seen,yes,low,controlled,yes,0.770138699997915,81,51,61
1,001,23,m,r,memory_test,307,60,peppermint_02s,seen,yes,low,controlled,no,2.4719716000254266,81,51,62
1,001,23,m,r,memory_test,308,61,wrap_09s,seen,no,high,uncontrolled,no,2.2070873999909963,84,54,62
1,001,23,m,r,memory_test,309,62,bedpan_08s,seen,yes,low,controlled,no,2.116259300004458,81,51,62
1,001,23,m,r,memory_test,310,63,nail_file_05s,unseen,,,,no,1.068834000005154,85,55,61
1,001,23,m,r,memory_test,311,64,cufflink_05s,unseen,,,,yes,2.7488302999990992,85,55,62
1,001,23,m,r,memory_test,312,65,flan_02s,seen,yes,high,controlled,yes,0.8180706000130158,82,52,61
1,001,23,m,r,memory_test,313,66,pantsuit_07s,unseen,,,,yes,0.9853450999944471,85,55,62
1,001,23,m,r,memory_test,314,67,jam_01b,unseen,,,,no,1.0285219000070356,85,55,61
1,001,23,m,r,memory_test,315,68,roll_01b,seen,no,high,uncontrolled,no,1.648458199982997,84,54,62
1,001,23,m,r,memory_test,316,69,outlet_02s,unseen,,,,no,0.9022742999950424,85,55,61
1,001,23,m,r,memory_test,317,70,diskette_03s,unseen,,,,no,1.5969164000125602,85,55,61
1,001,23,m,r,memory_test,318,71,toast_13s,seen,no,high,uncontrolled,yes,0.8322117000061553,84,54,61
1,001,23,m,r,memory_test,319,72,target_14s,unseen,,,,no,1.079376300011063,85,55,61
1,001,23,m,r,memory_test,320,73,coin_15s,seen,no,low,uncontrolled,yes,0.880664500000421,83,53,61
1,001,23,m,r,memory_test,321,74,gauze_02s,seen,yes,low,controlled,yes,2.958368399995379,81,51,61
1,001,23,m,r,memory_test,322,75,sandbox_06s,unseen,,,,no,1.9557774999993853,85,55,61
1,001,23,m,r,memory_test,323,76,gumball_02s,unseen,,,,no,1.130022800003644,85,55,61
1,001,23,m,r,memory_test,324,77,footrest_01b,seen,yes,low,controlled,yes,1.3663856000057422,81,51,61
1,001,23,m,r,memory_test,325,78,bowling_ball_01b,seen,no,high,uncontrolled,no,1.116600000008475,84,54,62
1,001,23,m,r,memory_test,326,79,meatloaf_09s,unseen,,,,no,2.1876206999877468,85,55,61
1,001,23,m,r,memory_test,327,80,metal_detector_04s,unseen,,,,no,1.7544067999988329,85,55,61
1,001,23,m,r,memory_test,328,81,pencil_sharpener_11s,unseen,,,,no,2.8103438999969512,85,55,61
1,001,23,m,r,memory_test,329,82,sarcophagus_08s,seen,no,low,uncontrolled,yes,1.6136226000089664,83,53,61
1,001,23,m,r,memory_test,330,83,cellphone_11s,seen,no,low,uncontrolled,no,0.9260041999805253,83,53,62
1,001,23,m,r,memory_test,331,84,peg_08s,unseen,,,,yes,3.0572080000129063,85,55,62
1,001,23,m,r,memory_test,332,85,coaster_08s,unseen,,,,no,1.4606184999865945,85,55,61
1,001,23,m,r,memory_test,333,86,pillbox_13s,seen,yes,high,controlled,yes,0.8756685999978799,82,52,61
1,001,23,m,r,memory_test,334,87,toilet_12s,unseen,,,,no,0.9583847000030801,85,55,61
1,001,23,m,r,memory_test,335,88,ice_cream_10s,unseen,,,,no,0.9791359000082593,85,55,61
1,001,23,m,r,memory_test,336,89,figurine_11s,seen,yes,high,controlled,no,1.5600979000155348,82,52,62
1,001,23,m,r,memory_test,337,90,bracelet2_08s,seen,no,high,uncontrolled,no,0.8031385000213049,84,54,62
1,001,23,m,r,memory_test,338,91,touchpad_11s,unseen,,,,no,2.403686600009678,85,55,61
1,001,23,m,r,memory_test,339,92,wing_03s,unseen,,,,no,6.467051300016465,85,55,61
1,001,23,m,r,memory_test,340,93,ice_pack_10s,unseen,,,,no,8.05772949999664,85,55,61
1,001,23,m,r,memory_test,341,94,pickle_09s,seen,no,low,uncontrolled,yes,0.8368838999886066,83,53,61
1,001,23,m,r,memory_test,342,95,subway_13s,unseen,,,,no,0.9693805999995675,85,55,61
1,001,23,m,r,memory_test,343,96,magnet_12s,seen,no,low,uncontrolled,no,1.2851365000242367,83,53,62
1,001,23,m,r,memory_test,344,97,clipper2_05s,unseen,,,,no,2.01787680000416,85,55,61
1,001,23,m,r,memory_test,345,98,macaroni_11s,unseen,,,,no,5.435347400023602,85,55,61
1,001,23,m,r,memory_test,346,99,t-shirt_06s,seen,no,low,uncontrolled,no,1.1517540999921039,83,53,62
1,001,23,m,r,memory_test,347,100,marshmallow_12s,seen,yes,high,controlled,no,2.147755599988159,82,52,62
1,001,23,m,r,memory_test,348,101,snowball_01b,seen,no,high,uncontrolled,no,1.3027377999969758,84,54,62
1,001,23,m,r,memory_test,349,102,pin_12s,seen,yes,high,controlled,no,2.8888600999780465,82,52,62
1,001,23,m,r,memory_test,350,103,cotton_candy_08s,seen,yes,low,controlled,yes,1.0936662000021897,81,51,61
1,001,23,m,r,memory_test,351,104,soap_06s,unseen,,,,no,1.0863586000050418,85,55,61
1,001,23,m,r,memory_test,352,105,waffle_17s,unseen,,,,no,0.962301200022921,85,55,61
1,001,23,m,r,memory_test,353,106,fishhook_09s,seen,no,low,uncontrolled,no,0.7485990999848582,83,53,62
1,001,23,m,r,memory_test,354,107,card_07s,unseen,,,,no,1.0752742000040598,85,55,61
1,001,23,m,r,memory_test,355,108,swab_02s,unseen,,,,yes,2.0323651999933645,85,55,62
1,001,23,m,r,memory_test,356,109,pajamas_13s,seen,yes,high,controlled,yes,0.7214999000134412,82,52,61
1,001,23,m,r,memory_test,357,110,dough_17s,seen,yes,high,controlled,yes,0.7096149999997579,82,52,61
1,001,23,m,r,memory_test,358,111,spider_web_06s,seen,yes,high,controlled,no,0.8809664000000339,82,52,62
1,001,23,m,r,memory_test,359,112,insole_02s,unseen,,,,no,1.2438562999886926,85,55,61
1,001,23,m,r,memory_test,360,113,french_horn_05s,seen,yes,low,controlled,no,0.6746734000043944,81,51,62
1,001,23,m,r,memory_test,361,114,chocolate_11s,unseen,,,,no,3.4980780000041705,85,55,61
1,001,23,m,r,memory_test,362,115,nail_polish_03s,unseen,,,,no,2.9145562000048812,85,55,61
1,001,23,m,r,memory_test,363,116,electric_chair_11s,seen,no,high,uncontrolled,yes,1.1466498000081629,84,54,61
1,001,23,m,r,memory_test,364,117,belt_14s,seen,no,high,uncontrolled,no,1.334434099990176,84,54,62
1,001,23,m,r,memory_test,365,118,contact_lens_13s,seen,yes,high,controlled,yes,1.5170945000136271,82,52,61
1,001,23,m,r,memory_test,366,119,cookie_11s,seen,yes,low,controlled,yes,0.7092046000179835,81,51,61
1,001,23,m,r,memory_test,367,120,gold_13s,seen,no,high,uncontrolled,yes,0.9971129999903496,84,54,61
1,001,23,m,r,memory_test,368,121,nightshirt_07s,unseen,,,,no,0.8609071999962907,85,55,61
1,001,23,m,r,memory_test,369,122,dumpling_13s,seen,yes,high,controlled,yes,1.0947061000042595,82,52,61
1,001,23,m,r,memory_test,370,123,stair_16s,unseen,,,,no,0.770079900015844,85,55,61
1,001,23,m,r,memory_test,371,124,comic_book_08s,seen,no,low,uncontrolled,no,2.055875999998534,83,53,62
1,001,23,m,r,memory_test,372,125,gum_10s,seen,yes,high,controlled,no,4.274175900005503,82,52,62
1,001,23,m,r,memory_test,373,126,eggshell_13s,unseen,,,,no,1.8321933999832254,85,55,61
1,001,23,m,r,memory_test,374,127,salami_08s,unseen,,,,no,1.0903384999837726,85,55,61
1,001,23,m,r,memory_test,375,128,chips_03s,seen,no,low,uncontrolled,no,1.341715699993074,83,53,62
1,001,23,m,r,memory_test,376,129,javelin_01s,seen,no,low,uncontrolled,yes,1.136939899995923,83,53,61
1,001,23,m,r,memory_test,377,130,patty_09s,unseen,,,,no,1.015209799981676,85,55,61
1,001,23,m,r,memory_test,378,131,gas_mask_01b,seen,yes,low,controlled,no,1.1353869999875315,81,51,62
1,001,23,m,r,memory_test,379,132,jumpsuit_11s,seen,no,low,uncontrolled,no,1.5342978999833576,83,53,62
1,001,23,m,r,memory_test,380,133,hood_06s,seen,yes,high,controlled,yes,0.8052144999965094,82,52,61
1,001,23,m,r,memory_test,381,134,keyboard_15s,seen,no,high,uncontrolled,no,1.0503338999988046,84,54,62
1,001,23,m,r,memory_test,382,135,saffron_12s,unseen,,,,no,1.1684980999852996,85,55,61
1,001,23,m,r,memory_test,383,136,lighter_08s,unseen,,,,no,1.8142154999950435,85,55,61
1,001,23,m,r,memory_test,384,137,cracker_01b,unseen,,,,no,2.1675023999996483,85,55,61
1,001,23,m,r,memory_test,385,138,fishnet_stockings_14s,seen,yes,low,controlled,yes,0.9055013999750372,81,51,61
1,001,23,m,r,memory_test,386,139,trombone_14s,seen,yes,low,controlled,no,2.025183999998262,81,51,62
1,001,23,m,r,memory_test,387,140,cornbread_01b,unseen,,,,no,2.216185099998256,85,55,61
1,001,23,m,r,memory_test,388,141,mouthpiece_01s,unseen,,,,no,0.9497965999762528,85,55,61
1,001,23,m,r,memory_test,389,142,clasp_03s,unseen,,,,no,0.8860418999975082,85,55,61
1,001,23,m,r,memory_test,390,143,quesadilla_02s,unseen,,,,no,1.565428100002464,85,55,61
1,001,23,m,r,memory_test,391,144,sushi_08s,seen,no,low,uncontrolled,yes,4.606713400018634,83,53,61
1,001,23,m,r,memory_test,392,145,leotard_13s,seen,no,low,uncontrolled,yes,0.7773845999909099,83,53,61
1,001,23,m,r,memory_test,393,146,mosquito_net_02s,seen,yes,high,controlled,yes,1.1440519000170752,82,52,61
1,001,23,m,r,memory_test,394,147,glove_11s,unseen,,,,no,0.9031228000239935,85,55,61
1,001,23,m,r,memory_test,395,148,bowtie_14s,seen,no,high,uncontrolled,yes,0.9446638000081293,84,54,61
1,001,23,m,r,memory_test,396,149,swimsuit_08s,seen,no,low,uncontrolled,yes,0.684848900011275,83,53,61
1,001,23,m,r,memory_test,397,150,coverall_11s,seen,yes,low,controlled,yes,0.9260121999832336,81,51,61
1,001,23,m,r,memory_test,398,151,water_heater_01b,unseen,,,,no,0.9256732000212651,85,55,61
1,001,23,m,r,memory_test,399,152,scale_05s,unseen,,,,no,3.5054740000050515,85,55,61
1,001,23,m,r,memory_test,400,153,croissant_13s,unseen,,,,no,1.5410900999850128,85,55,61
1,001,23,m,r,memory_test,401,154,cummerbund_15s,unseen,,,,yes,2.468021900014719,85,55,62
1,001,23,m,r,memory_test,402,155,meatball_14s,seen,no,high,uncontrolled,no,1.3016324000200257,84,54,62
1,001,23,m,r,memory_test,403,156,yo-yo_12s,unseen,,,,no,2.5620669000199996,85,55,61
1,001,23,m,r,memory_test,404,157,safety_pin_03s,seen,no,high,uncontrolled,yes,0.901879299985012,84,54,61
1,001,23,m,r,memory_test,405,158,air_mattress_13s,unseen,,,,no,5.720308799995109,85,55,61
1,001,23,m,r,memory_test,406,159,peanut_butter_07s,unseen,,,,yes,2.8623987000028137,85,55,62
1,001,23,m,r,memory_test,407,160,doorknocker_08s,seen,yes,low,controlled,yes,0.9798592999868561,81,51,61
1,001,23,m,r,memory_test,408,161,sausage_08s,seen,no,high,uncontrolled,no,2.61912480002502,84,54,62
1,001,23,m,r,memory_test,409,162,suitcase_11s,seen,no,low,uncontrolled,yes,0.7491855999978725,83,53,61
1,001,23,m,r,memory_test,410,163,bun_07s,unseen,,,,no,1.4434580999950413,85,55,61
1,001,23,m,r,memory_test,411,164,block_15s,unseen,,,,no,1.9944618000008631,85,55,61
1,001,23,m,r,memory_test,412,165,jersey_07s,seen,no,low,uncontrolled,yes,0.6701965999964159,83,53,61
1,001,23,m,r,memory_test,413,166,ice_cube_03s,seen,no,low,uncontrolled,yes,2.9685533000156283,83,53,61
1,001,23,m,r,memory_test,414,167,vacuum_04s,seen,no,high,uncontrolled,yes,0.8967563000041991,84,54,61
1,001,23,m,r,memory_test,415,168,yolk_11s,unseen,,,,no,1.5471940000134055,85,55,61
1,001,23,m,r,memory_test,416,169,fur_coat_12s,seen,yes,low,controlled,no,2.0593206000048667,81,51,62
1,001,23,m,r,memory_test,417,170,coffee_filter_05s,seen,no,high,uncontrolled,no,4.383312099991599,84,54,62
1,001,23,m,r,memory_test,418,171,tattoo_04s,seen,yes,high,controlled,yes,3.5462722000083886,82,52,61
1,001,23,m,r,memory_test,419,172,pistachio_11s,unseen,,,,no,1.2659434000088368,85,55,61
1,001,23,m,r,memory_test,420,173,olive_12s,unseen,,,,no,1.7982347000215668,85,55,61
1,001,23,m,r,memory_test,421,174,cream_cheese_05s,unseen,,,,yes,4.772746799979359,85,55,62
1,001,23,m,r,memory_test,422,175,cheeseburger_12s,seen,yes,low,controlled,yes,0.7152822999923956,81,51,61
1,001,23,m,r,memory_test,423,176,prune_04s,unseen,,,,yes,1.0567075000144541,85,55,62
1,001,23,m,r,memory_test,424,177,snack_02s,unseen,,,,no,5.706975599983707,85,55,61
1,001,23,m,r,memory_test,425,178,garter_02s,seen,yes,low,controlled,yes,5.351944699999876,81,51,61
1,001,23,m,r,memory_test,426,179,eclair_13s,unseen,,,,no,3.8755980000132695,85,55,61
1,001,23,m,r,memory_test,427,180,toothbrush_12s,unseen,,,,no,3.233179300004849,85,55,61
1,001,23,m,r,memory_test,428,181,pipe1_10s,unseen,,,,no,1.6439902000129223,85,55,61
1,001,23,m,r,memory_test,429,182,boxer_shorts_09s,seen,no,low,uncontrolled,no,1.2471683000039775,83,53,62
1,001,23,m,r,memory_test,430,183,footbath_02s,seen,no,low,uncontrolled,no,0.8455980999860913,83,53,62
1,001,23,m,r,memory_test,431,184,sweeper_02s,seen,yes,low,controlled,no,1.2951496999885421,81,51,62
1,001,23,m,r,memory_test,432,185,lollipop_01b,seen,yes,high,controlled,no,1.307322100008605,82,52,62
1,001,23,m,r,memory_test,433,186,tamale_13s,seen,yes,low,controlled,yes,3.4795581999933347,81,51,61
1,001,23,m,r,memory_test,434,187,tack_06s,seen,yes,high,controlled,yes,1.2212622999795713,82,52,61
1,001,23,m,r,memory_test,435,188,pomegranate_11n,seen,no,high,uncontrolled,yes,0.6734977999876719,84,54,61
1,001,23,m,r,memory_test,436,189,headset_09s,seen,yes,high,controlled,yes,0.6765250000171363,82,52,61
1,001,23,m,r,memory_test,437,190,harp_05s,unseen,,,,no,0.9087104999925941,85,55,61
1,001,23,m,r,memory_test,438,191,hinge_04s,unseen,,,,no,1.0380374999949709,85,55,61
1,001,23,m,r,memory_test,439,192,chili_11s,seen,yes,high,controlled,no,4.691494300001068,82,52,62
1,001,23,m,r,memory_test,440,193,tiara_08s,seen,yes,low,controlled,no,1.2729074999806471,81,51,62
1,001,23,m,r,memory_test,441,194,fruitcake_05s,unseen,,,,no,7.8563192000146955,85,55,61
1,001,23,m,r,memory_test,442,195,bunkbed_06s,unseen,,,,yes,3.706395799992606,85,55,62
1,001,23,m,r,memory_test,443,196,football_helmet_05s,unseen,,,,no,5.389928599994164,85,55,61
1,001,23,m,r,memory_test,444,197,throne_02s,seen,no,low,uncontrolled,yes,1.2417066999769304,83,53,61
1,001,23,m,r,memory_test,445,198,undershirt_04s,seen,no,low,uncontrolled,yes,0.6740505000052508,83,53,61
1,001,23,m,r,memory_test,446,199,videocassette_07n,seen,yes,low,controlled,no,0.85190850001527,81,51,62
1,001,23,m,r,memory_test,447,200,sewage_01b,unseen,,,,no,1.472613599995384,85,55,61
1,001,23,m,r,memory_test,448,201,soy_sauce_10s,unseen,,,,no,6.444805899984203,85,55,61
1,001,23,m,r,memory_test,449,202,glue_11s,seen,yes,high,controlled,yes,1.0128283000085503,82,52,61
1,001,23,m,r,memory_test,450,203,grain_05s,seen,no,high,uncontrolled,no,1.0161867999995593,84,54,62
1,001,23,m,r,memory_test,451,204,grapefruit_09s,seen,no,high,uncontrolled,yes,0.6420143999857828,84,54,61
1,001,23,m,r,memory_test,452,205,wafer_08s,seen,no,low,uncontrolled,no,1.063836099987384,83,53,62
1,001,23,m,r,memory_test,453,206,boot_09s,seen,no,low,uncontrolled,no,1.49008909999975,83,53,62
1,001,23,m,r,memory_test,454,207,turtleneck_10s,unseen,,,,no,1.298320000001695,85,55,61
1,001,23,m,r,memory_test,455,208,cashew_11s,unseen,,,,no,1.4025668000103906,85,55,61
1,001,23,m,r,memory_test,456,209,hairdryer_06s,unseen,,,,no,1.138586800021585,85,55,61
1,001,23,m,r,memory_test,457,210,creme_brulee_07s,seen,no,high,uncontrolled,no,0.8406355000042822,84,54,62
1,001,23,m,r,memory_test,458,211,pan_15s,seen,no,high,uncontrolled,no,0.8778003999905195,84,54,62
1,001,23,m,r,memory_test,459,212,tube_top_10s,unseen,,,,no,0.7363020999764558,85,55,61
1,001,23,m,r,memory_test,460,213,hairnet_07s,seen,no,high,uncontrolled,yes,0.8833852999960072,84,54,61
1,001,23,m,r,memory_test,461,214,brush_04s,seen,no,low,uncontrolled,no,1.2155775999999605,83,53,62
1,001,23,m,r,memory_test,462,215,wallet_05s,seen,yes,high,controlled,no,1.8041646000056062,82,52,62
1,001,23,m,r,memory_test,463,216,handbrake_03s,seen,no,low,uncontrolled,no,1.201586299983319,83,53,62
1,001,23,m,r,memory_test,464,217,pizza_03s,seen,yes,high,controlled,yes,1.5299232999968808,82,52,61
1,001,23,m,r,memory_test,465,218,toothpaste_10s,unseen,,,,no,0.9667072999873199,85,55,61
1,001,23,m,r,memory_test,466,219,corn_14s,seen,yes,high,controlled,no,3.476064699993003,82,52,62
1,001,23,m,r,memory_test,467,220,sink_03s,seen,yes,high,controlled,no,1.781862000003457,82,52,62
1,001,23,m,r,memory_test,468,221,omelet_16s,unseen,,,,no,5.12057509997976,85,55,61
1,001,23,m,r,memory_test,469,222,bagel_11s,unseen,,,,no,1.6739489000174217,85,55,61
1,001,23,m,r,memory_test,470,223,suspenders_09s,unseen,,,,no,2.6368530000036117,85,55,61
1,001,23,m,r,memory_test,471,224,wooden_leg_02s,unseen,,,,yes,4.701681200007442,85,55,62
1,001,23,m,r,memory_test,472,225,plaster_cast_13s,seen,yes,low,controlled,no,0.9115491999837104,81,51,62
1,001,23,m,r,memory_test,473,226,paintbrush_02s,unseen,,,,no,1.1931693000078667,85,55,61
1,001,23,m,r,memory_test,474,227,cheesecake_13s,unseen,,,,yes,2.6612177999923006,85,55,62
1,001,23,m,r,memory_test,475,228,doorstop_06s,unseen,,,,no,1.3258131000038702,85,55,61
1,001,23,m,r,memory_test,476,229,butter_06s,unseen,,,,no,0.7981809999910183,85,55,61
1,001,23,m,r,memory_test,477,230,hook1_15s,seen,yes,high,controlled,no,1.6109183999942616,82,52,62
1,001,23,m,r,memory_test,478,231,ramp_09s,seen,yes,high,controlled,no,1.4777732999937143,82,52,62
1,001,23,m,r,memory_test,479,232,fingerprint_01b,seen,yes,low,controlled,no,0.6753407999931369,81,51,62
1,001,23,m,r,memory_test,480,233,sponge_02s,unseen,,,,no,3.8619132000021636,85,55,61
1,001,23,m,r,memory_test,481,234,turf_07s,seen,yes,high,controlled,yes,1.7369993000174873,82,52,61
1,001,23,m,r,memory_test,482,235,tee_01b,seen,yes,high,controlled,yes,0.9307286999828648,82,52,61
1,001,23,m,r,memory_test,483,236,lego_12s,seen,no,high,uncontrolled,no,0.8509611000190489,84,54,62
1,001,23,m,r,memory_test,484,237,hot_chocolate_12s,seen,no,high,uncontrolled,no,2.7016221999947447,84,54,62
1,001,23,m,r,memory_test,485,238,blimp_08n,unseen,,,,no,5.800038200017298,85,55,61
1,001,23,m,r,memory_test,486,239,pallet_11s,unseen,,,,no,2.353986400004942,85,55,61
1,001,23,m,r,memory_test,487,240,hearse_06s,seen,no,low,uncontrolled,no,6.348063800018281,83,53,62
1,001,23,m,r,memory_test,488,241,turban_02s,seen,no,low,uncontrolled,no,0.8930119999859016,83,53,62
1,001,23,m,r,memory_test,489,242,lingerie_06s,seen,no,low,uncontrolled,yes,0.9254655000113416,83,53,61
1,001,23,m,r,memory_test,490,243,wrench_04s,unseen,,,,yes,1.0369495000049938,85,55,62
1,001,23,m,r,memory_test,491,244,pencil_10s,unseen,,,,no,1.7545605000050273,85,55,61
1,001,23,m,r,memory_test,492,245,sock_13s,seen,no,high,uncontrolled,no,4.634442499984289,84,54,62
1,001,23,m,r,memory_test,493,246,drumstick_03s,unseen,,,,yes,1.5535890999890398,85,55,62
1,001,23,m,r,memory_test,494,247,banana_06s,seen,no,high,uncontrolled,yes,0.9219187999842688,84,54,61
1,001,23,m,r,memory_test,495,248,birthday_cake_12s,seen,no,low,uncontrolled,no,1.1812517000071239,83,53,62
1,001,23,m,r,memory_test,496,249,raisin_14s,unseen,,,,yes,0.7144285999820568,85,55,62
1,001,23,m,r,memory_test,497,250,skewer_09s,unseen,,,,yes,1.1409064999897964,85,55,62
1,001,23,m,r,memory_test,498,251,paperclip_07s,seen,yes,high,controlled,no,1.4303676999988966,82,52,62
1,001,23,m,r,memory_test,499,252,paint_01b,seen,yes,high,controlled,no,4.658010399987688,82,52,62
1,001,23,m,r,memory_test,500,253,lab_coat_04s,unseen,,,,no,7.995707900001435,85,55,61
1,001,23,m,r,memory_test,501,254,snorkel_05s,seen,no,low,uncontrolled,yes,0.7406211000052281,83,53,61
1,001,23,m,r,memory_test,502,255,eggnog_02s,seen,yes,high,controlled,no,0.8314523000153713,82,52,62
1,001,23,m,r,memory_test,503,256,egg_roll_07n,unseen,,,,no,4.023859499982791,85,55,61
1,001,23,m,r,memory_test,504,257,stamp1_05s,seen,no,low,uncontrolled,yes,1.429946199990809,83,53,61
1,001,23,m,r,memory_test,505,258,hot-water_bottle_05s,seen,yes,low,controlled,yes,0.7123638000048231,81,51,61
1,001,23,m,r,memory_test,506,259,baklava_11s,seen,yes,high,controlled,yes,0.5542370000039227,82,52,61
1,001,23,m,r,memory_test,507,260,easter_egg_12s,unseen,,,,yes,0.672836699988693,85,55,62
1,001,23,m,r,memory_test,508,261,candy_10s,seen,no,high,uncontrolled,yes,2.2483963999839034,84,54,61
1,001,23,m,r,memory_test,509,262,taco_01b,unseen,,,,no,6.726614399987739,85,55,61
1,001,23,m,r,memory_test,510,263,headscarf_07s,seen,yes,low,controlled,yes,0.7061029999749735,81,51,61
1,001,23,m,r,memory_test,511,264,nail_clippers_05s,unseen,,,,yes,0.7528468999953475,85,55,62
1,001,23,m,r,memory_test,512,265,scrambled_egg_12s,unseen,,,,no,0.7927045999967959,85,55,61
1,001,23,m,r,memory_test,513,266,pie_02s,unseen,,,,no,0.760969800001476,85,55,61
1,001,23,m,r,memory_test,514,267,suit_14s,seen,no,high,uncontrolled,yes,1.0039742999942973,84,54,61
1,001,23,m,r,memory_test,515,268,dollhouse_12s,unseen,,,,no,0.9458505999937188,85,55,61
1,001,23,m,r,memory_test,516,269,crutch_11s,unseen,,,,no,2.1916497999918647,85,55,61
1,001,23,m,r,memory_test,517,270,chopsticks_04s,unseen,,,,no,1.777515099995071,85,55,61
1,001,23,m,r,memory_test,518,271,bulletproof_vest_03s,seen,yes,high,controlled,no,0.7807661000115331,82,52,62
1,001,23,m,r,memory_test,519,272,bracket_05s,unseen,,,,no,4.299051400012104,85,55,61
1,001,23,m,r,memory_test,520,273,caramel_09s,unseen,,,,no,4.142069699999411,85,55,61
1,001,23,m,r,memory_test,521,274,cornhusk_03s,unseen,,,,yes,2.9367466999974567,85,55,62
1,001,23,m,r,memory_test,522,275,footprint_11s,unseen,,,,no,1.3927541000011843,85,55,61
1,001,23,m,r,memory_test,523,276,wetsuit_09s,seen,no,low,uncontrolled,yes,0.7543338000250515,83,53,61
1,001,23,m,r,memory_test,524,277,container_04s,seen,no,low,uncontrolled,yes,2.0943677999894135,83,53,61
1,001,23,m,r,memory_test,525,278,earplug_01b,unseen,,,,no,2.5174992000102066,85,55,61
1,001,23,m,r,memory_test,526,279,shorts_12s,unseen,,,,yes,0.732738499995321,85,55,62
1,001,23,m,r,memory_test,527,280,saltshaker_08s,unseen,,,,no,6.56534639999154,85,55,61
1,001,23,m,r,memory_test,528,281,shopping_basket_05s,seen,no,high,uncontrolled,no,1.635291499987943,84,54,62
1,001,23,m,r,memory_test,529,282,marker_08s,seen,no,high,uncontrolled,yes,0.9990619999880437,84,54,61
1,001,23,m,r,memory_test,530,283,coffin_06s,unseen,,,,yes,1.3394471999781672,85,55,62
1,001,23,m,r,memory_test,531,284,robe_10s,unseen,,,,yes,1.0350430999824312,85,55,62
1,001,23,m,r,memory_test,532,285,cork_10s,seen,yes,low,controlled,yes,0.838931699981913,81,51,61
1,001,23,m,r,memory_test,533,286,cheese_07s,unseen,,,,no,1.5046933999983594,85,55,61
1,001,23,m,r,memory_test,534,287,gearshift_11n,unseen,,,,no,2.2501666999887675,85,55,61
1,001,23,m,r,memory_test,535,288,breadstick_14s,seen,yes,low,controlled,no,6.657632899994496,81,51,62
1,001,23,m,r,memory_test,536,289,crucifix_09s,seen,no,high,uncontrolled,no,2.7765313999843784,84,54,62
1,001,23,m,r,memory_test,537,290,bubble_wrap_11s,unseen,,,,no,0.794010099984007,85,55,61
1,001,23,m,r,memory_test,538,291,phone_booth_06s,unseen,,,,no,2.631398400000762,85,55,61
1,001,23,m,r,memory_test,539,292,ketchup_10s,unseen,,,,no,2.3293488000053912,85,55,61
1,001,23,m,r,memory_test,540,293,mullet_03s,seen,no,high,uncontrolled,no,0.9645475000143051,84,54,62
1,001,23,m,r,memory_test,541,294,ham_05s,seen,no,high,uncontrolled,yes,1.0114582999958657,84,54,61
1,001,23,m,r,memory_test,542,295,barrette_09s,seen,yes,low,controlled,no,1.0525115999917034,81,51,62
1,001,23,m,r,memory_test,543,296,ginger_10s,unseen,,,,no,0.8649251000024378,85,55,61
1,001,23,m,r,memory_test,544,297,robot_14s,seen,no,high,uncontrolled,no,1.9167462000041269,84,54,62
1,001,23,m,r,memory_test,545,298,sweet_potato_07s,unseen,,,,yes,0.8505994000006467,85,55,62
1,001,23,m,r,memory_test,546,299,playing_card_12s,seen,yes,high,controlled,yes,1.0089036999852397,82,52,61
1,001,23,m,r,memory_test,547,300,urinal_10s,unseen,,,,yes,1.3810164000024088,85,55,62
1,001,23,m,r,memory_test,548,301,lipstick_12s,seen,yes,low,controlled,no,0.7683025000151247,81,51,62
1,001,23,m,r,memory_test,549,302,microscope_14n,unseen,,,,no,0.9663216999906581,85,55,61
1,001,23,m,r,memory_test,550,303,scarecrow_09s,unseen,,,,no,3.796711500006495,85,55,61
1,001,23,m,r,memory_test,551,304,cassette_07s,unseen,,,,no,0.8388846000016201,85,55,61
1,001,23,m,r,memory_test,552,305,piecrust_13s,unseen,,,,no,1.4503310000000056,85,55,61
1,001,23,m,r,memory_test,553,306,football_04s,seen,yes,high,controlled,no,0.7323634000204038,82,52,62
1,001,23,m,r,memory_test,554,307,coffee_bean_12s,seen,yes,low,controlled,yes,0.9388081000070088,81,51,61
1,001,23,m,r,memory_test,555,308,trampoline_01b,unseen,,,,no,0.8706619000004139,85,55,61
1,001,23,m,r,memory_test,556,309,cigarette_15s,unseen,,,,no,1.2461271999927703,85,55,61
1,001,23,m,r,memory_test,557,310,seismograph_06s,seen,yes,high,controlled,yes,1.2431976000079885,82,52,61
1,001,23,m,r,memory_test,558,311,grater_03s,seen,yes,low,controlled,no,3.4013725999975577,81,51,62
1,001,23,m,r,memory_test,559,312,gyro_01b,seen,yes,low,controlled,no,3.2917009000084363,81,51,62
1,001,23,m,r,memory_test,560,313,skirt_02s,seen,yes,low,controlled,yes,0.6945754000043962,81,51,61
1,001,23,m,r,memory_test,561,314,biscuit_09s,seen,yes,low,controlled,no,1.453169100015657,81,51,62
1,001,23,m,r,memory_test,562,315,sim_card_10s,unseen,,,,no,0.7845707999949809,85,55,61
1,001,23,m,r,memory_test,563,316,sweater_13s,unseen,,,,no,1.008156100026099,85,55,61
1,001,23,m,r,memory_test,564,317,frisbee_04s,unseen,,,,no,0.9837874000077136,85,55,61
1,001,23,m,r,memory_test,565,318,banana_peel_14s,unseen,,,,no,5.089392800000496,85,55,61
1,001,23,m,r,memory_test,566,319,hairbrush_08s,unseen,,,,no,5.205042100016726,85,55,61
1,001,23,m,r,memory_test,567,320,ticktacktoe_09s,seen,no,high,uncontrolled,no,1.0361033999943174,84,54,62
1,001,23,m,r,memory_test,568,321,faucet_09s,unseen,,,,no,2.804205799999181,85,55,61
1,001,23,m,r,memory_test,569,322,dip_04s,seen,no,low,uncontrolled,no,2.065220300020883,83,53,62
1,001,23,m,r,memory_test,570,323,backscratcher_12s,seen,yes,high,controlled,no,1.0022904000070412,82,52,62
1,001,23,m,r,memory_test,571,324,rollerskate_12s,unseen,,,,no,4.949098600016441,85,55,61
1,001,23,m,r,memory_test,572,325,money_14s,seen,no,low,uncontrolled,no,2.66966820001835,83,53,62
1,001,23,m,r,memory_test,573,326,jelly_bean_13n,seen,no,low,uncontrolled,no,1.138012700015679,83,53,62
1,001,23,m,r,memory_test,574,327,egg_15s,seen,yes,high,controlled,yes,0.9145581000193488,82,52,61
1,001,23,m,r,memory_test,575,328,asparagus_07s,unseen,,,,no,0.7663391999958549,85,55,61
1,001,23,m,r,memory_test,576,329,step_stool_06s,seen,no,low,uncontrolled,no,2.311284199997317,83,53,62
1,001,23,m,r,memory_test,577,330,mitten_08s,seen,no,high,uncontrolled,yes,1.080887000018265,84,54,61
1,001,23,m,r,memory_test,578,331,visor_13s,unseen,,,,no,0.8055007999937516,85,55,61
1,001,23,m,r,memory_test,579,332,parfait_17s,seen,no,high,uncontrolled,no,0.8415093999938108,84,54,62
1,001,23,m,r,memory_test,580,333,pasta_06s,seen,no,high,uncontrolled,yes,7.711052699974971,84,54,61
1,001,23,m,r,memory_test,581,334,hanger_13n,seen,no,low,uncontrolled,no,0.7948666000156663,83,53,62
1,001,23,m,r,memory_test,582,335,pet_food_04s,unseen,,,,no,4.292795700021088,85,55,61
1,001,23,m,r,memory_test,583,336,toga_04s,unseen,,,,no,5.903875500021968,85,55,61
1,001,23,m,r,memory_test,584,337,hamburger_10s,unseen,,,,yes,0.7449751000094693,85,55,62
1,001,23,m,r,memory_test,585,338,spareribs_10s,seen,yes,high,controlled,yes,1.075198200007435,82,52,61
1,001,23,m,r,memory_test,586,339,stockings_06s,seen,no,low,uncontrolled,yes,0.9334649000084028,83,53,61
1,001,23,m,r,memory_test,587,340,boxing_gloves_05s,unseen,,,,no,0.7003435000078753,85,55,61
1,001,23,m,r,memory_test,588,341,spam_01b,seen,yes,low,controlled,yes,0.8021481999894604,81,51,61
1,001,23,m,r,memory_test,589,342,kilt_11s,unseen,,,,yes,0.8766077000182122,85,55,62
1,001,23,m,r,memory_test,590,343,burrito_05s,seen,yes,low,controlled,yes,0.806719600019278,81,51,61
1,001,23,m,r,memory_test,591,344,pancake_08s,seen,no,low,uncontrolled,yes,0.6553511000238359,83,53,61
1,001,23,m,r,memory_test,592,345,sauerkraut_03s,unseen,,,,no,0.9473281000100542,85,55,61
1,001,23,m,r,memory_test,593,346,icicle_12s,seen,yes,high,controlled,no,1.3254073999996763,82,52,62
1,001,23,m,r,memory_test,594,347,teabag_09s,seen,no,high,uncontrolled,no,1.4835230000026058,84,54,62
1,001,23,m,r,memory_test,595,348,exerciser_05s,seen,yes,low,controlled,no,4.445321500010323,81,51,62
1,001,23,m,r,memory_test,596,349,chaps_14s,seen,no,high,uncontrolled,yes,0.9609998999803793,84,54,61
1,001,23,m,r,memory_test,597,350,pants_11s,unseen,,,,yes,0.7394616000237875,85,55,62
1,001,23,m,r,memory_test,598,351,peach_09n,seen,no,high,uncontrolled,yes,0.8178675000090152,84,54,61
1,001,23,m,r,memory_test,599,352,limousine_10s,seen,no,high,uncontrolled,no,3.628414699982386,84,54,62
1,001,23,m,r,memory_test,600,353,tiramisu_12s,seen,no,high,uncontrolled,yes,3.7859504999942146,84,54,61
1,001,23,m,r,memory_test,601,354,solar_panel_04s,seen,yes,low,controlled,no,4.370629099983489,81,51,62
1,001,23,m,r,memory_test,602,355,emerald_08n,seen,yes,low,controlled,no,0.6860411999805365,81,51,62
1,001,23,m,r,memory_test,603,356,clipper1_01s,unseen,,,,yes,6.0634474999969825,85,55,62
1,001,23,m,r,memory_test,604,357,chickpea_02s,seen,yes,high,controlled,no,0.791081800009124,82,52,62
1,001,23,m,r,memory_test,605,358,spur_10s,unseen,,,,yes,1.6817527000093833,85,55,62
1,001,23,m,r,memory_test,606,359,plum_08s,unseen,,,,no,0.678434000001289,85,55,61
1,001,23,m,r,memory_test,607,360,pita_08s,seen,yes,low,controlled,yes,0.7896018000028562,81,51,61
1,001,23,m,r,memory_test,608,361,chalk_02s,seen,yes,high,controlled,yes,0.9587617000215687,82,52,61
1,001,23,m,r,memory_test,609,362,flipper_12s,seen,no,low,uncontrolled,no,4.872449199989205,83,53,62
1,001,23,m,r,memory_test,610,363,rice_04s,unseen,,,,no,1.696062000002712,85,55,61
1,001,23,m,r,memory_test,611,364,beanbag_13s,unseen,,,,no,12.224868999997852,85,55,61
1,001,23,m,r,memory_test,612,365,squirt_gun_15s,seen,no,high,uncontrolled,no,5.737833699997282,84,54,62
1,001,23,m,r,memory_test,613,366,broom_10s,unseen,,,,no,0.8104594000033103,85,55,61
1,001,23,m,r,memory_test,614,367,filing_cabinet_07s,unseen,,,,no,2.7333393000008073,85,55,61
1,001,23,m,r,memory_test,615,368,steak_15s,unseen,,,,no,1.0101872000086587,85,55,61
1,001,23,m,r,memory_test,616,369,pliers_10s,seen,yes,low,controlled,yes,0.8655291000031866,81,51,61
1,001,23,m,r,memory_test,617,370,polo_shirt_14s,unseen,,,,yes,0.766163599997526,85,55,62
1,001,23,m,r,memory_test,618,371,harness_03s,unseen,,,,no,0.9345616000064183,85,55,61
1,001,23,m,r,memory_test,619,372,apron_10s,seen,no,low,uncontrolled,no,7.9854230000055395,83,53,62
1,001,23,m,r,memory_test,620,373,kimono_06s,unseen,,,,no,2.9871617000026163,85,55,61
1,001,23,m,r,memory_test,621,374,origami_03s,seen,no,low,uncontrolled,no,4.326892100012628,83,53,62
1,001,23,m,r,memory_test,622,375,ukulele_14s,seen,yes,low,controlled,no,3.933594499976607,81,51,62
1,001,23,m,r,memory_test,623,376,joystick_02s,seen,yes,high,controlled,no,0.7908911999838892,82,52,62
1,001,23,m,r,memory_test,624,377,pocket_01b,seen,yes,low,controlled,no,1.6412279000214767,81,51,62
1,001,23,m,r,memory_test,625,378,cardigan_11s,unseen,,,,no,9.220008100004634,85,55,61
1,001,23,m,r,memory_test,626,379,peanut_12s,seen,yes,high,controlled,yes,5.463132999982918,82,52,61
1,001,23,m,r,memory_test,627,380,shower_cap_12s,seen,yes,low,controlled,yes,0.681551000016043,81,51,61
1,001,23,m,r,memory_test,628,381,hot_tub_07s,seen,yes,high,controlled,no,1.360685099993134,82,52,62
1,001,23,m,r,memory_test,629,382,headdress_11s,seen,yes,low,controlled,no,1.3394793000188656,81,51,62
1,001,23,m,r,memory_test,630,383,yarn_10s,seen,yes,low,controlled,no,0.757080200011842,81,51,62
1,001,23,m,r,memory_test,631,384,bathrobe_07s,unseen,,,,no,0.9075286999868695,85,55,61
1,001,23,m,r,memory_test,632,385,tent_12s,seen,yes,low,controlled,no,4.525644599983934,81,51,62
1,001,23,m,r,memory_test,633,386,spring_roll_05s,unseen,,,,no,1.3376608999969903,85,55,61
1,001,23,m,r,memory_test,634,387,shaving_cream_05s,unseen,,,,no,2.2836983999877702,85,55,61
1,001,23,m,r,memory_test,635,388,clothespin_08s,seen,no,low,uncontrolled,yes,0.8256723999802489,83,53,61
1,001,23,m,r,memory_test,636,389,pesto_07s,seen,no,high,uncontrolled,yes,0.8773818000045139,84,54,61
1,001,23,m,r,memory_test,637,390,sofa_bed_13s,unseen,,,,yes,0.9020016999857035,85,55,62
1,001,23,m,r,memory_test,638,391,spacesuit_12s,unseen,,,,no,0.8900286999996752,85,55,61
1,001,23,m,r,memory_test,639,392,shears_03s,unseen,,,,no,1.6648992999980692,85,55,61
1,001,23,m,r,memory_test,640,393,ironing_board_01b,seen,no,high,uncontrolled,no,4.899918199982494,84,54,62
1,001,23,m,r,memory_test,641,394,bench_16n,unseen,,,,no,1.301152700005332,85,55,61
1,001,23,m,r,memory_test,642,395,eyeliner_10s,seen,no,high,uncontrolled,no,1.4650602999900002,84,54,62
1,001,23,m,r,memory_test,643,396,batter_04s,seen,no,high,uncontrolled,no,1.1093107000051532,84,54,62
1,001,23,m,r,memory_test,644,397,leggings_12s,unseen,,,,yes,0.8578721999947447,85,55,62
1,001,23,m,r,memory_test,645,398,mashed_potato_05s,unseen,,,,yes,0.8392922999919392,85,55,62
1,001,23,m,r,memory_test,646,399,inhaler_12s,unseen,,,,no,1.019870499992976,85,55,61
1,001,23,m,r,memory_test,647,400,veil_01s,seen,no,high,uncontrolled,yes,1.063288899982581,84,54,61
1,001,23,m,r,memory_test,648,401,playpen_05s,unseen,,,,no,2.9353949000069406,85,55,61
1,001,23,m,r,memory_test,649,402,tab_09s,unseen,,,,yes,5.525309100019513,85,55,62
1,001,23,m,r,memory_test,650,403,pinball_09s,seen,yes,high,controlled,no,0.6603984000103083,82,52,62
1,001,23,m,r,memory_test,651,404,whisk_04s,unseen,,,,yes,1.3482795000018086,85,55,62
1,001,23,m,r,memory_test,652,405,bikini_09s,unseen,,,,no,0.7929905999917537,85,55,61
1,001,23,m,r,memory_test,653,406,light_switch_17s,seen,no,low,uncontrolled,no,0.7037660999922082,83,53,62
1,001,23,m,r,memory_test,654,407,candy_cane_06s,unseen,,,,no,1.2275265000062063,85,55,61
1,001,23,m,r,memory_test,655,408,walker1_03s,seen,yes,high,controlled,yes,1.0162169999966864,82,52,61
1,001,23,m,r,memory_test,656,409,crouton_12s,unseen,,,,no,1.0155778999906033,85,55,61
1,001,23,m,r,memory_test,657,410,jigsaw_puzzle_09s,seen,yes,low,controlled,yes,1.2470845000061672,81,51,61
1,001,23,m,r,memory_test,658,411,coffee_13s,seen,no,low,uncontrolled,yes,0.6766504000115674,83,53,61
1,001,23,m,r,memory_test,659,412,refrigerator_11s,seen,yes,high,controlled,no,0.976662100001704,82,52,62
1,001,23,m,r,memory_test,660,413,duster_07s,unseen,,,,no,2.393616799992742,85,55,61
1,001,23,m,r,memory_test,661,414,sleeping_bag_09s,unseen,,,,yes,2.6677755000127945,85,55,62
1,001,23,m,r,memory_test,662,415,test_tube_17s,unseen,,,,no,0.6818757000146434,85,55,61
1,001,23,m,r,memory_test,663,416,punching_bag_09s,unseen,,,,yes,1.6566982000076678,85,55,62
1,001,23,m,r,memory_test,664,417,handprint_12s,unseen,,,,no,4.132342400000198,85,55,61
1,001,23,m,r,memory_test,665,418,cape_06s,seen,yes,low,controlled,no,1.067320700007258,81,51,62
1,001,23,m,r,memory_test,666,419,tomato_sauce_14s,seen,no,low,uncontrolled,yes,0.8223689000005834,83,53,61
1,001,23,m,r,memory_test,667,420,windsock_09s,seen,no,low,uncontrolled,yes,1.0836555999994744,83,53,61
1,001,23,m,r,memory_test,668,421,lamb_chop_18s,seen,yes,low,controlled,yes,1.157706900004996,81,51,61
1,001,23,m,r,memory_test,669,422,shortbread_08s,unseen,,,,no,1.5514598000154365,85,55,61
1,001,23,m,r,memory_test,670,423,hotdog_03s,seen,yes,high,controlled,no,3.421571799990488,82,52,62
1,001,23,m,r,memory_test,671,424,saxophone_07s,seen,no,high,uncontrolled,yes,1.5121329000103287,84,54,61
1,001,23,m,r,memory_test,672,425,bin_01b,seen,yes,low,controlled,no,2.3089447999955155,81,51,62
1,001,23,m,r,memory_test,673,426,punch2_01b,unseen,,,,yes,0.9095712999987882,85,55,62
1,001,23,m,r,memory_test,674,427,nail_08s,seen,yes,high,controlled,yes,0.7750957999960519,82,52,61
1,001,23,m,r,memory_test,675,428,iceskate_07s,seen,no,low,uncontrolled,no,0.9470482000033371,83,53,62
1,001,23,m,r,memory_test,676,429,headband_04s,unseen,,,,no,0.7778403999982402,85,55,61
1,001,23,m,r,memory_test,677,430,dreidel_13s,seen,yes,low,controlled,yes,2.2841429999971297,81,51,61
1,001,23,m,r,memory_test,678,431,sorbet_07s,unseen,,,,no,1.3415969000197947,85,55,61
1,001,23,m,r,memory_test,679,432,tortellini_06s,unseen,,,,no,0.858009800023865,85,55,61
1,001,23,m,r,memory_test,680,433,razor_09s,seen,yes,low,controlled,no,1.0130940999952145,81,51,62
1,001,23,m,r,memory_test,681,434,ready_meal_11s,unseen,,,,no,7.728726200002711,85,55,61
1,001,23,m,r,memory_test,682,435,straw2_09s,unseen,,,,no,2.5428801999951247,85,55,61
1,001,23,m,r,memory_test,683,436,corset_09s,seen,no,low,uncontrolled,no,1.19241369998781,83,53,62
1,001,23,m,r,memory_test,684,437,match_07s,unseen,,,,no,5.056081300019287,85,55,61
1,001,23,m,r,memory_test,685,438,domino_02s,unseen,,,,no,2.8311830000020564,85,55,61
1,001,23,m,r,memory_test,686,439,gavel_02s,unseen,,,,no,2.907195200008573,85,55,61
1,001,23,m,r,memory_test,687,440,trap_07s,seen,yes,high,controlled,no,0.8290967000066303,82,52,62
1,001,23,m,r,memory_test,688,441,mixer_03s,seen,no,high,uncontrolled,no,0.7751519000157714,84,54,62
1,001,23,m,r,memory_test,689,442,highlighter_05s,seen,yes,high,controlled,no,0.7336155000084545,82,52,62
1,001,23,m,r,memory_test,690,443,sequin_08s,seen,yes,low,controlled,no,0.7905446999939159,81,51,62
1,001,23,m,r,memory_test,691,444,bandanna_10s,unseen,,,,no,0.8526604000071529,85,55,61
1,001,23,m,r,memory_test,692,445,headrest_10s,unseen,,,,no,0.8080073000164703,85,55,61
1,001,23,m,r,memory_test,693,446,coal_08s,seen,yes,high,controlled,no,2.093123300001025,82,52,62
1,001,23,m,r,memory_test,694,447,vest_09s,unseen,,,,no,1.394992799992906,85,55,61
1,001,23,m,r,memory_test,695,448,crystal1_05s,unseen,,,,no,0.5680025000183377,85,55,61
1,001,23,m,r,memory_test,696,449,noodle_01s,unseen,,,,no,0.7698894999921322,85,55,61
1,001,23,m,r,memory_test,697,450,boa_02s,unseen,,,,no,0.8529191999987233,85,55,61
1,001,23,m,r,memory_test,698,451,snowman_03s,seen,no,low,uncontrolled,no,0.7561115999997128,83,53,62
1,001,23,m,r,memory_test,699,452,shoelace_06s,seen,yes,high,controlled,no,0.6745111999916844,82,52,62
1,001,23,m,r,memory_test,700,453,ruby_14s,seen,yes,high,controlled,yes,3.8539509999973234,82,52,61
1,001,23,m,r,memory_test,701,454,applesauce_05s,unseen,,,,no,1.3032515999802854,85,55,61
1,001,23,m,r,memory_test,702,455,toothpick_14n,seen,no,high,uncontrolled,no,1.6654341999965254,84,54,62
1,001,23,m,r,memory_test,703,456,bow1_01b,unseen,,,,no,0.7817465999978594,85,55,61
1,001,23,m,r,memory_test,704,457,braid_09s,unseen,,,,no,1.6797198000131175,85,55,61
1,001,23,m,r,memory_test,705,458,goggles_07s,unseen,,,,no,2.5099309999786783,85,55,61
1,001,23,m,r,memory_test,706,459,french_fries_11s,seen,no,low,uncontrolled,no,2.3709616000123788,83,53,62
1,001,23,m,r,memory_test,707,460,seesaw_03s,unseen,,,,no,1.0707358000217937,85,55,61
1,001,23,m,r,memory_test,708,461,waffle_iron_14s,unseen,,,,no,1.0007059999916237,85,55,61
1,001,23,m,r,memory_test,709,462,orange_rind_15s,seen,no,high,uncontrolled,no,3.142377400014084,84,54,62
1,001,23,m,r,memory_test,710,463,mop_01b,unseen,,,,no,2.1625979999953415,85,55,61
1,001,23,m,r,memory_test,711,464,float_04s,unseen,,,,no,3.3883430999994744,85,55,61
1,001,23,m,r,memory_test,712,465,screw_05s,unseen,,,,yes,0.7565718999831006,85,55,62
1,001,23,m,r,memory_test,713,466,locker_12s,unseen,,,,no,0.831738500011852,85,55,61
1,001,23,m,r,memory_test,714,467,sweatsuit_06s,unseen,,,,no,1.2990846000029705,85,55,61
1,001,23,m,r,memory_test,715,468,quiche_11s,unseen,,,,no,7.667274600011297,85,55,61
1,001,23,m,r,memory_test,716,469,cookie_cutter_09s,unseen,,,,no,3.8190248000028078,85,55,61
1,001,23,m,r,memory_test,717,470,rattle_08s,unseen,,,,no,1.6399538000114262,85,55,61
1,001,23,m,r,memory_test,718,471,chicken1_08s,seen,no,high,uncontrolled,no,1.4355923000257462,84,54,62
1,001,23,m,r,memory_test,719,472,bib_13n,unseen,,,,no,1.147654300002614,85,55,61
1,001,23,m,r,memory_test,720,473,firewood_05s,unseen,,,,yes,0.7191030000103638,85,55,62
1,001,23,m,r,memory_test,721,474,string_cheese_01b,seen,no,low,uncontrolled,no,1.1915135000017472,83,53,62
1,001,23,m,r,memory_test,722,475,squeegee_10s,unseen,,,,no,0.6878920999879483,85,55,61
1,001,23,m,r,memory_test,723,476,bracelet1_12s,seen,yes,low,controlled,no,4.137656200007768,81,51,62
1,001,23,m,r,memory_test,724,477,straightjacket_05s,seen,yes,high,controlled,no,2.540499800001271,82,52,62
1,001,23,m,r,memory_test,725,478,tortilla_04s,unseen,,,,no,1.288319399987813,85,55,61
1,001,23,m,r,memory_test,726,479,belt_buckle_14s,seen,no,low,uncontrolled,no,2.3764497000083793,83,53,62
1,001,23,m,r,memory_test,727,480,costume_08s,seen,yes,low,controlled,yes,1.5278905000013765,81,51,61
