thisRow.t;notes;overall_trial_num;participant;session;age;gender;handedness;phase;calib_target;n_shapes;block_num;trial_in_block;prop_used;stimulus_logit;detection_accuracy;is_timeout;rt_choice;early_response;true_controlled;response_controlled;quest_alpha_sd;mean_evidence;sum_evidence;var_evidence;target_snippet_id;distractor_snippet_ids;quest_alpha_mean;quest_beta_mean;quest_beta_sd;quest_lambda_mean;quest_lambda_sd;control_condition;threshold_75;agency_rating;img_A_name;img_B_name;trigger_fix;trigger_stim_onset;trigger_motion_start;trigger_resp_onset;trigger_resp_val;target_is_left;participant;session;age;gender;handedness;quest_prop_low;quest_low_converged;quest_prop_high;quest_high_converged;miniblock_order;starts_with
;;1;1;1;23;m;r;calibration;0.55;2;0;1;0.347354013008391;-0.6306903787402434;0;TRUE;nan;FALSE;square;timeout;0.9647827600469936;42.763.998.667.931.100;8.210.687.744.242.770;1.578.219.502.977.300;946;[np.int64(1373)];-0.4032637351236755;32.578.881.299.235.900;20.598.586.972.362.500;0.026000000000000002;0.021540659228538015;;;;;;;;;;;;1;1;23;m;r;;;;;;
;;2;1;1;23;m;r;calibration;0.55;2;0;2;0.347354013008391;-0.6306903787402434;1;FALSE;14.864.953.999.931.400;FALSE;dot;dot;0.9585022178944526;22.460.968.378.851.000;41.552.791.500.874.400;29.505.800.129.271.400;10;[np.int64(722)];-0.6105307855798056;32.449.087.058.269.000;2.055.422.663.760.530;0.0257181206205907;0.02148187862845949;;;;;;;;;;;;1;1;23;m;r;;;;;;
;;3;1;1;23;m;r;calibration;0.55;2;0;3;0.347354013008391;-0.6306903787402434;1;FALSE;0.8513835000048857;FALSE;square;square;0.9261401199953351;24.095.404.660.003.600;607.204.197.432.092;11.939.392.388.431.300;766;[np.int64(663)];-0.8088180781535858;3.249.478.062.754.120;20.577.708.660.113.300;0.025403727978280513;0.021413000928689013;;;;;;;;;;;;1;1;23;m;r;;;;;;
;;4;1;1;23;m;r;calibration;0.55;2;0;4;0.40766968306220214;-0.37360720091511007;0;FALSE;10.083.777.999.971.000;FALSE;dot;square;0.8577065355739377;8.444.508.647.853.520;15.369.005.739.093.400;32.051.642.058.085.300;238;[np.int64(923)];-0.11035630232260359;3.118.646.214.381.690;20.043.000.006.396.800;0.02701312168069854;0.021708242636034276;;;;;;;;;;;;1;1;23;m;r;;;;;;
;;5;1;1;23;m;r;calibration;0.55;2;0;5;0.40766968306220214;-0.37360720091511007;0;FALSE;0.7207695999823045;FALSE;dot;square;0.7120014164022872;553.874.758.176.798;10.080.520.598.817.700;2.020.036.424.637.220;1055;[np.int64(1064)];0.27487334930366863;31.671.149.997.730.600;2.023.744.802.639.660;0.027632467193165727;0.021802787037637685;;;;;;;;;;;;1;1;23;m;r;;;;;;
;;6;1;1;23;m;r;calibration;0.55;2;0;6;0.5981210736084265;0.3976423325602886;1;FALSE;0.5662447999930009;FALSE;dot;dot;0.690614876461618;16.164.399.654.882.900;29.419.207.371.886.800;20.923.882.124.517.100;793;[np.int64(560)];0.15118654660903888;3.184.254.301.421.750;20.319.127.340.434.300;0.027286494156793448;0.021749342776679448;;;;;;;;;;;;1;1;23;m;r;;;;;;
;;7;1;1;23;m;r;calibration;0.55;2;0;7;0.5981210736084265;0.3976423325602886;1;FALSE;0.751143300003605;FALSE;dot;dot;0.662840368675673;16.588.200.751.297.800;3.019.052.536.736.200;18.882.408.841.909.600;820;[np.int64(1087)];0.04065446730844163;32.154.330.693.491.900;2.046.078.162.653.940;0.026921169601523545;0.02168846110765825;;;;;;;;;;;;1;1;23;m;r;;;;;;
;;8;1;1;23;m;r;calibration;0.55;2;0;8;0.5981210736084265;0.3976423325602886;1;FALSE;0.42628960000001825;FALSE;dot;dot;0.6328461146239781;17.421.447.416.746.600;3.188.124.877.264.640;21.900.254.781.684.100;344;[np.int64(678)];-0.0552871387460957;32.583.777.904.696.200;2.064.849.371.866.440;0.026540256094572008;0.021620105210438095;;;;;;;;;;;;1;1;23;m;r;;;;;;
;;9;1;1;23;m;r;calibration;0.55;2;0;9;0.5350820483873121;0.14055915473515587;1;FALSE;0.6452719999942929;FALSE;square;square;0.6116673194349489;15.637.134.415.448.300;2.799.047.060.365.260;20.127.617.789.560.500;929;[np.int64(334)];-0.15229136885625438;3.288.459.211.872.580;20.787.741.314.630.600;0.026185510667663968;0.021552047209944275;;;;;;;;;;;;1;1;23;m;r;;;;;;
;;10;1;1;23;m;r;calibration;0.55;2;0;10;0.47090191089840744;-0.11652402308997703;1;FALSE;0.4913821999798529;FALSE;dot;dot;0.6013307665823232;11.013.857.613.783.800;2.004.522.085.708.660;18.914.688.941.506.900;643;[np.int64(1043)];-0.2510523167104;329.410.342.839.068;20.812.493.796.697.600;0.02586312456632186;0.02148651992468596;;;;;;;;;;;;1;1;23;m;r;;;;;;
;;11;1;1;23;m;r;calibration;0.55;2;0;11;0.40766968306220214;-0.37360720091511007;1;FALSE;0.6450339000148233;FALSE;square;square;0.6024731935843858;4.963.388.678.785.460;9.033.367.395.389.540;5.253.125.587.504.250;675;[np.int64(1340)];nan;nan;nan;nan;nan;;;;;;;;;;;;1;1;23;m;r;;;;;;
;;12;1;1;23;m;r;calibration;0.55;2;0;12;0.40766968306220214;-0.37360720091511007;1;FALSE;0.45421329999226145;FALSE;dot;dot;0.5992042622748903;5.073.138.790.845.670;9.233.112.599.339.120;3.093.679.965.257.800;277;[np.int64(176)];nan;nan;nan;nan;nan;;;;;;;;;;;;1;1;23;m;r;;;;;;
;;13;1;1;23;m;r;calibration;0.55;2;0;13;0.347354013008391;-0.6306903787402434;0;FALSE;0.5974301999958698;FALSE;dot;square;0.5122819891763991;6.189.426.335.849.600;11.264.755.931.246.200;31.805.850.756.826.600;864;[np.int64(253)];nan;nan;nan;nan;nan;;;;;;;;;;;;1;1;23;m;r;;;;;;
;;14;1;1;23;m;r;calibration;0.55;2;0;14;0.5350820483873121;0.14055915473515587;1;FALSE;0.4735952999908477;FALSE;dot;dot;0.4856411104375628;14.909.689.744.864.200;27.135.635.335.652.800;20.971.603.641.241.000;1217;[np.int64(1501)];nan;nan;nan;nan;nan;;;;;;;;;;;;1;1;23;m;r;;;;;;
;;15;1;1;23;m;r;calibration;0.55;2;0;15;0.47090191089840744;-0.11652402308997703;1;FALSE;0.5551343999977689;FALSE;square;square;0.4685794788570276;9.079.521.604.755.230;16.524.729.320.654.500;3.375.950.114.697.720;1292;[np.int64(72)];nan;nan;nan;nan;nan;;;;;;;;;;;;1;1;23;m;r;;;;;;
;;16;1;1;23;m;r;calibration;0.55;2;0;16;0.47090191089840744;-0.11652402308997703;1;FALSE;0.5446928000019398;FALSE;square;square;0.45277557228970705;10.913.426.127.596.300;19.862.435.552.225.400;2.594.904.383.623.560;1567;[np.int64(777)];nan;nan;nan;nan;nan;;;;;;;;;;;;1;1;23;m;r;;;;;;
;;17;1;1;23;m;r;calibration;0.55;2;0;17;0.40766968306220214;-0.37360720091511007;1;FALSE;0.4780639999953564;FALSE;dot;dot;0.447594229647884;6.781.954.116.980.840;12.343.156.492.905.100;2.453.228.876.389.930;179;[np.int64(1348)];nan;nan;nan;nan;nan;;;;;;;;;;;;1;1;23;m;r;;;;;;
;;18;1;1;23;m;r;calibration;0.55;2;0;18;0.40766968306220214;-0.37360720091511007;1;FALSE;0.3552322000032291;FALSE;dot;dot;0.44200860903414435;3.954.939.325.841.740;7.197.989.573.031.970;19.048.338.519.064.800;1409;[np.int64(549)];nan;nan;nan;nan;nan;;;;;;;;;;;;1;1;23;m;r;;;;;;
;;19;1;1;23;m;r;calibration;0.55;2;0;19;0.347354013008391;-0.6306903787402434;1;FALSE;0.4740056999726221;FALSE;square;square;0.4473383002196237;7.144.417.801.738.280;13.002.840.399.163.600;4.211.803.893.262.360;1548;[np.int64(1237)];nan;nan;nan;nan;nan;;;;;;;;;;;;1;1;23;m;r;;;;;;
;;20;1;1;23;m;r;calibration;0.55;2;0;20;0.347354013008391;-0.6306903787402434;1;FALSE;0.44643720000749454;FALSE;square;square;0.4510173811926905;5.669.324.628.479.430;1.031.817.082.383.250;28.090.111.884.781.900;323;[np.int64(1113)];-0.6661229586287629;34.660.737.596.103.000;2.152.622.105.512.180;0.02359719754015439;0.020919383179358434;;;;;;;;;;;;1;1;23;m;r;;;;;;
;;21;1;1;23;m;r;calibration;0.55;2;0;21;0.347354013008391;-0.6306903787402434;1;FALSE;0.43858479999471456;FALSE;square;square;0.4529030211866894;5.277.539.085.800.940;9.605.121.136.157.720;2.792.807.646.795.640;1339;[np.int64(570)];nan;nan;nan;nan;nan;;;;;;;;;;;;1;1;23;m;r;;;;;;
;;22;1;1;23;m;r;calibration;0.55;2;0;22;0.29156950079727495;-0.887773556565376;1;FALSE;14.280.677.000.060.600;FALSE;dot;dot;0.46453750007256406;24.779.007.895.863.100;4.509.779.437.047.090;2.733.284.602.363.330;941;[np.int64(1461)];nan;nan;nan;nan;nan;;;;;;;;;;;;1;1;23;m;r;;;;;;
;;23;1;1;23;m;r;calibration;0.55;2;0;23;0.29156950079727495;-0.887773556565376;1;FALSE;0.3964466000034008;FALSE;square;square;0.47337321147357536;530.499.943.435.091;9.655.098.970.518.650;35.995.447.712.635.400;1077;[np.int64(22)];nan;nan;nan;nan;nan;;;;;;;;;;;;1;1;23;m;r;;;;;;
;;24;1;1;23;m;r;calibration;0.55;2;0;24;0.29156950079727495;-0.887773556565376;1;FALSE;0.7107901000126731;FALSE;dot;dot;0.4789671468706716;43.955.535.568.111.400;8.043.863.008.964.390;42.054.110.757.081.400;44;[np.int64(618)];nan;nan;nan;nan;nan;;;;;;;;;;;;1;1;23;m;r;;;;;;
;;25;1;1;23;m;r;calibration;0.55;2;0;25;0.2414297750189407;-11.448.567.343.905.000;1;FALSE;0.5975459000037517;FALSE;dot;dot;0.4928160835309977;4.418.121.835.965.380;808.516.295.981.666;23.156.703.530.155.500;1448;[np.int64(552)];nan;nan;nan;nan;nan;;;;;;;;;;;;1;1;23;m;r;;;;;;
;;26;1;1;23;m;r;calibration;0.55;2;0;26;0.2414297750189407;-11.448.567.343.905.000;1;FALSE;0.8626929000020027;FALSE;dot;dot;0.5025434784997351;38.625.803.759.747.800;780.241.235.946.906;39.906.438.805.986.900;602;[np.int64(1000)];nan;nan;nan;nan;nan;;;;;;;;;;;;1;1;23;m;r;;;;;;
;;27;1;1;23;m;r;calibration;0.55;2;0;27;0.2414297750189407;-11.448.567.343.905.000;0;FALSE;13.543.376.000.015.900;FALSE;dot;square;0.4200671946755412;3.262.343.006.087.450;597.008.770.114.005;32.383.730.998.058.200;979;[np.int64(1307)];nan;nan;nan;nan;nan;;;;;;;;;;;;1;1;23;m;r;;;;;;
;;28;1;1;23;m;r;calibration;0.55;2;0;28;0.29156950079727495;-0.887773556565376;1;FALSE;0.5728787000116426;FALSE;square;square;0.41914194292951085;54.692.401.015.911.100;10.008.709.385.911.700;468.169.528.017.471;1594;[np.int64(372)];nan;nan;nan;nan;nan;;;;;;;;;;;;1;1;23;m;r;;;;;;
;;29;1;1;23;m;r;calibration;0.55;2;0;29;0.29156950079727495;-0.887773556565376;1;FALSE;0.6215774000156671;FALSE;square;square;0.41637813370409915;3.022.256.566.733.500;553.072.951.712.232;26.103.081.740.466.900;1560;[np.int64(1399)];nan;nan;nan;nan;nan;;;;;;;;;;;;1;1;23;m;r;;;;;;
;;30;1;1;23;m;r;calibration;0.55;2;0;30;0.29156950079727495;-0.887773556565376;1;FALSE;0.55948769999668;FALSE;square;square;0.4121774433521424;3.598.030.618.639.720;6.548.415.725.924.290;14.516.467.118.089.300;1376;[np.int64(1342)];-1.064.331.367.989.870;3.375.186.196.701.060;2.106.648.398.167.390;0.021815778727715507;0.020341674291553476;;;;;;;;;;;;1;1;23;m;r;;;;;;
;;31;1;1;23;m;r;calibration;0.55;2;0;31;0.29156950079727495;-0.887773556565376;1;FALSE;0.4735158999974374;FALSE;square;square;0.4070105224345551;-0.23271961562867172;-45.380.325.047.590.900;2.030.858.289.289.250;629;[np.int64(776)];nan;nan;nan;nan;nan;;;;;;;;;;;;1;1;23;m;r;;;;;;
;;32;1;1;23;m;r;calibration;0.55;2;0;32;0.2414297750189407;-11.448.567.343.905.000;1;FALSE;0.6935629000072367;FALSE;dot;dot;0.4094384206869349;39.387.854.729.563.500;7.168.589.560.780.560;4.216.909.754.439.580;230;[np.int64(1091)];nan;nan;nan;nan;nan;;;;;;;;;;;;1;1;23;m;r;;;;;;
;;33;1;1;23;m;r;calibration;0.55;2;0;33;0.2414297750189407;-11.448.567.343.905.000;1;FALSE;0.9463561000011396;FALSE;dot;dot;0.41014620040340566;24.472.218.787.642.000;4.453.943.819.350.850;39.393.258.969.867.300;984;[np.int64(1035)];nan;nan;nan;nan;nan;;;;;;;;;;;;1;1;23;m;r;;;;;;
;;34;1;1;23;m;r;calibration;0.55;2;0;34;0.2414297750189407;-11.448.567.343.905.000;0;FALSE;0.7645330000086688;FALSE;square;dot;0.3594631092567436;2.375.523.566.321.140;43.234.528.907.044.800;4.625.438.133.036.590;217;[np.int64(115)];nan;nan;nan;nan;nan;;;;;;;;;;;;1;1;23;m;r;;;;;;
;;35;1;1;23;m;r;calibration;0.55;2;0;35;0.29156950079727495;-0.887773556565376;0;FALSE;0.4704467999981716;FALSE;dot;square;0.34077483356997723;3.236.554.793.831.570;5.890.529.724.773.470;4.249.845.316.935.650;748;[np.int64(1093)];nan;nan;nan;nan;nan;;;;;;;;;;;;1;1;23;m;r;;;;;;
;;36;1;1;23;m;r;calibration;0.55;2;0;36;0.347354013008391;-0.6306903787402434;1;FALSE;0.4546915999962948;FALSE;square;square;0.33090713652691106;5.138.550.707.045.920;9.352.162.286.823.580;34.229.184.366.085.500;294;[np.int64(1317)];nan;nan;nan;nan;nan;;;;;;;;;;;;1;1;23;m;r;;;;;;
;;37;1;1;23;m;r;calibration;0.55;2;0;37;0.347354013008391;-0.6306903787402434;1;FALSE;0.48979969997890294;FALSE;square;square;0.3217905656856381;5.423.939.064.158.880;987.156.909.676.917;29.014.763.921.018.000;627;[np.int64(172)];nan;nan;nan;nan;nan;;;;;;;;;;;;1;1;23;m;r;;;;;;
;;38;1;1;23;m;r;calibration;0.55;2;0;38;0.29156950079727495;-0.887773556565376;1;FALSE;16.939.356.999.937.400;FALSE;square;square;0.31694168575988146;34.580.234.579.814.500;6.293.602.693.526.240;3.351.042.185.888.370;537;[np.int64(75)];nan;nan;nan;nan;nan;;;;;;;;;;;;1;1;23;m;r;;;;;;
;;39;1;1;23;m;r;calibration;0.55;2;0;39;0.29156950079727495;-0.887773556565376;1;FALSE;0.843086700013373;FALSE;square;square;0.3120317417023143;43.727.998.252.208.200;7.958.495.681.901.900;24.184.523.799.181.700;1490;[np.int64(114)];nan;nan;nan;nan;nan;;;;;;;;;;;;1;1;23;m;r;;;;;;
;;40;1;1;23;m;r;calibration;0.55;2;0;40;0.29156950079727495;-0.887773556565376;0;FALSE;0.43673439999110997;FALSE;dot;square;0.2979360130266388;15.313.075.127.248.600;28.022.927.482.865.000;2.036.188.805.566.630;1299;[np.int64(1269)];-0.9165827141518759;32.191.576.710.690.800;20.082.084.988.871.800;0.022858573708186256;0.020651785643991248;;;;;;;;;;;;1;1;23;m;r;;;;;;
;;41;1;1;23;m;r;calibration;0.55;2;0;41;0.347354013008391;-0.6306903787402434;1;FALSE;0.7159225999785122;FALSE;square;square;0.289948971914853;5.717.332.181.740.070;10.691.411.179.853.900;3.541.031.489.040.670;1456;[np.int64(497)];nan;nan;nan;nan;nan;;;;;;;;;;;;1;1;23;m;r;;;;;;
;;42;1;1;23;m;r;calibration;0.55;2;0;42;0.29156950079727495;-0.887773556565376;1;FALSE;14.248.561.999.993.300;FALSE;dot;dot;0.2857672635610428;30.370.952.811.776.700;5.527.513.411.743.360;18.393.843.497.373.300;789;[np.int64(1122)];nan;nan;nan;nan;nan;;;;;;;;;;;;1;1;23;m;r;;;;;;
;;43;1;1;23;m;r;calibration;0.55;2;0;43;0.29156950079727495;-0.887773556565376;1;FALSE;0.6566184000112116;FALSE;square;square;0.28163725946360446;41.684.174.287.026.200;76.282.038.945.258;245.538.952.822.855;7;[np.int64(1264)];nan;nan;nan;nan;nan;;;;;;;;;;;;1;1;23;m;r;;;;;;
;;44;1;1;23;m;r;calibration;0.55;2;0;44;0.29156950079727495;-0.887773556565376;1;FALSE;0.7526924000121653;FALSE;dot;dot;0.2776513243724324;0.970128865824316;1.765.634.535.800.250;43.265.469.893.543.300;1326;[np.int64(1154)];nan;nan;nan;nan;nan;;;;;;;;;;;;1;1;23;m;r;;;;;;
;;45;1;1;23;m;r;calibration;0.55;2;0;45;0.29156950079727495;-0.887773556565376;1;FALSE;0.5571593000204302;FALSE;dot;dot;0.273885467545669;7.059.886.039.650.520;1.284.899.259.216.390;21.878.419.048.034.800;1407;[np.int64(969)];nan;nan;nan;nan;nan;;;;;;;;;;;;1;1;23;m;r;;;;;;
;;46;1;1;23;m;r;calibration;0.55;2;0;46;0.29156950079727495;-0.887773556565376;1;FALSE;0.395136300008744;FALSE;dot;dot;0.2703975902354528;5.741.501.946.483.770;10.506.948.562.065.300;20.890.847.729.423.600;1367;[np.int64(1289)];nan;nan;nan;nan;nan;;;;;;;;;;;;1;1;23;m;r;;;;;;
;;47;1;1;23;m;r;calibration;0.55;2;0;47;0.29156950079727495;-0.887773556565376;0;FALSE;0.7739408999914303;FALSE;square;dot;0.2585564632288843;21.020.228.628.834.000;3.825.681.610.447.790;24.719.048.044.739.400;1511;[np.int64(841)];nan;nan;nan;nan;nan;;;;;;;;;;;;1;1;23;m;r;;;;;;
;;48;1;1;23;m;r;calibration;0.55;2;0;48;0.29156950079727495;-0.887773556565376;0;FALSE;0.34585599999991246;FALSE;square;dot;0.2524950885821211;52.624.252.341.616.600;9.577.613.926.174.230;4.220.059.895.091.490;85;[np.int64(1386)];nan;nan;nan;nan;nan;;;;;;;;;;;;1;1;23;m;r;;;;;;
;;49;1;1;23;m;r;calibration;0.55;2;0;49;0.347354013008391;-0.6306903787402434;0;FALSE;1.187.995.200.016.300;FALSE;dot;square;0.26093581912863584;3.478.857.110.434.070;6.331.519.940.990.010;5.103.079.964.142.580;741;[np.int64(1322)];nan;nan;nan;nan;nan;;;;;;;;;;;;1;1;23;m;r;;;;;;
;;50;1;1;23;m;r;calibration;0.55;2;0;50;0.347354013008391;-0.6306903787402434;1;FALSE;0.3875996000133455;FALSE;dot;dot;0.2539947019322875;5.957.975.878.218.450;10.843.516.098.357.500;4.121.877.531.128.650;446;[np.int64(996)];-0.8355179749079614;28.391.099.402.441.200;17.264.286.533.024.100;0.024500908770156118;0.021068221795043602;;;;;;;;;;;;1;1;23;m;r;;;;;;
;;51;1;1;23;m;r;calibration;0.55;2;0;51;0.347354013008391;-0.6306903787402434;1;FALSE;0.36039039999013767;FALSE;dot;dot;0.2475718391797806;5.830.516.547.362.200;10.669.845.281.672.800;19.738.423.351.691.900;1504;[np.int64(736)];nan;nan;nan;nan;nan;;;;;;;;;;;;1;1;23;m;r;;;;;;
;;52;1;1;23;m;r;calibration;0.55;2;0;52;0.347354013008391;-0.6306903787402434;1;FALSE;0.6034014000033494;FALSE;dot;dot;0.24166525775840164;5.590.744.460.899.190;10.175.154.918.836.500;19.822.641.883.040.900;1130;[np.int64(862)];nan;nan;nan;nan;nan;;;;;;;;;;;;1;1;23;m;r;;;;;;
;;53;1;1;23;m;r;calibration;0.55;2;0;53;0.347354013008391;-0.6306903787402434;1;FALSE;0.4806061999988742;FALSE;dot;dot;0.2362646459660406;4.420.355.580.804.870;8.045.047.157.064.870;1.038.247.700.892.990;1007;[np.int64(401)];nan;nan;nan;nan;nan;;;;;;;;;;;;1;1;23;m;r;;;;;;
;;54;1;1;23;m;r;calibration;0.55;2;0;54;0.347354013008391;-0.6306903787402434;1;FALSE;11.102.882.999.985.000;FALSE;square;square;0.23135286094755542;52.001.220.789.060.200;9.464.222.183.608.960;25.756.631.303.667.900;1328;[np.int64(475)];nan;nan;nan;nan;nan;;;;;;;;;;;;1;1;23;m;r;;;;;;
;;55;1;1;23;m;r;calibration;0.55;2;0;55;0.347354013008391;-0.6306903787402434;1;FALSE;0.6817204999970272;FALSE;square;square;0.22690739790409445;5.527.171.079.315.300;10.059.451.364.353.800;5.776.743.464.218.460;1473;[np.int64(33)];nan;nan;nan;nan;nan;;;;;;;;;;;;1;1;23;m;r;;;;;;
;;56;1;1;23;m;r;calibration;0.55;2;0;56;0.29156950079727495;-0.887773556565376;1;FALSE;1.091.190.600.011.030;FALSE;square;square;0.22466112357972212;4.042.959.648.673.310;7.358.186.560.585.430;38.539.844.771.913.200;15;[np.int64(543)];nan;nan;nan;nan;nan;;;;;;;;;;;;1;1;23;m;r;;;;;;
;;57;1;1;23;m;r;calibration;0.55;2;0;57;0.29156950079727495;-0.887773556565376;1;FALSE;0.7284494999912567;FALSE;dot;dot;0.22252463230166855;30.108.647.535.559.500;5.479.773.851.471.830;22.525.382.806.765.700;259;[np.int64(169)];nan;nan;nan;nan;nan;;;;;;;;;;;;1;1;23;m;r;;;;;;
;;58;1;1;23;m;r;calibration;0.55;2;0;58;0.29156950079727495;-0.887773556565376;1;FALSE;0.7807247999880929;FALSE;dot;dot;0.2205056129140955;38.016.240.610.151.600;6.956.972.031.657.750;5.067.494.229.384.700;1479;[np.int64(1459)];nan;nan;nan;nan;nan;;;;;;;;;;;;1;1;23;m;r;;;;;;
;;59;1;1;23;m;r;calibration;0.55;2;0;59;0.29156950079727495;-0.887773556565376;1;FALSE;0.6596931999956723;FALSE;dot;dot;0.2186092833809834;31.868.394.891.521.900;5.831.916.265.148.500;3.609.873.466.214.600;210;[np.int64(740)];nan;nan;nan;nan;nan;;;;;;;;;;;;1;1;23;m;r;;;;;;
;;60;1;1;23;m;r;calibration;0.55;2;0;60;0.29156950079727495;-0.887773556565376;1;FALSE;0.6264617999840993;FALSE;dot;dot;0.21683864505345687;5.652.841.772.283.440;10.288.172.025.555.800;3.131.781.291.857.110;567;[np.int64(660)];-10.278.887.507.966.500;3.287.870.859.206.980;20.037.828.518.915.700;0.02125526919448265;0.0200441725981022;;;;;;;;;;;;1;1;23;m;r;;;;;;
;;61;1;1;23;m;r;calibration;0.55;2;0;61;0.29156950079727495;-0.887773556565376;1;FALSE;0.5406809999840334;FALSE;square;square;0.21519474631565064;3.709.283.134.711.150;7.455.659.100.769.420;18.658.130.680.125.900;995;[np.int64(960)];nan;nan;nan;nan;nan;;;;;;;;;;;;1;1;23;m;r;;;;;;
;;62;1;1;23;m;r;calibration;0.55;2;0;62;0.29156950079727495;-0.887773556565376;0;FALSE;16.345.854.000.246.600;FALSE;square;dot;0.207674151663404;4.055.144.693.547.940;7.380.363.342.257.250;21.328.314.329.511.300;1558;[np.int64(753)];nan;nan;nan;nan;nan;;;;;;;;;;;;1;1;23;m;r;;;;;;
;;63;1;1;23;m;r;calibration;0.55;2;0;63;0.29156950079727495;-0.887773556565376;1;FALSE;0.9896256000210997;FALSE;square;square;0.20592703190398431;22.912.099.426.474.500;4.170.002.095.618.370;51.439.599.081.771.000;1545;[np.int64(1410)];nan;nan;nan;nan;nan;;;;;;;;;;;;1;1;23;m;r;;;;;;
;;64;1;1;23;m;r;calibration;0.55;2;0;64;0.29156950079727495;-0.887773556565376;1;FALSE;0.7364185999904294;FALSE;square;square;0.20430811644908792;5.856.136.171.294.140;10.716.729.193.468.200;4.086.186.711.569.250;1321;[np.int64(358)];nan;nan;nan;nan;nan;;;;;;;;;;;;1;1;23;m;r;;;;;;
;;65;1;1;23;m;r;calibration;0.55;2;0;65;0.29156950079727495;-0.887773556565376;1;FALSE;0.6781847999955062;FALSE;dot;dot;0.20281319844499807;28.846.608.402.920.500;5.250.082.729.331.530;2.851.888.470.831.650;771;[np.int64(1033)];nan;nan;nan;nan;nan;;;;;;;;;;;;1;1;23;m;r;;;;;;
;;66;1;1;23;m;r;calibration;0.55;2;0;66;0.29156950079727495;-0.887773556565376;1;FALSE;0.7469860999844968;FALSE;dot;dot;0.20143721531357192;2.016.749.929.717.490;7.361.137.243.468.840;22.773.263.650.755.900;828;[np.int64(912)];nan;nan;nan;nan;nan;;;;;;;;;;;;1;1;23;m;r;;;;;;
;;67;1;1;23;m;r;calibration;0.55;2;0;67;0.29156950079727495;-0.887773556565376;0;FALSE;0.6633036000130232;FALSE;dot;square;0.19518676848793404;38.716.315.679.379.800;7.046.369.453.647.120;2.962.817.656.656.970;1538;[np.int64(312)];nan;nan;nan;nan;nan;;;;;;;;;;;;1;1;23;m;r;;;;;;
;;68;1;1;23;m;r;calibration;0.75;2;-1;1;0.5981210736084265;0.3976423325602886;1;FALSE;17.249.289.999.890.600;FALSE;dot;dot;0.8833941500202273;10.364.302.634.108.800;2.062.496.224.187.660;14.147.906.422.828.800;1480;[np.int64(1126)];0.49887896444510554;32.323.377.588.830.700;2.050.691.472.501.900;0.0257364756811414;0.02148582368615677;;;;;;;;;;;;1;1;23;m;r;0.12829639754099947;TRUE;;;;
;;69;1;1;23;m;r;calibration;0.75;2;-1;2;0.5350820483873121;0.14055915473515587;1;FALSE;0.8451831000274979;FALSE;dot;dot;0.8974722567509856;14.422.345.126.964.400;26.248.668.131.075.200;1.873.344.246.161.780;985;[np.int64(894)];0.3118133766571681;32.082.444.668.428.900;20.424.419.558.677.000;0.025480950703595955;0.02143037331807896;;;;;;;;;;;;1;1;23;m;r;0.12829639754099947;TRUE;;;;
;;70;1;1;23;m;r;calibration;0.75;2;-1;3;0.5350820483873121;0.14055915473515587;1;FALSE;0.4289672000159044;FALSE;dot;dot;0.8872830967337415;14.354.379.965.402.500;2.612.497.153.703.250;2.048.270.833.302.940;236;[np.int64(1118)];0.12417907816641394;3.202.036.049.568.460;20.413.069.970.393.200;0.025192955999298612;0.021365090692057793;;;;;;;;;;;;1;1;23;m;r;0.12829639754099947;TRUE;;;;
;;71;1;1;23;m;r;calibration;0.75;2;-1;4;0.5350820483873121;0.14055915473515587;1;FALSE;0.7627395000017714;FALSE;dot;dot;0.8556339725168699;13.859.236.397.051.200;25.223.810.242.633.200;20.556.813.082.241.900;635;[np.int64(935)];-0.05217551202368467;3.212.904.805.647.710;20.470.640.208.696.400;0.02487584370063665;0.021289789542834836;;;;;;;;;;;;1;1;23;m;r;0.12829639754099947;TRUE;;;;
;;72;1;1;23;m;r;calibration;0.75;2;-1;5;0.5981210736084265;0.3976423325602886;1;FALSE;0.5637231000000611;FALSE;dot;dot;0.8003514367271172;17.700.845.290.332.100;32.215.538.428.404.500;2.105.225.255.037.240;1427;[np.int64(275)];-0.19317776838267303;3.249.692.783.827.160;2.061.588.839.060.830;0.024504387610261986;0.02119693986790726;;;;;;;;;;;;1;1;23;m;r;0.12829639754099947;TRUE;;;;
;;73;1;1;23;m;r;calibration;0.75;2;-1;6;0.5981210736084265;0.3976423325602886;1;FALSE;0.5479570000024978;FALSE;square;square;0.7455100577193209;15.388.161.426.544.500;2.800.645.379.631.110;17.805.272.327.182.600;305;[np.int64(878)];-0.30702045345973;32.958.042.780.411.600;20.790.037.865.465.800;0.02411873104376625;0.021095329369743843;;;;;;;;;;;;1;1;23;m;r;0.12829639754099947;TRUE;;;;
;;74;1;1;23;m;r;calibration;0.75;2;-1;7;0.5350820483873121;0.14055915473515587;1;FALSE;0.5828952000010759;FALSE;square;square;0.7005904430629705;12.552.011.949.099.800;2.284.466.174.736.160;12.773.150.245.423.400;52;[np.int64(1554)];-0.4153292982264823;33.417.221.114.163.300;209.729.942.929.005;0.023748981829506743;0.020992970817421727;;;;;;;;;;;;1;1;23;m;r;0.12829639754099947;TRUE;;;;
;;75;1;1;23;m;r;calibration;0.75;2;-1;8;0.40766968306220214;-0.37360720091511007;1;FALSE;0.5555012000259012;FALSE;square;square;0.6796966365425421;4.237.904.325.710.870;7.712.985.872.793.780;2.737.209.657.309.710;1568;[np.int64(1244)];-0.536614435658069;3.347.166.072.313.850;2.098.780.271.092.510;0.023441796132000516;0.020904344156043253;;;;;;;;;;;;1;1;23;m;r;0.12829639754099947;TRUE;;;;
;;76;1;1;23;m;r;calibration;0.75;2;-1;9;0.347354013008391;-0.6306903787402434;1;FALSE;0.5584951000055298;FALSE;dot;dot;0.6687357149422902;0.2835717643752186;51.610.061.116.289.700;6.441.992.304.564.320;1402;[np.int64(992)];-0.6576130589227142;3.333.519.110.544.840;20.924.404.681.215.100;0.023162240896485956;0.02082078308103772;;;;;;;;;;;;1;1;23;m;r;0.12829639754099947;TRUE;;;;
;;77;1;1;23;m;r;calibration;0.75;2;-1;10;0.347354013008391;-0.6306903787402434;1;FALSE;0.5053628000023309;FALSE;square;square;0.6507443215141001;5.833.859.140.833.240;10.617.623.636.316.500;344.530.820.149.425;1004;[np.int64(731)];-0.7731213826811978;33.372.524.500.173.200;2.093.608.125.161.410;0.02286300460961981;0.02072813704460038;;;;;;;;;;;;1;1;23;m;r;0.12829639754099947;TRUE;;;;
;;78;1;1;23;m;r;calibration;0.75;2;-1;11;0.347354013008391;-0.6306903787402434;1;FALSE;0.8106379000237212;FALSE;square;square;0.6276179782292673;39.677.983.948.977.200;7.856.240.821.897.500;16.604.237.596.154.700;76;[np.int64(1466)];nan;nan;nan;nan;nan;;;;;;;;;;;;1;1;23;m;r;0.12829639754099947;TRUE;;;;
;;79;1;1;23;m;r;calibration;0.75;2;-1;12;0.29156950079727495;-0.887773556565376;1;FALSE;0.5929419999883976;FALSE;square;square;0.613509958125051;4.063.737.989.187.410;7.396.003.140.321.100;3.773.978.711.729.670;1165;[np.int64(1497)];nan;nan;nan;nan;nan;;;;;;;;;;;;1;1;23;m;r;0.12829639754099947;TRUE;;;;
;;80;1;1;23;m;r;calibration;0.75;2;-1;13;0.29156950079727495;-0.887773556565376;1;FALSE;0.4797085000027437;FALSE;dot;dot;0.5942899165175082;4.127.270.092.382.010;7.552.904.269.059.090;3.816.561.017.840.440;231;[np.int64(915)];nan;nan;nan;nan;nan;;;;;;;;;;;;1;1;23;m;r;0.12829639754099947;TRUE;;;;
;;81;1;1;23;m;r;calibration;0.75;2;-1;14;0.29156950079727495;-0.887773556565376;1;FALSE;0.5016620999958832;FALSE;dot;dot;0.5719714996001645;42.894.047.898.544.900;7.806.716.717.535.170;785.222.878.153.816;1123;[np.int64(990)];nan;nan;nan;nan;nan;;;;;;;;;;;;1;1;23;m;r;0.12829639754099947;TRUE;;;;
;;82;1;1;23;m;r;calibration;0.75;2;-1;15;0.2414297750189407;-11.448.567.343.905.000;1;FALSE;0.5412018999923021;FALSE;square;square;0.5585616707016096;32.029.527.394.736.500;582.937.398.584.206;20.003.128.176.745.500;599;[np.int64(742)];nan;nan;nan;nan;nan;;;;;;;;;;;;1;1;23;m;r;0.12829639754099947;TRUE;;;;
;;83;1;1;23;m;r;calibration;0.75;2;-1;16;0.2414297750189407;-11.448.567.343.905.000;0;FALSE;12.201.158.999.814.600;FALSE;dot;square;0.5131664238513229;33.751.785.446.078.100;6.412.839.234.754.840;22.898.187.976.242.400;899;[np.int64(1500)];nan;nan;nan;nan;nan;;;;;;;;;;;;1;1;23;m;r;0.12829639754099947;TRUE;;;;
;;84;1;1;23;m;r;calibration;0.75;2;-1;17;0.347354013008391;-0.6306903787402434;1;FALSE;0.3388240000058431;FALSE;square;square;0.4864917691499034;35.477.263.630.573.100;6.456.861.980.764.310;25.651.109.844.531.600;971;[np.int64(1125)];nan;nan;nan;nan;nan;;;;;;;;;;;;1;1;23;m;r;0.12829639754099947;TRUE;;;;
;;85;1;1;23;m;r;calibration;0.75;2;-1;18;0.29156950079727495;-0.887773556565376;1;FALSE;0.8368213000067044;FALSE;square;square;0.46900515210633253;2.892.527.657.903.600;5.264.400.337.384.560;3.909.079.621.797.460;16;[np.int64(720)];nan;nan;nan;nan;nan;;;;;;;;;;;;1;1;23;m;r;0.12829639754099947;TRUE;;;;
;;86;1;1;23;m;r;calibration;0.75;2;-1;19;0.29156950079727495;-0.887773556565376;0;FALSE;0.4760270999977365;FALSE;square;dot;0.45561143827639694;4.301.770.074.282.540;7.829.221.535.194.230;38.142.366.235.120.100;374;[np.int64(1053)];nan;nan;nan;nan;nan;;;;;;;;;;;;1;1;23;m;r;0.12829639754099947;TRUE;;;;
;;87;1;1;23;m;r;calibration;0.75;2;-1;20;0.347354013008391;-0.6306903787402434;1;FALSE;0.4281465000240132;FALSE;square;square;0.43219730508271864;4.761.135.627.512.610;8.474.821.416.972.450;37.861.487.898.138.600;804;[np.int64(1280)];-0.927236379655498;32.978.541.679.141.000;20.643.825.293.906.800;0.022626819001701104;0.02062382528473892;;;;;;;;;;;;1;1;23;m;r;0.12829639754099947;TRUE;;;;
;;88;1;1;23;m;r;calibration;0.75;2;-1;21;0.347354013008391;-0.6306903787402434;1;FALSE;0.575493699987419;FALSE;dot;dot;0.41155871279672324;2.935.309.568.905.980;6.193.503.190.391.620;56.848.088.721.623.500;1209;[np.int64(319)];nan;nan;nan;nan;nan;;;;;;;;;;;;1;1;23;m;r;0.12829639754099947;TRUE;;;;
;;89;1;1;23;m;r;calibration;0.75;2;-1;22;0.347354013008391;-0.6306903787402434;0;FALSE;0.9277116000012029;FALSE;square;dot;0.4290956324782696;5.715.118.669.057.070;10.458.667.164.374.400;1.886.639.018.005.030;972;[np.int64(78)];nan;nan;nan;nan;nan;;;;;;;;;;;;1;1;23;m;r;0.12829639754099947;TRUE;;;;
;;90;1;1;23;m;r;calibration;0.75;2;-1;23;0.40766968306220214;-0.37360720091511007;1;FALSE;0.588764899992384;FALSE;square;square;0.40437377603152386;5.937.537.504.989.550;10.806.318.259.080.900;1.759.338.990.144.430;1525;[np.int64(1038)];nan;nan;nan;nan;nan;;;;;;;;;;;;1;1;23;m;r;0.12829639754099947;TRUE;;;;
;;91;1;1;23;m;r;calibration;0.75;2;-1;24;0.40766968306220214;-0.37360720091511007;1;FALSE;0.7044019000022672;FALSE;square;square;0.38370752890068843;5.060.781.580.556.210;9.210.622.476.612.310;2.448.273.391.196.630;548;[np.int64(855)];nan;nan;nan;nan;nan;;;;;;;;;;;;1;1;23;m;r;0.12829639754099947;TRUE;;;;
;;92;1;1;23;m;r;calibration;0.75;2;-1;25;0.347354013008391;-0.6306903787402434;1;FALSE;0.47827890000189655;FALSE;square;square;0.3689901810346877;5.354.573.406.366.860;9.745.323.599.587.690;3.780.129.729.011.570;901;[np.int64(1543)];nan;nan;nan;nan;nan;;;;;;;;;;;;1;1;23;m;r;0.12829639754099947;TRUE;;;;
;;93;1;1;23;m;r;calibration;0.75;2;-1;26;0.347354013008391;-0.6306903787402434;1;FALSE;0.776595700008329;FALSE;square;square;0.35614893955376026;5.544.529.114.138.260;10.091.042.987.731.600;4.238.055.912.614.710;679;[np.int64(183)];nan;nan;nan;nan;nan;;;;;;;;;;;;1;1;23;m;r;0.12829639754099947;TRUE;;;;
;;94;1;1;23;m;r;calibration;0.75;2;-1;27;0.347354013008391;-0.6306903787402434;1;FALSE;0.4116455000184942;FALSE;square;square;0.34516872173803104;6.552.345.258.091.580;11.925.268.369.726.600;33.325.880.056.948.900;1135;[np.int64(478)];nan;nan;nan;nan;nan;;;;;;;;;;;;1;1;23;m;r;0.12829639754099947;TRUE;;;;
;;95;1;1;23;m;r;calibration;0.75;2;-1;28;0.29156950079727495;-0.887773556565376;1;FALSE;0.5277322000183631;FALSE;square;square;0.3404807424444634;4.893.487.167.980.260;8.906.146.645.724.080;3.124.812.884.234.330;692;[np.int64(859)];nan;nan;nan;nan;nan;;;;;;;;;;;;1;1;23;m;r;0.12829639754099947;TRUE;;;;
;;96;1;1;23;m;r;calibration;0.75;2;-1;29;0.29156950079727495;-0.887773556565376;1;FALSE;1.066.894.499.992.480;FALSE;dot;dot;0.3360993496179592;4.725.433.982.515.330;8.600.289.848.177.910;28.652.305.988.331.000;108;[np.int64(824)];nan;nan;nan;nan;nan;;;;;;;;;;;;1;1;23;m;r;0.12829639754099947;TRUE;;;;
;;97;1;1;23;m;r;calibration;0.75;2;-1;30;0.29156950079727495;-0.887773556565376;1;FALSE;0.44492509998963214;FALSE;dot;dot;0.3320542331088604;31.234.276.191.946.700;5.715.872.543.126.240;2.993.857.184.127.670;12;[np.int64(1595)];-10.836.861.483.063.100;3.423.721.803.241.010;210.360.127.947.271;0.021298169032493076;0.02013151358372564;;;;;;;;;;;;1;1;23;m;r;0.12829639754099947;TRUE;;;;
;;98;1;1;23;m;r;calibration;0.75;2;-1;31;0.29156950079727495;-0.887773556565376;1;FALSE;0.956638399977237;FALSE;square;square;0.32836562881199116;39.013.282.949.625.600;7.100.417.496.831.870;3.042.465.620.801.610;26;[np.int64(1063)];nan;nan;nan;nan;nan;;;;;;;;;;;;1;1;23;m;r;0.12829639754099947;TRUE;;;;
;;99;1;1;23;m;r;calibration;0.75;2;-1;32;0.2414297750189407;-11.448.567.343.905.000;0;FALSE;1.288.564.899.994.520;FALSE;dot;square;0.29134137353680145;2.700.363.384.249.440;49.686.686.270.189.700;2.527.047.392.876.400;19;[np.int64(332)];nan;nan;nan;nan;nan;;;;;;;;;;;;1;1;23;m;r;0.12829639754099947;TRUE;;;;
;;100;1;1;23;m;r;calibration;0.75;2;-1;33;0.29156950079727495;-0.887773556565376;1;FALSE;0.3892166999867186;FALSE;dot;dot;0.2864752942010144;37.696.759.182.645.700;686.081.017.124.152;5.991.258.919.408.790;184;[np.int64(28)];nan;nan;nan;nan;nan;;;;;;;;;;;;1;1;23;m;r;0.12829639754099947;TRUE;;;;
;;101;1;1;23;m;r;calibration;0.75;2;-1;34;0.29156950079727495;-0.887773556565376;1;FALSE;1.151.274.400.006.510;FALSE;dot;dot;0.2821502375933987;34.016.671.226.970.100;6.157.017.492.081.590;22.899.120.985.631.800;703;[np.int64(924)];nan;nan;nan;nan;nan;;;;;;;;;;;;1;1;23;m;r;0.12829639754099947;TRUE;;;;
;;102;1;1;23;m;r;calibration;0.75;2;-1;35;0.29156950079727495;-0.887773556565376;0;FALSE;0.6629147000203375;FALSE;dot;square;0.26925391183439445;11.639.821.129.867.200;211.844.744.563.584;44.916.680.213.825.300;947;[np.int64(361)];nan;nan;nan;nan;nan;;;;;;;;;;;;1;1;23;m;r;0.12829639754099947;TRUE;;;;
;;103;1;1;23;m;r;calibration;0.75;2;-1;36;0.29156950079727495;-0.887773556565376;1;FALSE;0.5552190000016708;FALSE;square;square;0.2644111000151713;5.099.263.381.717.880;9.280.659.354.726.550;2.239.584.447.629.100;429;[np.int64(578)];nan;nan;nan;nan;nan;;;;;;;;;;;;1;1;23;m;r;0.12829639754099947;TRUE;;;;
;;104;1;1;23;m;r;calibration;0.75;2;-1;37;0.29156950079727495;-0.887773556565376;1;FALSE;0.3528103000135161;FALSE;dot;dot;0.26011986730034325;23.105.277.922.722.900;4.228.265.859.858.290;28.445.872.211.870.300;671;[np.int64(1369)];nan;nan;nan;nan;nan;;;;;;;;;;;;1;1;23;m;r;0.12829639754099947;TRUE;;;;
;;105;1;1;23;m;r;calibration;0.75;2;-1;38;0.29156950079727495;-0.887773556565376;1;FALSE;0.5939316999865696;FALSE;square;square;0.2563538785903725;6.272.446.960.049.120;11.666.751.345.691.300;22.095.550.932.078.900;201;[np.int64(1270)];nan;nan;nan;nan;nan;;;;;;;;;;;;1;1;23;m;r;0.12829639754099947;TRUE;;;;
;;106;1;1;23;m;r;calibration;0.75;2;-1;39;0.29156950079727495;-0.887773556565376;1;FALSE;21.200.416.999.927.200;FALSE;square;square;0.253079960003191;33.719.569.773.874.500;8.665.929.431.885.760;23.053.833.262.535.600;399;[np.int64(1484)];nan;nan;nan;nan;nan;;;;;;;;;;;;1;1;23;m;r;0.12829639754099947;TRUE;;;;
;;107;1;1;23;m;r;calibration;0.75;2;-1;40;0.29156950079727495;-0.887773556565376;0;FALSE;0.6554790000081994;FALSE;dot;square;0.2430613909648128;34.474.434.105.702.600;7.101.733.425.774.730;2.663.247.244.603.090;427;[np.int64(523)];-0.9702133883228349;3.296.886.594.088.290;2.015.169.464.731.960;0.02229302013232517;0.020444459922994138;;;;;;;;;;;;1;1;23;m;r;0.12829639754099947;TRUE;;;;
;;108;1;1;23;m;r;calibration;0.75;2;-1;41;0.29156950079727495;-0.887773556565376;1;FALSE;0.6058065000106581;FALSE;dot;dot;0.2392506921822157;39.061.908.281.230.600;7.148.329.215.465.210;4.587.704.870.961.330;799;[np.int64(737)];nan;nan;nan;nan;nan;;;;;;;;;;;;1;1;23;m;r;0.12829639754099947;TRUE;;;;
;;109;1;1;23;m;r;calibration;0.75;2;-1;42;0.29156950079727495;-0.887773556565376;0;FALSE;0.9594261999882292;FALSE;square;dot;0.23487806981406265;12.852.949.904.683.700;23.520.898.325.571.300;3.411.790.687.178.800;581;[np.int64(910)];nan;nan;nan;nan;nan;;;;;;;;;;;;1;1;23;m;r;0.12829639754099947;TRUE;;;;
;;110;1;1;23;m;r;calibration;0.75;2;-1;43;0.347354013008391;-0.6306903787402434;1;FALSE;0.43822380001074634;FALSE;square;square;0.22832341815068444;2.583.182.266.636.120;47.013.917.252.777.400;22.090.119.673.103.400;959;[np.int64(49)];nan;nan;nan;nan;nan;;;;;;;;;;;;1;1;23;m;r;0.12829639754099947;TRUE;;;;
;;111;1;1;23;m;r;calibration;0.75;2;-1;44;0.347354013008391;-0.6306903787402434;1;FALSE;0.6190560000250116;FALSE;dot;dot;0.22274367955524413;37.606.349.677.235.000;688.196.199.093.402;13.441.153.433.930.100;1119;[np.int64(461)];nan;nan;nan;nan;nan;;;;;;;;;;;;1;1;23;m;r;0.12829639754099947;TRUE;;;;
;;112;1;1;23;m;r;calibration;0.75;2;-1;45;0.29156950079727495;-0.887773556565376;1;FALSE;11.639.873.000.094.600;FALSE;square;square;0.2197622393387979;34.876.236.499.869.500;634.747.504.297.625;41.431.900.130.733.800;1160;[np.int64(994)];nan;nan;nan;nan;nan;;;;;;;;;;;;1;1;23;m;r;0.12829639754099947;TRUE;;;;
;;113;1;1;23;m;r;calibration;0.75;2;-1;46;0.29156950079727495;-0.887773556565376;1;FALSE;0.7692106999747921;FALSE;square;square;0.217129466416936;4.359.065.424.227.810;7.933.499.072.094.620;35.982.935.743.020.000;1517;[np.int64(1439)];nan;nan;nan;nan;nan;;;;;;;;;;;;1;1;23;m;r;0.12829639754099947;TRUE;;;;
;;114;1;1;23;m;r;calibration;0.75;2;-1;47;0.29156950079727495;-0.887773556565376;1;FALSE;10.947.076.999.873.300;FALSE;dot;dot;0.21481299690526046;218.976.934.903.794;39.853.802.152.490.500;1.682.122.117.831.280;1566;[np.int64(867)];nan;nan;nan;nan;nan;;;;;;;;;;;;1;1;23;m;r;0.12829639754099947;TRUE;;;;
;;115;1;1;23;m;r;calibration;0.75;2;-1;48;0.29156950079727495;-0.887773556565376;1;FALSE;0.6339319000253454;FALSE;dot;dot;0.2127818365562882;4.221.733.299.540.100;7.683.554.605.162.980;2.567.156.992.946.440;1510;[np.int64(1099)];nan;nan;nan;nan;nan;;;;;;;;;;;;1;1;23;m;r;0.12829639754099947;TRUE;;;;
;;116;1;1;23;m;r;calibration;0.75;2;-1;49;0.29156950079727495;-0.887773556565376;1;FALSE;0.5388542999862693;FALSE;dot;dot;0.21100684099075775;534.377.242.582.491;9.725.665.815.001.330;35.317.074.127.436.400;942;[np.int64(927)];nan;nan;nan;nan;nan;;;;;;;;;;;;1;1;23;m;r;0.12829639754099947;TRUE;;;;
;;117;1;1;23;m;r;calibration;0.75;2;-1;50;0.29156950079727495;-0.887773556565376;1;FALSE;0.3847578999993857;FALSE;square;square;0.20946096087636343;33.007.216.664.718.800;6.007.313.432.978.820;2.297.749.702.356.800;1183;[np.int64(249)];-10.648.126.366.105.400;3.616.679.594.489.980;21.772.350.548.828.800;0.020508262539676053;0.019771484061023997;;;;;;;;;;;;1;1;23;m;r;0.12829639754099947;TRUE;;;;
;;118;1;1;23;m;r;calibration;0.75;2;-1;51;0.29156950079727495;-0.887773556565376;0;FALSE;0.5760307000018656;FALSE;square;dot;0.20069887666560315;3.140.416.759.568.050;5.715.558.502.413.850;3.937.598.247.811.140;291;[np.int64(138)];nan;nan;nan;nan;nan;;;;;;;;;;;;1;1;23;m;r;0.12829639754099947;TRUE;;;;
;;119;1;1;23;m;r;calibration;0.75;2;-1;52;0.29156950079727495;-0.887773556565376;1;FALSE;0.7052302999945823;FALSE;dot;dot;0.19889331028553103;43.643.343.241.503.500;7.943.088.469.953.650;2.955.411.976.568.190;1582;[np.int64(1073)];nan;nan;nan;nan;nan;;;;;;;;;;;;1;1;23;m;r;0.12829639754099947;TRUE;;;;
;;120;1;1;23;m;r;calibration;0.75;2;-1;53;0.29156950079727495;-0.887773556565376;0;FALSE;0.704942000011215;FALSE;square;dot;0.19378204460602225;22.177.968.584.969.200;40.363.902.824.644.100;4.000.250.285.412.600;1551;[np.int64(1344)];nan;nan;nan;nan;nan;;;;;;;;;;;;1;1;23;m;r;0.12829639754099947;TRUE;;;;
;;121;1;1;23;m;r;calibration;0.75;2;-1;54;0.29156950079727495;-0.887773556565376;1;FALSE;12.485.393.999.959.300;FALSE;square;square;0.19166428022867282;3.979.628.358.434.290;7.242.923.612.350.410;2.973.814.781.414.540;997;[np.int64(1370)];nan;nan;nan;nan;nan;;;;;;;;;;;;1;1;23;m;r;0.12829639754099947;TRUE;;;;
;;122;1;1;23;m;r;calibration;0.75;2;-1;55;0.29156950079727495;-0.887773556565376;0;FALSE;1.216.282.500.012.310;FALSE;dot;square;0.18914232496362945;37.951.395.840.322.200;690.715.404.293.865;3.628.358.295.936.050;1384;[np.int64(111)];nan;nan;nan;nan;nan;;;;;;;;;;;;1;1;23;m;r;0.12829639754099947;TRUE;;;;
;;123;1;1;23;m;r;calibration;0.75;2;-1;56;0.347354013008391;-0.6306903787402434;1;FALSE;11.998.225.999.996.000;FALSE;dot;dot;0.1855244448347942;4.561.641.737.795.330;8.302.187.962.787.510;26.016.051.338.218.800;1158;[np.int64(1137)];nan;nan;nan;nan;nan;;;;;;;;;;;;1;1;23;m;r;0.12829639754099947;TRUE;;;;
;;124;1;1;23;m;r;calibration;0.75;2;-1;57;0.29156950079727495;-0.887773556565376;1;FALSE;0.6003073000174481;FALSE;square;square;0.1834595373850406;4.666.102.638.808.370;8.492.306.802.631.240;34.143.920.619.400.800;1006;[np.int64(1166)];nan;nan;nan;nan;nan;;;;;;;;;;;;1;1;23;m;r;0.12829639754099947;TRUE;;;;
;;125;1;1;23;m;r;calibration;0.75;2;-1;58;0.29156950079727495;-0.887773556565376;1;FALSE;0.6334948999865446;FALSE;square;square;0.18162105247900723;36.110.036.710.060.200;6.572.026.681.230.950;4.988.987.574.996.190;1413;[np.int64(668)];nan;nan;nan;nan;nan;;;;;;;;;;;;1;1;23;m;r;0.12829639754099947;TRUE;;;;
;;126;1;1;23;m;r;calibration;0.75;2;-1;59;0.29156950079727495;-0.887773556565376;0;FALSE;0.7607616000168491;FALSE;dot;square;0.17937578342853394;18.530.136.334.394.500;3.372.484.812.859.810;2.407.119.724.896.720;1583;[np.int64(1148)];nan;nan;nan;nan;nan;;;;;;;;;;;;1;1;23;m;r;0.12829639754099947;TRUE;;;;
;;127;1;1;23;m;r;calibration;0.75;2;-1;60;0.347354013008391;-0.6306903787402434;0;FALSE;0.6595984000014141;FALSE;square;dot;0.18591928939702784;537.081.299.577.533;9.828.587.782.268.850;13.071.468.118.001.300;1124;[np.int64(1152)];-0.8663068231885981;27.801.515.459.853.000;15.981.465.773.086.700;0.024925891879595347;0.021112373773924255;;;;;;;;;;;;1;1;23;m;r;0.12829639754099947;TRUE;;;;
;;128;1;1;23;m;r;test;;2;1;1;0.12829639754099947;;0;FALSE;0.5323515000054613;FALSE;img_A;img_B;;1.114.274.995.868.100;19.834.094.926.452.300;1.256.818.851.481.050;907;[np.int64(778)];;;;;;low;0.12829639754099947;4;gas_mask_01b;windsock_09s;71;11;21;31;42;TRUE;1;1;23;m;r;0.12829639754099947;TRUE;0.30958094130433256;TRUE;['low', 'high', 'low', 'high', 'low', 'high'];low
;;129;1;1;23;m;r;test;;2;1;2;0.12829639754099947;;1;FALSE;13.912.605.000.077.700;FALSE;img_B;img_B;;13.014.804.954.546.600;23.947.241.116.365.800;37.493.661.862.784.000;499;[np.int64(687)];;;;;;low;0.12829639754099947;3;handbrake_03s;bracelet1_12s;71;11;21;31;41;TRUE;1;1;23;m;r;0.12829639754099947;TRUE;0.30958094130433256;TRUE;['low', 'high', 'low', 'high', 'low', 'high'];low
;;130;1;1;23;m;r;test;;2;1;3;0.12829639754099947;;0;FALSE;11.433.720.999.921.200;FALSE;img_B;img_A;;0.7625734286596917;1.387.883.640.160.630;6.646.366.996.310.610;616;[np.int64(1216)];;;;;;low;0.12829639754099947;2;snowman_03s;biscuit_09s;71;11;22;32;42;FALSE;1;1;23;m;r;0.12829639754099947;TRUE;0.30958094130433256;TRUE;['low', 'high', 'low', 'high', 'low', 'high'];low
;;131;1;1;23;m;r;test;;2;1;4;0.12829639754099947;;0;FALSE;21.909.281.999.978.700;FALSE;img_B;img_A;;-0.4962023300083498;-9.030.882.406.151.960;50.556.287.854.243.800;572;[np.int64(1552)];;;;;;low;0.12829639754099947;3;suitcase_11s;pita_08s;71;11;22;32;42;FALSE;1;1;23;m;r;0.12829639754099947;TRUE;0.30958094130433256;TRUE;['low', 'high', 'low', 'high', 'low', 'high'];low
;;132;1;1;23;m;r;test;;2;1;5;0.12829639754099947;;0;FALSE;10.443.107.000.028.200;FALSE;img_A;img_B;;0.18996273868843713;3.457.321.844.129.550;4.717.789.388.993.590;1193;[np.int64(1397)];;;;;;low;0.12829639754099947;4;dreidel_13s;pancake_08s;71;11;22;32;42;FALSE;1;1;23;m;r;0.12829639754099947;TRUE;0.30958094130433256;TRUE;['low', 'high', 'low', 'high', 'low', 'high'];low
;;133;1;1;23;m;r;test;;2;1;6;0.12829639754099947;;1;FALSE;0.6160320999915712;FALSE;img_B;img_B;;-15.732.593.484.469.400;-2.879.064.607.657.900;31.074.388.244.644.300;658;[np.int64(27)];;;;;;low;0.12829639754099947;3;leotard_13s;hobbyhorse_04s;71;11;22;32;41;FALSE;1;1;23;m;r;0.12829639754099947;TRUE;0.30958094130433256;TRUE;['low', 'high', 'low', 'high', 'low', 'high'];low
;;134;1;1;23;m;r;test;;2;1;7;0.12829639754099947;;1;FALSE;10.282.178.999.914.300;FALSE;img_A;img_A;;0.31149207617259195;5.669.155.786.341.170;4.402.843.250.448.790;412;[np.int64(1414)];;;;;;low;0.12829639754099947;4;shower_cap_12s;apron_10s;71;11;21;31;41;TRUE;1;1;23;m;r;0.12829639754099947;TRUE;0.30958094130433256;TRUE;['low', 'high', 'low', 'high', 'low', 'high'];low
;;135;1;1;23;m;r;test;;2;1;8;0.12829639754099947;;1;FALSE;0.9055336000164971;FALSE;img_B;img_B;;20.698.622.659.765.600;37.671.493.240.773.400;21.582.718.207.234.700;60;[np.int64(1257)];;;;;;low;0.12829639754099947;3;flipper_12s;cheeseburger_12s;71;11;21;31;41;TRUE;1;1;23;m;r;0.12829639754099947;TRUE;0.30958094130433256;TRUE;['low', 'high', 'low', 'high', 'low', 'high'];low
;;136;1;1;23;m;r;test;;2;1;9;0.12829639754099947;;1;FALSE;0.8856027000001632;FALSE;img_A;img_A;;45.261.943.332.921.800;8.237.673.686.591.770;35.982.409.238.679.400;939;[np.int64(194)];;;;;;low;0.12829639754099947;3;coverall_11s;pickle_09s;71;11;21;31;41;TRUE;1;1;23;m;r;0.12829639754099947;TRUE;0.30958094130433256;TRUE;['low', 'high', 'low', 'high', 'low', 'high'];low
;;137;1;1;23;m;r;test;;2;1;10;0.12829639754099947;;1;FALSE;0.8586919999797828;FALSE;img_B;img_B;;0.7697005592479816;1.423.946.034.608.760;3.690.830.063.009.520;1247;[np.int64(1201)];;;;;;low;0.12829639754099947;3;sushi_08s;costume_08s;71;11;21;31;41;TRUE;1;1;23;m;r;0.12829639754099947;TRUE;0.30958094130433256;TRUE;['low', 'high', 'low', 'high', 'low', 'high'];low
;;138;1;1;23;m;r;test;;2;1;11;0.12829639754099947;;1;FALSE;1.077.131.099.998.950;FALSE;img_B;img_B;;35.436.780.502.596.200;6.484.930.831.975.100;25.134.001.823.282.900;1508;[np.int64(330)];;;;;;low;0.12829639754099947;4;swimsuit_08s;cookie_11s;71;11;22;32;41;FALSE;1;1;23;m;r;0.12829639754099947;TRUE;0.30958094130433256;TRUE;['low', 'high', 'low', 'high', 'low', 'high'];low
;;139;1;1;23;m;r;test;;2;1;12;0.12829639754099947;;1;FALSE;0.9095137999975123;FALSE;img_A;img_A;;13.434.177.890.220.600;24.450.203.760.201.500;9.192.397.652.551.930;1017;[np.int64(1272)];;;;;;low;0.12829639754099947;4;cardboard_07s;blower_10s;71;11;22;32;41;FALSE;1;1;23;m;r;0.12829639754099947;TRUE;0.30958094130433256;TRUE;['low', 'high', 'low', 'high', 'low', 'high'];low
;;140;1;1;23;m;r;test;;2;1;13;0.12829639754099947;;1;FALSE;12.127.636.999.939.500;FALSE;img_B;img_B;;20.752.409.093.952.100;3.776.938.455.099.280;20.045.984.689.907.400;1530;[np.int64(95)];;;;;;low;0.12829639754099947;1;string_cheese_01b;solar_panel_04s;71;11;21;31;41;TRUE;1;1;23;m;r;0.12829639754099947;TRUE;0.30958094130433256;TRUE;['low', 'high', 'low', 'high', 'low', 'high'];low
;;141;1;1;23;m;r;test;;2;1;14;0.12829639754099947;;1;FALSE;10.143.976.999.970.600;FALSE;img_B;img_B;;22.796.873.557.305.700;4.559.374.711.461.140;20.561.141.593.598.900;1298;[np.int64(370)];;;;;;low;0.12829639754099947;3;magnet_12s;computer_screen_12s;71;11;22;32;41;FALSE;1;1;23;m;r;0.12829639754099947;TRUE;0.30958094130433256;TRUE;['low', 'high', 'low', 'high', 'low', 'high'];low
;;142;1;1;23;m;r;test;;2;1;15;0.12829639754099947;;1;FALSE;0.860052000003634;FALSE;img_A;img_A;;-0.9183981569004082;-16.714.846.455.587.400;5.924.823.709.672.620;1084;[np.int64(1233)];;;;;;low;0.12829639754099947;2;spam_01b;dumbbell_10s;71;11;21;31;41;TRUE;1;1;23;m;r;0.12829639754099947;TRUE;0.30958094130433256;TRUE;['low', 'high', 'low', 'high', 'low', 'high'];low
;;143;1;1;23;m;r;test;;2;1;16;0.12829639754099947;;1;FALSE;0.8745845000084955;FALSE;img_A;img_A;;12.555.836.527.078.200;2.297.718.084.455.310;7.304.877.305.728.740;576;[np.int64(638)];;;;;;low;0.12829639754099947;4;sweeper_02s;origami_03s;71;11;22;32;41;FALSE;1;1;23;m;r;0.12829639754099947;TRUE;0.30958094130433256;TRUE;['low', 'high', 'low', 'high', 'low', 'high'];low
;;144;1;1;23;m;r;test;;2;1;17;0.12829639754099947;;1;FALSE;0.6759215000201948;FALSE;img_B;img_B;;14.342.627.236.888.300;2.610.358.157.113.680;5.025.983.124.542.780;1486;[np.int64(866)];;;;;;low;0.12829639754099947;3;turban_02s;bedpan_08s;71;11;22;32;41;FALSE;1;1;23;m;r;0.12829639754099947;TRUE;0.30958094130433256;TRUE;['low', 'high', 'low', 'high', 'low', 'high'];low
;;145;1;1;23;m;r;test;;2;1;18;0.12829639754099947;;1;FALSE;11.326.896.999.962.600;FALSE;img_A;img_A;;16.319.845.643.700.100;2.970.211.907.153.420;3.403.800.598.671.580;1021;[np.int64(1105)];;;;;;low;0.12829639754099947;4;fishnet_stockings_14s;caviar_07s;71;11;22;32;41;FALSE;1;1;23;m;r;0.12829639754099947;TRUE;0.30958094130433256;TRUE;['low', 'high', 'low', 'high', 'low', 'high'];low
;;146;1;1;23;m;r;test;;2;1;19;0.12829639754099947;;0;TRUE;nan;FALSE;img_B;timeout;;10.417.726.461.361.400;195.853.257.473.595;3.898.426.630.762.900;1324;[np.int64(1121)];;;;;;low;0.12829639754099947;4;corset_09s;footrest_01b;71;11;22;32;42;FALSE;1;1;23;m;r;0.12829639754099947;TRUE;0.30958094130433256;TRUE;['low', 'high', 'low', 'high', 'low', 'high'];low
;;147;1;1;23;m;r;test;;2;1;20;0.12829639754099947;;0;FALSE;0.810370299994247;FALSE;img_B;img_A;;0.05746766262143434;10.459.114.597.101.000;3.214.497.310.824.020;706;[np.int64(1018)];;;;;;low;0.12829639754099947;4;french_fries_11s;ukulele_14s;71;11;22;32;42;FALSE;1;1;23;m;r;0.12829639754099947;TRUE;0.30958094130433256;TRUE;['low', 'high', 'low', 'high', 'low', 'high'];low
;;148;1;1;23;m;r;test;;2;2;1;0.30958094130433256;;1;FALSE;0.5491011000121944;FALSE;img_B;img_B;;14.317.068.716.521.500;3.436.096.491.965.160;19.775.670.227.412.100;1092;[np.int64(1103)];;;;;;high;0.30958094130433256;6;vacuum_04s;spareribs_10s;72;13;23;33;41;TRUE;1;1;23;m;r;0.12829639754099947;TRUE;0.30958094130433256;TRUE;['low', 'high', 'low', 'high', 'low', 'high'];low
;;149;1;1;23;m;r;test;;2;2;2;0.30958094130433256;;1;FALSE;0.7481291000149213;FALSE;img_A;img_A;;22.986.953.549.197.400;42.066.124.995.031.300;26.119.090.431.418.800;700;[np.int64(513)];;;;;;high;0.30958094130433256;5;eye_patch_11s;belt_14s;72;13;24;34;41;FALSE;1;1;23;m;r;0.12829639754099947;TRUE;0.30958094130433256;TRUE;['low', 'high', 'low', 'high', 'low', 'high'];low
;;150;1;1;23;m;r;test;;2;2;3;0.30958094130433256;;1;FALSE;13.771.344.999.840.900;FALSE;img_A;img_A;;32.804.574.168.299.600;6.003.237.072.798.830;5.189.972.953.684.810;786;[np.int64(723)];;;;;;high;0.30958094130433256;5;figurine_11s;piggy_bank_01b;72;13;23;33;41;TRUE;1;1;23;m;r;0.12829639754099947;TRUE;0.30958094130433256;TRUE;['low', 'high', 'low', 'high', 'low', 'high'];low
;;151;1;1;23;m;r;test;;2;2;4;0.30958094130433256;;1;FALSE;0.9605534999864176;FALSE;img_A;img_A;;25.969.832.271.899.300;4.726.509.473.485.680;38.304.070.274.106.900;1159;[np.int64(888)];;;;;;high;0.30958094130433256;5;vending_machine_03s;eyeliner_10s;72;13;24;34;41;FALSE;1;1;23;m;r;0.12829639754099947;TRUE;0.30958094130433256;TRUE;['low', 'high', 'low', 'high', 'low', 'high'];low
;;152;1;1;23;m;r;test;;2;2;5;0.30958094130433256;;1;FALSE;0.5664617999864276;FALSE;img_A;img_A;;32.320.002.798.993.200;5.882.240.509.416.770;3.606.516.508.051.070;1341;[np.int64(1014)];;;;;;high;0.30958094130433256;5;pajamas_13s;teabag_09s;72;13;24;34;41;FALSE;1;1;23;m;r;0.12829639754099947;TRUE;0.30958094130433256;TRUE;['low', 'high', 'low', 'high', 'low', 'high'];low
;;153;1;1;23;m;r;test;;2;2;6;0.30958094130433256;;1;FALSE;0.9057939999911468;FALSE;img_B;img_B;;3.733.779.726.711.360;6.832.816.899.881.790;14.927.321.199.231.200;1578;[np.int64(876)];;;;;;high;0.30958094130433256;5;safety_pin_03s;dough_17s;72;13;23;33;41;TRUE;1;1;23;m;r;0.12829639754099947;TRUE;0.30958094130433256;TRUE;['low', 'high', 'low', 'high', 'low', 'high'];low
;;154;1;1;23;m;r;test;;2;2;7;0.30958094130433256;;1;FALSE;1.390.754.599.997.300;FALSE;img_B;img_B;;21.304.042.237.742.600;387.733.568.726.917;3.438.449.943.518.950;94;[np.int64(1249)];;;;;;high;0.30958094130433256;6;pan_15s;ramp_09s;72;13;23;33;41;TRUE;1;1;23;m;r;0.12829639754099947;TRUE;0.30958094130433256;TRUE;['low', 'high', 'low', 'high', 'low', 'high'];low
;;155;1;1;23;m;r;test;;2;2;8;0.30958094130433256;;1;FALSE;0.8892021999927238;FALSE;img_A;img_A;;34.278.127.580.501.100;6.238.619.219.651.200;1.583.362.257.051.670;526;[np.int64(617)];;;;;;high;0.30958094130433256;4;chickpea_02s;mixer_03s;72;13;24;34;41;FALSE;1;1;23;m;r;0.12829639754099947;TRUE;0.30958094130433256;TRUE;['low', 'high', 'low', 'high', 'low', 'high'];low
;;156;1;1;23;m;r;test;;2;2;9;0.30958094130433256;;1;FALSE;0.5399530000286177;FALSE;img_B;img_B;;28.781.345.596.265.600;5.266.986.244.116.610;25.639.119.717.981.700;926;[np.int64(127)];;;;;;high;0.30958094130433256;4;limousine_10s;headset_09s;72;13;23;33;41;TRUE;1;1;23;m;r;0.12829639754099947;TRUE;0.30958094130433256;TRUE;['low', 'high', 'low', 'high', 'low', 'high'];low
;;157;1;1;23;m;r;test;;2;2;10;0.30958094130433256;;1;FALSE;0.8898756999988109;FALSE;img_A;img_A;;4.803.277.509.135.050;8.741.965.066.625.790;43.629.027.734.724;1031;[np.int64(278)];;;;;;high;0.30958094130433256;4;corn_14s;parfait_17s;72;13;24;34;41;FALSE;1;1;23;m;r;0.12829639754099947;TRUE;0.30958094130433256;TRUE;['low', 'high', 'low', 'high', 'low', 'high'];low
;;158;1;1;23;m;r;test;;2;2;11;0.30958094130433256;;1;FALSE;0.7429878000111785;FALSE;img_B;img_B;;4.986.699.537.372.340;907.579.315.801.767;29.783.777.997.111.500;1075;[np.int64(1101)];;;;;;high;0.30958094130433256;4;shopping_basket_05s;glue_11s;72;13;24;34;41;FALSE;1;1;23;m;r;0.12829639754099947;TRUE;0.30958094130433256;TRUE;['low', 'high', 'low', 'high', 'low', 'high'];low
;;159;1;1;23;m;r;test;;2;2;12;0.30958094130433256;;1;FALSE;1.155.712.100.007.800;FALSE;img_B;img_B;;3.656.213.167.259.930;6.690.870.096.085.670;18.446.456.829.606.400;954;[np.int64(1430)];;;;;;high;0.30958094130433256;5;banana_06s;mosquito_net_02s;72;13;23;33;41;TRUE;1;1;23;m;r;0.12829639754099947;TRUE;0.30958094130433256;TRUE;['low', 'high', 'low', 'high', 'low', 'high'];low
;;160;1;1;23;m;r;test;;2;2;13;0.30958094130433256;;1;FALSE;0.5420462999900337;FALSE;img_B;img_B;;1.320.637.588.002.420;24.035.604.101.644.100;27.106.482.255.823.800;1197;[np.int64(931)];;;;;;high;0.30958094130433256;4;ham_05s;thumbtack_15n;72;13;23;33;41;TRUE;1;1;23;m;r;0.12829639754099947;TRUE;0.30958094130433256;TRUE;['low', 'high', 'low', 'high', 'low', 'high'];low
;;161;1;1;23;m;r;test;;2;2;14;0.30958094130433256;;1;FALSE;0.9667115999909583;FALSE;img_B;img_B;;17.805.588.946.561.400;409.528.545.770.913;2.120.896.205.496.770;512;[np.int64(269)];;;;;;high;0.30958094130433256;3;saxophone_07s;tack_06s;72;13;23;33;41;TRUE;1;1;23;m;r;0.12829639754099947;TRUE;0.30958094130433256;TRUE;['low', 'high', 'low', 'high', 'low', 'high'];low
;;162;1;1;23;m;r;test;;2;2;15;0.30958094130433256;;1;FALSE;0.892385999992257;FALSE;img_B;img_B;;4.146.487.745.614.720;7.588.072.574.474.940;30.222.190.489.376.900;31;[np.int64(974)];;;;;;high;0.30958094130433256;4;pasta_06s;spider_web_06s;72;13;24;34;41;FALSE;1;1;23;m;r;0.12829639754099947;TRUE;0.30958094130433256;TRUE;['low', 'high', 'low', 'high', 'low', 'high'];low
;;163;1;1;23;m;r;test;;2;2;16;0.30958094130433256;;1;FALSE;0.9392536999948788;FALSE;img_B;img_B;;380.312.583.732.321;6.921.689.023.928.240;137.520.113.714.263;1095;[np.int64(605)];;;;;;high;0.30958094130433256;4;sausage_08s;seismograph_06s;72;13;23;33;41;TRUE;1;1;23;m;r;0.12829639754099947;TRUE;0.30958094130433256;TRUE;['low', 'high', 'low', 'high', 'low', 'high'];low
;;164;1;1;23;m;r;test;;2;2;17;0.30958094130433256;;1;FALSE;0.6806555999792181;FALSE;img_A;img_A;;3.710.026.819.508.210;6.789.349.079.700.030;10.556.427.682.559.400;329;[np.int64(887)];;;;;;high;0.30958094130433256;5;highlighter_05s;robot_14s;72;13;23;33;41;TRUE;1;1;23;m;r;0.12829639754099947;TRUE;0.30958094130433256;TRUE;['low', 'high', 'low', 'high', 'low', 'high'];low
;;165;1;1;23;m;r;test;;2;2;18;0.30958094130433256;;1;FALSE;11.070.024.999.789.800;FALSE;img_B;img_B;;23.308.612.565.983.000;42.421.674.870.089.200;3.614.147.234.222.630;861;[np.int64(484)];;;;;;high;0.30958094130433256;5;roll_01b;hot_tub_07s;72;13;23;33;41;TRUE;1;1;23;m;r;0.12829639754099947;TRUE;0.30958094130433256;TRUE;['low', 'high', 'low', 'high', 'low', 'high'];low
;;166;1;1;23;m;r;test;;2;2;19;0.30958094130433256;;1;FALSE;0.8891599999915343;FALSE;img_A;img_A;;15.850.771.068.177.100;31.226.019.004.308.900;1.584.106.883.281.300;949;[np.int64(989)];;;;;;high;0.30958094130433256;4;coal_08s;pomegranate_11n;72;13;24;34;41;FALSE;1;1;23;m;r;0.12829639754099947;TRUE;0.30958094130433256;TRUE;['low', 'high', 'low', 'high', 'low', 'high'];low
;;167;1;1;23;m;r;test;;2;2;20;0.30958094130433256;;1;FALSE;0.9077110999787692;FALSE;img_A;img_A;;3.586.501.853.158.070;6.527.433.372.747.690;24.395.123.645.897.900;802;[np.int64(961)];;;;;;high;0.30958094130433256;4;dumpling_13s;pesto_07s;72;13;24;34;41;FALSE;1;1;23;m;r;0.12829639754099947;TRUE;0.30958094130433256;TRUE;['low', 'high', 'low', 'high', 'low', 'high'];low
;;168;1;1;23;m;r;test;;2;3;1;0.12829639754099947;;1;FALSE;14.974.877.999.920.800;FALSE;img_B;img_B;;19.919.015.875.004.500;3.625.260.889.250.820;4.760.511.280.644.090;857;[np.int64(48)];;;;;;low;0.12829639754099947;1;hanger_13n;razor_09s;71;11;21;31;41;TRUE;1;1;23;m;r;0.12829639754099947;TRUE;0.30958094130433256;TRUE;['low', 'high', 'low', 'high', 'low', 'high'];low
;;169;1;1;23;m;r;test;;2;3;2;0.12829639754099947;;0;FALSE;0.7006134999974165;FALSE;img_B;img_A;;0.6221588090176178;11.323.290.324.120.600;38.859.520.525.494.600;57;[np.int64(1236)];;;;;;low;0.12829639754099947;1;jelly_bean_13n;french_horn_05s;71;11;21;31;42;TRUE;1;1;23;m;r;0.12829639754099947;TRUE;0.30958094130433256;TRUE;['low', 'high', 'low', 'high', 'low', 'high'];low
;;170;1;1;23;m;r;test;;2;3;3;0.12829639754099947;;0;FALSE;15.354.728.999.955.100;FALSE;img_B;img_A;;0.9976405227836167;18.157.057.514.661.800;42.555.413.448.862.700;1170;[np.int64(1539)];;;;;;low;0.12829639754099947;2;brush_04s;grater_03s;71;11;22;32;42;FALSE;1;1;23;m;r;0.12829639754099947;TRUE;0.30958094130433256;TRUE;['low', 'high', 'low', 'high', 'low', 'high'];low
;;171;1;1;23;m;r;test;;2;3;4;0.12829639754099947;;1;FALSE;11.092.833.000.002.400;FALSE;img_A;img_A;;19.422.868.920.981.000;35.349.621.436.185.400;30.974.255.055.601.400;865;[np.int64(1241)];;;;;;low;0.12829639754099947;3;headscarf_07s;hydrant_12s;71;11;22;32;41;FALSE;1;1;23;m;r;0.12829639754099947;TRUE;0.30958094130433256;TRUE;['low', 'high', 'low', 'high', 'low', 'high'];low
;;172;1;1;23;m;r;test;;2;3;5;0.12829639754099947;;0;FALSE;0.9377557999978308;FALSE;img_B;img_A;;2.622.788.926.160.560;4.799.703.734.873.840;36.689.141.284.709.900;1010;[np.int64(686)];;;;;;low;0.12829639754099947;3;stamp1_05s;burrito_05s;71;11;21;31;42;TRUE;1;1;23;m;r;0.12829639754099947;TRUE;0.30958094130433256;TRUE;['low', 'high', 'low', 'high', 'low', 'high'];low
;;173;1;1;23;m;r;test;;2;3;6;0.12829639754099947;;0;FALSE;17.327.539.999.969.300;FALSE;img_B;img_A;;10.065.119.211.692.600;18.318.516.965.280.500;19.578.932.177.950.000;579;[np.int64(1424)];;;;;;low;0.12829639754099947;1;fishhook_09s;fingerprint_01b;71;11;22;32;42;FALSE;1;1;23;m;r;0.12829639754099947;TRUE;0.30958094130433256;TRUE;['low', 'high', 'low', 'high', 'low', 'high'];low
;;174;1;1;23;m;r;test;;2;3;7;0.12829639754099947;;1;FALSE;10.478.603.999.945.300;FALSE;img_A;img_A;;-0.12833831020272563;-23.357.572.456.896.000;19.681.771.082.048.300;405;[np.int64(948)];;;;;;low;0.12829639754099947;2;lamb_chop_18s;birthday_cake_12s;71;11;22;32;41;FALSE;1;1;23;m;r;0.12829639754099947;TRUE;0.30958094130433256;TRUE;['low', 'high', 'low', 'high', 'low', 'high'];low
;;175;1;1;23;m;r;test;;2;3;8;0.12829639754099947;;1;FALSE;0.8415903999994043;FALSE;img_B;img_B;;15.278.191.077.514.800;2.780.630.776.107.710;5.490.928.991.689.460;837;[np.int64(1481)];;;;;;low;0.12829639754099947;3;footbath_02s;skirt_02s;71;11;22;32;41;FALSE;1;1;23;m;r;0.12829639754099947;TRUE;0.30958094130433256;TRUE;['low', 'high', 'low', 'high', 'low', 'high'];low
;;176;1;1;23;m;r;test;;2;3;9;0.12829639754099947;;0;FALSE;0.9055801999929827;FALSE;img_B;img_A;;0.7315632152853659;1.331.445.051.819.360;23.028.221.698.816.400;424;[np.int64(772)];;;;;;low;0.12829639754099947;3;boot_09s;coffee_bean_12s;71;11;22;32;42;FALSE;1;1;23;m;r;0.12829639754099947;TRUE;0.30958094130433256;TRUE;['low', 'high', 'low', 'high', 'low', 'high'];low
;;177;1;1;23;m;r;test;;2;3;10;0.12829639754099947;;1;FALSE;1.087.811.800.010.960;FALSE;img_B;img_B;;15.497.917.464.133.600;2.820.620.978.472.320;3.644.519.375.803.740;676;[np.int64(1009)];;;;;;low;0.12829639754099947;1;belt_buckle_14s;pocket_01b;71;11;21;31;41;TRUE;1;1;23;m;r;0.12829639754099947;TRUE;0.30958094130433256;TRUE;['low', 'high', 'low', 'high', 'low', 'high'];low
;;178;1;1;23;m;r;test;;2;3;11;0.12829639754099947;;0;FALSE;0.8147621999960393;FALSE;img_A;img_B;;23.286.373.643.668.000;4.261.406.376.791.250;3.145.173.278.585.240;205;[np.int64(1142)];;;;;;low;0.12829639754099947;2;pliers_10s;clothespin_08s;71;11;22;32;42;FALSE;1;1;23;m;r;0.12829639754099947;TRUE;0.30958094130433256;TRUE;['low', 'high', 'low', 'high', 'low', 'high'];low
;;179;1;1;23;m;r;test;;2;3;12;0.12829639754099947;;1;FALSE;0.9068685999955051;FALSE;img_A;img_A;;-0.8950050600247303;-16.289.092.092.450.000;21.619.518.944.900.200;498;[np.int64(1232)];;;;;;low;0.12829639754099947;2;fur_coat_12s;coin_15s;71;11;21;31;41;TRUE;1;1;23;m;r;0.12829639754099947;TRUE;0.30958094130433256;TRUE;['low', 'high', 'low', 'high', 'low', 'high'];low
;;180;1;1;23;m;r;test;;2;3;13;0.12829639754099947;;1;FALSE;0.6758061999862548;FALSE;img_A;img_A;;33.086.835.685.094.200;6.021.804.094.687.140;46.266.388.616.200.600;1521;[np.int64(819)];;;;;;low;0.12829639754099947;3;exerciser_05s;money_14s;71;11;21;31;41;TRUE;1;1;23;m;r;0.12829639754099947;TRUE;0.30958094130433256;TRUE;['low', 'high', 'low', 'high', 'low', 'high'];low
;;181;1;1;23;m;r;test;;2;3;14;0.12829639754099947;;1;FALSE;11.390.535.999.962.500;FALSE;img_A;img_A;;2.039.886.258.680.790;3.712.592.990.799.040;36.472.691.205.338.300;1036;[np.int64(121)];;;;;;low;0.12829639754099947;2;bin_01b;boxer_shorts_09s;71;11;22;32;41;FALSE;1;1;23;m;r;0.12829639754099947;TRUE;0.30958094130433256;TRUE;['low', 'high', 'low', 'high', 'low', 'high'];low
;;182;1;1;23;m;r;test;;2;3;15;0.12829639754099947;;0;FALSE;11.872.914.000.123.200;FALSE;img_A;img_B;;18.701.926.577.780.400;3.403.750.637.156.040;3.535.549.096.615.110;886;[np.int64(677)];;;;;;low;0.12829639754099947;3;yarn_10s;ice_cube_03s;71;11;21;31;42;TRUE;1;1;23;m;r;0.12829639754099947;TRUE;0.30958094130433256;TRUE;['low', 'high', 'low', 'high', 'low', 'high'];low
;;183;1;1;23;m;r;test;;2;3;16;0.12829639754099947;;1;FALSE;18.954.443.999.973.500;FALSE;img_A;img_A;;26.387.398.822.544.000;48.025.065.857.030.000;42.667.482.491.880.600;1143;[np.int64(1273)];;;;;;low;0.12829639754099947;2;gauze_02s;throne_02s;71;11;21;31;41;TRUE;1;1;23;m;r;0.12829639754099947;TRUE;0.30958094130433256;TRUE;['low', 'high', 'low', 'high', 'low', 'high'];low
;;184;1;1;23;m;r;test;;2;3;17;0.12829639754099947;;1;FALSE;10.110.906.999.907.400;FALSE;img_A;img_A;;13.008.629.793.678.100;23.675.706.224.494.100;14.338.147.457.137.800;1398;[np.int64(493)];;;;;;low;0.12829639754099947;3;hula_hoop_16s;taffy_08s;71;11;21;31;41;TRUE;1;1;23;m;r;0.12829639754099947;TRUE;0.30958094130433256;TRUE;['low', 'high', 'low', 'high', 'low', 'high'];low
;;185;1;1;23;m;r;test;;2;3;18;0.12829639754099947;;0;FALSE;0.9877209000114817;FALSE;img_B;img_A;;0.8659990249907289;15.761.182.254.831.200;31.002.226.920.450.400;840;[np.int64(126)];;;;;;low;0.12829639754099947;3;cellphone_11s;cork_10s;71;11;21;31;42;TRUE;1;1;23;m;r;0.12829639754099947;TRUE;0.30958094130433256;TRUE;['low', 'high', 'low', 'high', 'low', 'high'];low
;;186;1;1;23;m;r;test;;2;3;19;0.12829639754099947;;1;FALSE;12.395.982.000.161.800;FALSE;img_A;img_A;;0.6451231733415943;11.741.241.754.817.000;2.642.751.454.914.240;950;[np.int64(1513)];;;;;;low;0.12829639754099947;4;breadstick_14s;jersey_07s;71;11;22;32;41;FALSE;1;1;23;m;r;0.12829639754099947;TRUE;0.30958094130433256;TRUE;['low', 'high', 'low', 'high', 'low', 'high'];low
;;187;1;1;23;m;r;test;;2;3;20;0.12829639754099947;;1;FALSE;0.9169167000218295;FALSE;img_A;img_A;;10.403.276.709.964.900;18.933.963.612.136.100;28.337.359.544.569.600;573;[np.int64(68)];;;;;;low;0.12829639754099947;2;headdress_11s;step_stool_06s;71;11;21;31;41;TRUE;1;1;23;m;r;0.12829639754099947;TRUE;0.30958094130433256;TRUE;['low', 'high', 'low', 'high', 'low', 'high'];low
;;188;1;1;23;m;r;test;;2;4;1;0.30958094130433256;;1;FALSE;11.387.208.999.949.500;FALSE;img_B;img_B;;33.980.147.144.406.100;6.252.347.074.570.730;3.685.931.853.852.490;1438;[np.int64(181)];;;;;;high;0.30958094130433256;4;marker_08s;peanut_12s;72;13;23;33;41;TRUE;1;1;23;m;r;0.12829639754099947;TRUE;0.30958094130433256;TRUE;['low', 'high', 'low', 'high', 'low', 'high'];low
;;189;1;1;23;m;r;test;;2;4;2;0.30958094130433256;;1;FALSE;0.9683624000172131;FALSE;img_B;img_B;;442.295.227.780.889;804.977.314.561.218;30.166.434.206.722.600;136;[np.int64(204)];;;;;;high;0.30958094130433256;4;snowball_01b;gum_10s;72;13;23;33;41;TRUE;1;1;23;m;r;0.12829639754099947;TRUE;0.30958094130433256;TRUE;['low', 'high', 'low', 'high', 'low', 'high'];low
;;190;1;1;23;m;r;test;;2;4;3;0.30958094130433256;;1;FALSE;0.9998154999921098;FALSE;img_B;img_B;;35.756.438.693.290.000;6.507.671.842.178.780;1.681.363.073.100.450;1290;[np.int64(120)];;;;;;high;0.30958094130433256;4;creme_brulee_07s;paint_01b;72;13;23;33;41;TRUE;1;1;23;m;r;0.12829639754099947;TRUE;0.30958094130433256;TRUE;['low', 'high', 'low', 'high', 'low', 'high'];low
;;191;1;1;23;m;r;test;;2;4;4;0.30958094130433256;;1;FALSE;0.8878700999775901;FALSE;img_A;img_A;;4.615.486.541.495.590;8.400.185.505.521.970;32.348.770.276.682.000;650;[np.int64(422)];;;;;;high;0.30958094130433256;4;refrigerator_11s;coffee_filter_05s;72;13;23;33;41;TRUE;1;1;23;m;r;0.12829639754099947;TRUE;0.30958094130433256;TRUE;['low', 'high', 'low', 'high', 'low', 'high'];low
;;192;1;1;23;m;r;test;;2;4;5;0.30958094130433256;;1;FALSE;14.830.439.999.932.400;FALSE;img_A;img_A;;3.568.439.317.467.230;6.565.928.344.139.700;1.933.463.605.445.800;221;[np.int64(1534)];;;;;;high;0.30958094130433256;5;marshmallow_12s;suit_14s;72;13;23;33;41;TRUE;1;1;23;m;r;0.12829639754099947;TRUE;0.30958094130433256;TRUE;['low', 'high', 'low', 'high', 'low', 'high'];low
;;193;1;1;23;m;r;test;;2;4;6;0.30958094130433256;;1;FALSE;0.9196747000096366;FALSE;img_B;img_B;;39.272.309.461.289.600;7.186.832.631.416.000;25.069.641.679.074.400;838;[np.int64(536)];;;;;;high;0.30958094130433256;4;chicken1_08s;pizza_03s;72;13;24;34;41;FALSE;1;1;23;m;r;0.12829639754099947;TRUE;0.30958094130433256;TRUE;['low', 'high', 'low', 'high', 'low', 'high'];low
;;194;1;1;23;m;r;test;;2;4;7;0.30958094130433256;;1;FALSE;1.644.377.299.991.900;FALSE;img_B;img_B;;4.059.662.826.772.080;7.388.586.344.725.190;3.137.035.367.826.750;1428;[np.int64(607)];;;;;;high;0.30958094130433256;5;grain_05s;nail_08s;72;13;23;33;41;TRUE;1;1;23;m;r;0.12829639754099947;TRUE;0.30958094130433256;TRUE;['low', 'high', 'low', 'high', 'low', 'high'];low
;;195;1;1;23;m;r;test;;2;4;8;0.30958094130433256;;1;FALSE;0.6960400000098161;FALSE;img_B;img_B;;586.041.274.235.469;10.665.951.191.085.500;4.303.709.944.285.920;1311;[np.int64(1405)];;;;;;high;0.30958094130433256;5;nutcracker_06s;pinball_09s;72;13;24;34;41;FALSE;1;1;23;m;r;0.12829639754099947;TRUE;0.30958094130433256;TRUE;['low', 'high', 'low', 'high', 'low', 'high'];low
;;196;1;1;23;m;r;test;;2;4;9;0.30958094130433256;;1;FALSE;0.7801234000071418;FALSE;img_A;img_A;;5.024.000.007.795.320;9.193.920.014.265.440;43.245.011.990.080.600;1104;[np.int64(968)];;;;;;high;0.30958094130433256;4;wallet_05s;crucifix_09s;72;13;23;33;41;TRUE;1;1;23;m;r;0.12829639754099947;TRUE;0.30958094130433256;TRUE;['low', 'high', 'low', 'high', 'low', 'high'];low
;;197;1;1;23;m;r;test;;2;4;10;0.30958094130433256;;1;FALSE;0.8373852999939118;FALSE;img_A;img_A;;0.2137090812246923;3.910.876.186.411.860;4.513.939.116.254.770;1191;[np.int64(130)];;;;;;high;0.30958094130433256;4;latte_01b;bowtie_14s;72;13;23;33;41;TRUE;1;1;23;m;r;0.12829639754099947;TRUE;0.30958094130433256;TRUE;['low', 'high', 'low', 'high', 'low', 'high'];low
;;198;1;1;23;m;r;test;;2;4;11;0.30958094130433256;;1;FALSE;0.8411885999958031;FALSE;img_A;img_A;;33.670.374.255.164.800;6.128.008.114.440.000;24.909.994.028.222.900;1238;[np.int64(1469)];;;;;;high;0.30958094130433256;4;ruby_14s;dice_14s;72;13;23;33;41;TRUE;1;1;23;m;r;0.12829639754099947;TRUE;0.30958094130433256;TRUE;['low', 'high', 'low', 'high', 'low', 'high'];low
;;199;1;1;23;m;r;test;;2;4;12;0.30958094130433256;;1;FALSE;0.7320908999827225;FALSE;img_B;img_B;;4.004.751.936.253.140;7.288.648.523.980.720;17.800.069.905.110.100;729;[np.int64(1476)];;;;;;high;0.30958094130433256;4;veil_01s;contact_lens_13s;72;13;23;33;41;TRUE;1;1;23;m;r;0.12829639754099947;TRUE;0.30958094130433256;TRUE;['low', 'high', 'low', 'high', 'low', 'high'];low
;;200;1;1;23;m;r;test;;2;4;13;0.30958094130433256;;1;FALSE;11.266.345.999.902.100;FALSE;img_A;img_A;;4.747.864.193.456.860;86.411.128.320.915;18.333.665.318.617.500;755;[np.int64(1440)];;;;;;high;0.30958094130433256;5;straightjacket_05s;ticktacktoe_09s;72;13;24;34;41;FALSE;1;1;23;m;r;0.12829639754099947;TRUE;0.30958094130433256;TRUE;['low', 'high', 'low', 'high', 'low', 'high'];low
;;201;1;1;23;m;r;test;;2;4;14;0.30958094130433256;;1;FALSE;18.559.823.000.105.000;FALSE;img_B;img_B;;47.205.168.441.551.500;8.591.340.656.362.380;3.372.612.632.789.770;1569;[np.int64(1418)];;;;;;high;0.30958094130433256;4;grapefruit_09s;playing_card_12s;72;13;23;33;41;TRUE;1;1;23;m;r;0.12829639754099947;TRUE;0.30958094130433256;TRUE;['low', 'high', 'low', 'high', 'low', 'high'];low
;;202;1;1;23;m;r;test;;2;4;15;0.30958094130433256;;1;FALSE;0.48912359998212196;FALSE;img_A;img_A;;32.063.647.093.247.200;5.931.774.712.250.740;3.797.248.089.357.580;8;[np.int64(615)];;;;;;high;0.30958094130433256;4;baklava_11s;batter_04s;72;13;24;34;41;FALSE;1;1;23;m;r;0.12829639754099947;TRUE;0.30958094130433256;TRUE;['low', 'high', 'low', 'high', 'low', 'high'];low
;;203;1;1;23;m;r;test;;2;4;16;0.30958094130433256;;1;FALSE;0.871668799984036;FALSE;img_A;img_A;;3.388.933.310.916.430;6.201.747.958.977.060;3.489.705.599.382.080;673;[np.int64(1268)];;;;;;high;0.30958094130433256;3;slot_machine_05s;lip_balm_08s;72;13;24;34;41;FALSE;1;1;23;m;r;0.12829639754099947;TRUE;0.30958094130433256;TRUE;['low', 'high', 'low', 'high', 'low', 'high'];low
;;204;1;1;23;m;r;test;;2;4;17;0.30958094130433256;;1;FALSE;0.43650340000749566;FALSE;img_A;img_A;;5.141.931.602.998.170;9.358.315.517.456.670;3.895.417.784.642.420;655;[np.int64(880)];;;;;;high;0.30958094130433256;4;football_04s;bowling_ball_01b;72;13;24;34;41;FALSE;1;1;23;m;r;0.12829639754099947;TRUE;0.30958094130433256;TRUE;['low', 'high', 'low', 'high', 'low', 'high'];low
;;205;1;1;23;m;r;test;;2;4;18;0.30958094130433256;;1;FALSE;0.9770316999929491;FALSE;img_B;img_B;;0.372645350497687;6.782.145.379.057.900;25.031.332.219.381.600;62;[np.int64(1263)];;;;;;high;0.30958094130433256;4;mitten_08s;chalk_02s;72;13;23;33;41;TRUE;1;1;23;m;r;0.12829639754099947;TRUE;0.30958094130433256;TRUE;['low', 'high', 'low', 'high', 'low', 'high'];low
;;206;1;1;23;m;r;test;;2;4;19;0.30958094130433256;;1;FALSE;0.972561799979303;FALSE;img_B;img_B;;38.218.284.784.919.800;6.993.946.115.640.330;4.459.456.535.375.800;1457;[np.int64(160)];;;;;;high;0.30958094130433256;5;hairnet_07s;hood_06s;72;13;24;34;41;FALSE;1;1;23;m;r;0.12829639754099947;TRUE;0.30958094130433256;TRUE;['low', 'high', 'low', 'high', 'low', 'high'];low
;;207;1;1;23;m;r;test;;2;4;20;0.30958094130433256;;1;FALSE;0.8016477000201121;FALSE;img_A;img_A;;2.912.532.913.097.130;5.300.809.901.836.780;25.947.494.001.407.500;918;[np.int64(852)];;;;;;high;0.30958094130433256;4;hotdog_03s;electric_chair_11s;72;13;24;34;41;FALSE;1;1;23;m;r;0.12829639754099947;TRUE;0.30958094130433256;TRUE;['low', 'high', 'low', 'high', 'low', 'high'];low
;;208;1;1;23;m;r;test;;2;5;1;0.12829639754099947;;1;FALSE;1.155.563.499.982.230;FALSE;img_B;img_B;;10.279.997.142.198.100;187.095.947.988.006;23.609.572.348.214.700;639;[np.int64(21)];;;;;;low;0.12829639754099947;2;wafer_08s;videocassette_07n;71;11;21;31;41;TRUE;1;1;23;m;r;0.12829639754099947;TRUE;0.30958094130433256;TRUE;['low', 'high', 'low', 'high', 'low', 'high'];low
;;209;1;1;23;m;r;test;;2;5;2;0.12829639754099947;;1;FALSE;0.9704644000157714;FALSE;img_B;img_B;;12.856.120.440.846.800;23.655.261.611.158.100;3.246.471.935.269.290;905;[np.int64(528)];;;;;;low;0.12829639754099947;1;stockings_06s;plaster_cast_13s;71;11;22;32;41;FALSE;1;1;23;m;r;0.12829639754099947;TRUE;0.30958094130433256;TRUE;['low', 'high', 'low', 'high', 'low', 'high'];low
;;210;1;1;23;m;r;test;;2;5;3;0.12829639754099947;;1;FALSE;0.8169251999934204;FALSE;img_B;img_B;;32.482.344.533.792.000;5.911.786.705.150.140;2.907.331.398.434.720;1433;[np.int64(541)];;;;;;low;0.12829639754099947;2;t-shirt_06s;cotton_candy_08s;71;11;22;32;41;FALSE;1;1;23;m;r;0.12829639754099947;TRUE;0.30958094130433256;TRUE;['low', 'high', 'low', 'high', 'low', 'high'];low
;;211;1;1;23;m;r;test;;2;5;4;0.12829639754099947;;1;FALSE;0.832455800002208;FALSE;img_B;img_B;;0.5135304237306367;9.346.253.711.897.580;51.931.916.850.888;404;[np.int64(202)];;;;;;low;0.12829639754099947;3;coffee_13s;tamale_13s;71;11;21;31;41;TRUE;1;1;23;m;r;0.12829639754099947;TRUE;0.30958094130433256;TRUE;['low', 'high', 'low', 'high', 'low', 'high'];low
;;212;1;1;23;m;r;test;;2;5;5;0.12829639754099947;;1;FALSE;12.402.650.000.003.600;FALSE;img_B;img_B;;-1.615.552.440.901.700;-29.403.054.424.410.900;49.300.852.419.306.700;600;[np.int64(956)];;;;;;low;0.12829639754099947;1;jumpsuit_11s;barrette_09s;71;11;21;31;41;TRUE;1;1;23;m;r;0.12829639754099947;TRUE;0.30958094130433256;TRUE;['low', 'high', 'low', 'high', 'low', 'high'];low
;;213;1;1;23;m;r;test;;2;5;6;0.12829639754099947;;1;FALSE;0.8259811000025366;FALSE;img_B;img_B;;-0.5459646380030272;-9.936.556.411.655.090;35.130.250.624.619.600;35;[np.int64(1499)];;;;;;low;0.12829639754099947;3;undershirt_04s;garter_02s;71;11;21;31;41;TRUE;1;1;23;m;r;0.12829639754099947;TRUE;0.30958094130433256;TRUE;['low', 'high', 'low', 'high', 'low', 'high'];low
;;214;1;1;23;m;r;test;;2;5;7;0.12829639754099947;;1;FALSE;1.273.371.399.991.440;FALSE;img_B;img_B;;16.391.532.267.326.200;2.999.650.404.920.700;3.907.065.269.886.970;258;[np.int64(417)];;;;;;low;0.12829639754099947;1;wetsuit_09s;peppermint_02s;71;11;21;31;41;TRUE;1;1;23;m;r;0.12829639754099947;TRUE;0.30958094130433256;TRUE;['low', 'high', 'low', 'high', 'low', 'high'];low
;;215;1;1;23;m;r;test;;2;5;8;0.12829639754099947;;1;FALSE;0.7607248999993317;FALSE;img_B;img_B;;1.467.697.651.205.370;2.671.209.725.193.780;25.247.826.470.272.500;1444;[np.int64(930)];;;;;;low;0.12829639754099947;3;wood_03s;gyro_01b;71;11;21;31;41;TRUE;1;1;23;m;r;0.12829639754099947;TRUE;0.30958094130433256;TRUE;['low', 'high', 'low', 'high', 'low', 'high'];low
;;216;1;1;23;m;r;test;;2;5;9;0.12829639754099947;;1;FALSE;0.6978944999864325;FALSE;img_A;img_A;;13.869.689.606.450.600;25.242.835.083.740.100;2.208.538.792.746.140;952;[np.int64(993)];;;;;;low;0.12829639754099947;2;curling_iron_03s;dip_04s;71;11;22;32;41;FALSE;1;1;23;m;r;0.12829639754099947;TRUE;0.30958094130433256;TRUE;['low', 'high', 'low', 'high', 'low', 'high'];low
;;217;1;1;23;m;r;test;;2;5;10;0.12829639754099947;;1;FALSE;0.9411664000072051;FALSE;img_A;img_A;;3.266.739.977.529.370;5.945.466.759.103.460;16.424.253.943.165.600;732;[np.int64(155)];;;;;;low;0.12829639754099947;4;tent_12s;chips_03s;71;11;22;32;41;FALSE;1;1;23;m;r;0.12829639754099947;TRUE;0.30958094130433256;TRUE;['low', 'high', 'low', 'high', 'low', 'high'];low
;;218;1;1;23;m;r;test;;2;5;11;0.12829639754099947;;0;FALSE;1.277.261.399.984.120;FALSE;img_A;img_B;;-18.841.438.739.878.300;-3.429.141.850.657.850;2.963.344.362.609.150;1156;[np.int64(966)];;;;;;low;0.12829639754099947;1;sequin_08s;javelin_01s;71;11;21;31;42;TRUE;1;1;23;m;r;0.12829639754099947;TRUE;0.30958094130433256;TRUE;['low', 'high', 'low', 'high', 'low', 'high'];low
;;219;1;1;23;m;r;test;;2;5;12;0.12829639754099947;;0;FALSE;2.013.418.999.995.330;FALSE;img_A;img_B;;-0.2645331038676784;-4.840.955.800.778.510;17.978.263.129.921.900;55;[np.int64(1352)];;;;;;low;0.12829639754099947;2;jigsaw_puzzle_09s;comic_book_08s;71;11;22;32;42;FALSE;1;1;23;m;r;0.12829639754099947;TRUE;0.30958094130433256;TRUE;['low', 'high', 'low', 'high', 'low', 'high'];low
;;220;1;1;23;m;r;test;;2;5;13;0.12829639754099947;;0;FALSE;0.8972651000076439;FALSE;img_A;img_B;;-0.001694982854435437;-0.3084868795072495;15.701.220.114.351.800;362;[np.int64(730)];;;;;;low;0.12829639754099947;2;tiara_08s;snorkel_05s;71;11;21;31;42;TRUE;1;1;23;m;r;0.12829639754099947;TRUE;0.30958094130433256;TRUE;['low', 'high', 'low', 'high', 'low', 'high'];low
;;221;1;1;23;m;r;test;;2;5;14;0.12829639754099947;;0;FALSE;0.7380327999999281;FALSE;img_A;img_B;;0.9368325509146007;17.144.035.681.737.100;4.217.665.600.651.710;469;[np.int64(1400)];;;;;;low;0.12829639754099947;3;trombone_14s;container_04s;71;11;21;31;42;TRUE;1;1;23;m;r;0.12829639754099947;TRUE;0.30958094130433256;TRUE;['low', 'high', 'low', 'high', 'low', 'high'];low
;;222;1;1;23;m;r;test;;2;5;15;0.12829639754099947;;1;FALSE;0.9748613999981899;FALSE;img_B;img_B;;36.476.980.702.122.900;6.638.810.487.786.360;34.738.146.411.758.300;1082;[np.int64(790)];;;;;;low;0.12829639754099947;4;tomato_sauce_14s;ravioli_15s;71;11;22;32;41;FALSE;1;1;23;m;r;0.12829639754099947;TRUE;0.30958094130433256;TRUE;['low', 'high', 'low', 'high', 'low', 'high'];low
;;223;1;1;23;m;r;test;;2;5;16;0.12829639754099947;;0;FALSE;1.486.857.299.983.960;FALSE;img_A;img_B;;31.144.587.742.233.000;5.668.314.969.086.410;2.302.152.296.822.490;547;[np.int64(1487)];;;;;;low;0.12829639754099947;2;emerald_08n;lingerie_06s;71;11;21;31;42;TRUE;1;1;23;m;r;0.12829639754099947;TRUE;0.30958094130433256;TRUE;['low', 'high', 'low', 'high', 'low', 'high'];low
;;224;1;1;23;m;r;test;;2;5;17;0.12829639754099947;;1;FALSE;0.4875324000022374;FALSE;img_A;img_A;;0.37303830935825977;6.789.297.230.320.320;9.732.887.183.533.890;488;[np.int64(945)];;;;;;low;0.12829639754099947;4;cape_06s;sarcophagus_08s;71;11;21;31;41;TRUE;1;1;23;m;r;0.12829639754099947;TRUE;0.30958094130433256;TRUE;['low', 'high', 'low', 'high', 'low', 'high'];low
;;225;1;1;23;m;r;test;;2;5;18;0.12829639754099947;;1;FALSE;0.8201261000067461;FALSE;img_B;img_B;;25.485.849.897.627.500;4.995.226.579.935;27.568.218.916.828.500;839;[np.int64(1261)];;;;;;low;0.12829639754099947;3;hearse_06s;lipstick_12s;71;11;22;32;41;FALSE;1;1;23;m;r;0.12829639754099947;TRUE;0.30958094130433256;TRUE;['low', 'high', 'low', 'high', 'low', 'high'];low
;;226;1;1;23;m;r;test;;2;5;19;0.12829639754099947;;0;FALSE;0.4189982999814674;FALSE;img_A;img_B;;0.8942661061457057;16.365.069.742.466.400;22.597.836.693.960.200;583;[np.int64(788)];;;;;;low;0.12829639754099947;3;doorknocker_08s;iceskate_07s;71;11;21;31;42;TRUE;1;1;23;m;r;0.12829639754099947;TRUE;0.30958094130433256;TRUE;['low', 'high', 'low', 'high', 'low', 'high'];low
;;227;1;1;23;m;r;test;;2;5;20;0.12829639754099947;;0;FALSE;10.070.830.000.040.500;FALSE;img_A;img_B;;2.332.130.959.153.580;42.444.783.456.595.300;15.208.027.146.571.700;1242;[np.int64(5)];;;;;;low;0.12829639754099947;1;hot-water_bottle_05s;light_switch_17s;71;11;21;31;42;TRUE;1;1;23;m;r;0.12829639754099947;TRUE;0.30958094130433256;TRUE;['low', 'high', 'low', 'high', 'low', 'high'];low
;;228;1;1;23;m;r;test;;2;6;1;0.30958094130433256;;1;FALSE;11.213.110.999.960.900;FALSE;img_A;img_A;;33.395.058.902.563.700;6.077.900.720.266.600;4.143.363.034.305.070;669;[np.int64(798)];;;;;;high;0.30958094130433256;2;pillbox_13s;toothpick_14n;72;13;23;33;41;TRUE;1;1;23;m;r;0.12829639754099947;TRUE;0.30958094130433256;TRUE;['low', 'high', 'low', 'high', 'low', 'high'];low
;;229;1;1;23;m;r;test;;2;6;2;0.30958094130433256;;1;FALSE;11.344.703.999.930.000;FALSE;img_B;img_B;;29.062.893.336.798.500;5.318.509.480.634.130;3.544.951.163.444.860;696;[np.int64(1573)];;;;;;high;0.30958094130433256;3;mouse2_09s;bulletproof_vest_03s;72;13;24;34;41;FALSE;1;1;23;m;r;0.12829639754099947;TRUE;0.30958094130433256;TRUE;['low', 'high', 'low', 'high', 'low', 'high'];low
;;230;1;1;23;m;r;test;;2;6;3;0.30958094130433256;;1;FALSE;0.8526966000208631;FALSE;img_A;img_A;;38.601.959.368.059.000;7.025.556.604.986.750;4.316.332.142.369.740;815;[np.int64(588)];;;;;;high;0.30958094130433256;3;tattoo_04s;peach_09n;72;13;24;34;41;FALSE;1;1;23;m;r;0.12829639754099947;TRUE;0.30958094130433256;TRUE;['low', 'high', 'low', 'high', 'low', 'high'];low
;;231;1;1;23;m;r;test;;2;6;4;0.30958094130433256;;1;FALSE;0.9708167999924626;FALSE;img_A;img_A;;28.120.537.353.774.700;5.146.058.335.740.770;449.918.804.995.839;1345;[np.int64(860)];;;;;;high;0.30958094130433256;4;turf_07s;toast_13s;72;13;24;34;41;FALSE;1;1;23;m;r;0.12829639754099947;TRUE;0.30958094130433256;TRUE;['low', 'high', 'low', 'high', 'low', 'high'];low
;;232;1;1;23;m;r;test;;2;6;5;0.30958094130433256;;1;FALSE;0.80668959999457;FALSE;img_A;img_A;;5.288.019.029.722.330;9.624.194.634.094.650;2.274.881.183.948.790;1002;[np.int64(3)];;;;;;high;0.30958094130433256;4;walker1_03s;squirt_gun_15s;72;13;24;34;41;FALSE;1;1;23;m;r;0.12829639754099947;TRUE;0.30958094130433256;TRUE;['low', 'high', 'low', 'high', 'low', 'high'];low
;;233;1;1;23;m;r;test;;2;6;6;0.30958094130433256;;1;FALSE;10.361.471.000.069.200;FALSE;img_B;img_B;;37.749.585.652.870.700;6.870.424.588.822.470;24.906.316.805.993.900;185;[np.int64(987)];;;;;;high;0.30958094130433256;5;orange_rind_15s;hook1_15s;72;13;23;33;41;TRUE;1;1;23;m;r;0.12829639754099947;TRUE;0.30958094130433256;TRUE;['low', 'high', 'low', 'high', 'low', 'high'];low
;;234;1;1;23;m;r;test;;2;6;7;0.30958094130433256;;1;FALSE;12.055.061.999.999.400;FALSE;img_A;img_A;;0.951332147848709;17.314.245.090.846.500;2.650.113.645.232.530;759;[np.int64(186)];;;;;;high;0.30958094130433256;4;lollipop_01b;mullet_03s;72;13;23;33;41;TRUE;1;1;23;m;r;0.12829639754099947;TRUE;0.30958094130433256;TRUE;['low', 'high', 'low', 'high', 'low', 'high'];low
;;235;1;1;23;m;r;test;;2;6;8;0.30958094130433256;;1;FALSE;0.8970810000027996;FALSE;img_B;img_B;;30.410.789.173.079.300;5.625.995.997.019.670;16.012.178.934.455.700;704;[np.int64(1524)];;;;;;high;0.30958094130433256;2;chaps_14s;egg_15s;72;13;23;33;41;TRUE;1;1;23;m;r;0.12829639754099947;TRUE;0.30958094130433256;TRUE;['low', 'high', 'low', 'high', 'low', 'high'];low
;;236;1;1;23;m;r;test;;2;6;9;0.30958094130433256;;0;FALSE;0.7175214999879245;FALSE;img_A;img_B;;5.524.446.202.415.810;10.109.736.550.420.900;15.182.603.403.903.900;963;[np.int64(510)];;;;;;high;0.30958094130433256;4;shoelace_06s;staple_06s;72;13;23;33;42;TRUE;1;1;23;m;r;0.12829639754099947;TRUE;0.30958094130433256;TRUE;['low', 'high', 'low', 'high', 'low', 'high'];low
;;237;1;1;23;m;r;test;;2;6;10;0.30958094130433256;;1;FALSE;0.9194106000068132;FALSE;img_A;img_A;;43.332.213.331.095.000;7.886.462.826.259.290;2.085.827.272.191.960;470;[np.int64(1251)];;;;;;high;0.30958094130433256;5;eggnog_02s;keyboard_15s;72;13;24;34;41;FALSE;1;1;23;m;r;0.12829639754099947;TRUE;0.30958094130433256;TRUE;['low', 'high', 'low', 'high', 'low', 'high'];low
;;238;1;1;23;m;r;test;;2;6;11;0.30958094130433256;;0;FALSE;13.234.574.999.951.200;FALSE;img_A;img_B;;2.754.838.696.492.800;5.013.806.427.616.900;3.625.502.453.354.510;921;[np.int64(538)];;;;;;high;0.30958094130433256;2;chili_11s;gold_13s;72;13;24;34;42;FALSE;1;1;23;m;r;0.12829639754099947;TRUE;0.30958094130433256;TRUE;['low', 'high', 'low', 'high', 'low', 'high'];low
;;239;1;1;23;m;r;test;;2;6;12;0.30958094130433256;;1;FALSE;15.850.151.000.195.100;FALSE;img_B;img_B;;4.547.883.888.547.220;8.504.542.871.583.300;11.036.009.160.627.400;1404;[np.int64(1435)];;;;;;high;0.30958094130433256;4;hot_chocolate_12s;joystick_02s;72;13;24;34;41;FALSE;1;1;23;m;r;0.12829639754099947;TRUE;0.30958094130433256;TRUE;['low', 'high', 'low', 'high', 'low', 'high'];low
;;240;1;1;23;m;r;test;;2;6;13;0.30958094130433256;;0;FALSE;11.126.562.999.852.400;FALSE;img_B;img_A;;15.288.269.670.682.900;27.824.650.800.642.900;1.381.122.729.026.770;235;[np.int64(308)];;;;;;high;0.30958094130433256;5;bracelet2_08s;trap_07s;72;13;24;34;42;FALSE;1;1;23;m;r;0.12829639754099947;TRUE;0.30958094130433256;TRUE;['low', 'high', 'low', 'high', 'low', 'high'];low
;;241;1;1;23;m;r;test;;2;6;14;0.30958094130433256;;1;FALSE;0.700112500024261;FALSE;img_B;img_B;;50.732.266.153.662.500;9.284.004.706.120.250;24.335.363.488.477.500;916;[np.int64(387)];;;;;;high;0.30958094130433256;4;sock_13s;backscratcher_12s;72;13;24;34;41;FALSE;1;1;23;m;r;0.12829639754099947;TRUE;0.30958094130433256;TRUE;['low', 'high', 'low', 'high', 'low', 'high'];low
;;242;1;1;23;m;r;test;;2;6;15;0.30958094130433256;;1;FALSE;0.43868329998804256;FALSE;img_B;img_B;;4.171.651.748.326.520;759.240.618.195.427;3.268.202.567.036.050;1128;[np.int64(266)];;;;;;high;0.30958094130433256;4;candy_10s;sink_03s;72;13;24;34;41;FALSE;1;1;23;m;r;0.12829639754099947;TRUE;0.30958094130433256;TRUE;['low', 'high', 'low', 'high', 'low', 'high'];low
;;243;1;1;23;m;r;test;;2;6;16;0.30958094130433256;;1;FALSE;0.6828975999960676;FALSE;img_A;img_A;;0.48002863910562843;8.736.521.231.722.430;21.492.208.596.321.600;1112;[np.int64(32)];;;;;;high;0.30958094130433256;4;pin_12s;meatball_14s;72;13;23;33;41;TRUE;1;1;23;m;r;0.12829639754099947;TRUE;0.30958094130433256;TRUE;['low', 'high', 'low', 'high', 'low', 'high'];low
;;244;1;1;23;m;r;test;;2;6;17;0.30958094130433256;;1;FALSE;0.7618510999891441;FALSE;img_B;img_B;;4.853.515.342.319.660;8.833.397.923.021.780;25.181.589.591.094.400;261;[np.int64(1132)];;;;;;high;0.30958094130433256;5;lego_12s;paperclip_07s;72;13;23;33;41;TRUE;1;1;23;m;r;0.12829639754099947;TRUE;0.30958094130433256;TRUE;['low', 'high', 'low', 'high', 'low', 'high'];low
;;245;1;1;23;m;r;test;;2;6;18;0.30958094130433256;;1;FALSE;0.48869469997589476;FALSE;img_B;img_B;;3.006.734.125.695.010;5.472.256.108.764.920;3.329.179.490.710.580;575;[np.int64(295)];;;;;;high;0.30958094130433256;4;wrap_09s;flan_02s;72;13;23;33;41;TRUE;1;1;23;m;r;0.12829639754099947;TRUE;0.30958094130433256;TRUE;['low', 'high', 'low', 'high', 'low', 'high'];low
;;246;1;1;23;m;r;test;;2;6;19;0.30958094130433256;;1;FALSE;0.9313757999916561;FALSE;img_A;img_A;;26.123.327.972.962.400;4.780.569.019.052.130;37.135.693.346.988.100;908;[np.int64(664)];;;;;;high;0.30958094130433256;5;tee_01b;ironing_board_01b;72;13;23;33;41;TRUE;1;1;23;m;r;0.12829639754099947;TRUE;0.30958094130433256;TRUE;['low', 'high', 'low', 'high', 'low', 'high'];low
;;247;1;1;23;m;r;test;;2;6;20;0.30958094130433256;;0;FALSE;16.770.504.000.014.600;FALSE;img_A;img_B;;17.188.820.920.018.900;3.145.554.228.363.470;4.386.291.285.230.960;428;[np.int64(352)];;;;;;high;0.30958094130433256;4;icicle_12s;tiramisu_12s;72;13;23;33;42;TRUE;1;1;23;m;r;0.12829639754099947;TRUE;0.30958094130433256;TRUE;['low', 'high', 'low', 'high', 'low', 'high'];low
