thisRow.t,notes,overall_trial_num,participant,session,age,gender,handedness,phase,calib_target,n_shapes,block_num,trial_in_block,prop_used,stimulus_logit,detection_accuracy,is_timeout,rt_choice,early_response,true_controlled,response_controlled,quest_alpha_sd,mean_evidence,sum_evidence,var_evidence,target_snippet_id,distractor_snippet_ids,quest_alpha_mean,quest_beta_mean,quest_beta_sd,quest_lambda_mean,quest_lambda_sd,control_condition,threshold_75,agency_rating,img_A_name,img_B_name,trigger_stim_onset,trigger_motion_start,trigger_resp_onset,trigger_resp_val,participant,session,age,gender,handedness,quest_prop_high,quest_high_converged,quest_prop_low,quest_low_converged,miniblock_order,starts_with,
,,1,8,001,28,f,r,calibration,0.85,2,-1,1,0.5981210736084265,0.3976423325602886,1,False,2.996426400030032,False,square,square,0.8833941500202273,15.45588473517999,2766.6033675972185,182.19907421111185,1080,[np.int64(1094)],0.49887896444510554,3.2323377588830704,2.050691472501904,0.0257364756811414,0.02148582368615677,,,,,,,,,,8,001,28,f,r,,,,,,,
,,2,8,001,28,f,r,calibration,0.85,2,-1,2,0.5350820483873121,0.14055915473515587,1,False,0.8338315000291914,False,square,square,0.8974722567509856,14.760796769593027,2671.7042152963377,185.9137107759428,572,[np.int64(1042)],0.3118133766571681,3.2082444668428995,2.0424419558677074,0.025480950703595955,0.02143037331807896,,,,,,,,,,8,001,28,f,r,,,,,,,
,,3,8,001,28,f,r,calibration,0.85,2,-1,3,0.5350820483873121,0.14055915473515587,0,False,1.5655006000306457,False,dot,square,0.740702350112224,7.84646369621201,1420.2099290143738,145.1404014447874,1151,[np.int64(976)],0.7752517326412891,3.2235786499692125,2.0451617349383113,0.02619226944093072,0.021574301459289062,,,,,,,,,,8,001,28,f,r,,,,,,,
,,4,8,001,28,f,r,calibration,0.85,2,-1,4,0.6580745541515514,0.654725510385422,1,False,0.9035495999269187,False,square,square,0.7397423584914392,16.82245986866956,3044.8652362291905,150.3057771948242,359,[np.int64(821)],0.6297406971557854,3.2142404198883767,2.0426093048376748,0.02589782640406036,0.02151475624523756,,,,,,,,,,8,001,28,f,r,,,,,,,
,,5,8,001,28,f,r,calibration,0.85,2,-1,5,0.6580745541515514,0.654725510385422,1,False,0.8822210999205709,False,square,square,0.7235592940430066,16.775716191247703,3036.4046306158343,176.76253549486322,906,[np.int64(753)],0.49091630787068,3.2226024820593597,2.0475759197757126,0.025577753125668908,0.021446575556066758,,,,,,,,,,8,001,28,f,r,,,,,,,
,,6,8,001,28,f,r,calibration,0.85,2,-1,6,0.6580745541515514,0.654725510385422,1,False,0.6499570999294519,False,dot,dot,0.6963423673395278,18.709347734554644,3386.3919399543906,201.50974737840366,343,[np.int64(1245)],0.36471537494103495,3.2468463707834427,2.0591453546820264,0.02523578713096422,0.02136974955243413,,,,,,,,,,8,001,28,f,r,,,,,,,
,,7,8,001,28,f,r,calibration,0.85,2,-1,7,0.6580745541515514,0.654725510385422,1,False,0.9165304999332875,False,dot,dot,0.6634030669294354,16.832775138327293,3046.73230003724,237.64025487875088,148,[np.int64(735)],0.25440974621366214,3.2846184320472283,2.0759874565405747,0.02487611202769755,0.021284493184194776,,,,,,,,,,8,001,28,f,r,,,,,,,
,,8,8,001,28,f,r,calibration,0.85,2,-1,8,0.6580745541515514,0.654725510385422,1,False,0.984972900012508,False,square,square,0.62964601953371,10.41220999493605,1884.6100090834252,191.89521886814592,35,[np.int64(819)],0.16067953272214122,3.3333975985599444,2.0966363084443382,0.024502836123940344,0.021191166959422195,,,,,,,,,,8,001,28,f,r,,,,,,,
,,9,8,001,28,f,r,calibration,0.85,2,-1,9,0.5981210736084265,0.3976423325602886,1,False,0.9699439997784793,False,dot,dot,0.6057307313063602,13.0260163302367,2357.7089557728427,196.1278921828573,1167,[np.int64(1352)],0.06633631713970009,3.3697144956955376,2.1126357478071935,0.024155092542896377,0.021099853350541608,,,,,,,,,,8,001,28,f,r,,,,,,,
,,10,8,001,28,f,r,calibration,0.85,2,-1,10,0.5350820483873121,0.14055915473515587,1,False,1.1185616999864578,False,square,square,0.5934827255773455,16.1349814431393,2920.4316412082135,215.48218187689295,1130,[np.int64(1154)],-0.03055683672586283,3.3801099573098004,2.116532091160157,0.023839441551333565,0.021013313267129054,,,,,,,,,,8,001,28,f,r,,,,,,,
,,11,8,001,28,f,r,calibration,0.85,2,-1,11,0.47090191089840744,-0.11652402308997703,1,False,0.7039421000517905,False,dot,dot,0.5928926888094622,7.883918547147895,1426.989257033769,317.8493265301817,321,[np.int64(918)],nan,nan,nan,nan,nan,,,,,,,,,,8,001,28,f,r,,,,,,,
,,12,8,001,28,f,r,calibration,0.85,2,-1,12,0.47090191089840744,-0.11652402308997703,1,False,0.8037545999977738,False,dot,dot,0.5877496186432207,15.784661802874405,2857.0237863202674,260.881403692314,1196,[np.int64(289)],nan,nan,nan,nan,nan,,,,,,,,,,8,001,28,f,r,,,,,,,
,,13,8,001,28,f,r,calibration,0.85,2,-1,13,0.40766968306220214,-0.37360720091511007,0,False,1.2686666999943554,False,square,dot,0.5015636266998766,5.938143471411543,1074.8039683254892,155.04337000599273,647,[np.int64(1217)],nan,nan,nan,nan,nan,,,,,,,,,,8,001,28,f,r,,,,,,,
,,14,8,001,28,f,r,calibration,0.85,2,-1,14,0.5981210736084265,0.3976423325602886,1,False,0.7823397999163717,False,square,square,0.4752312950791745,8.076764566349137,1461.894386509194,134.98152009974612,71,[np.int64(194)],nan,nan,nan,nan,nan,,,,,,,,,,8,001,28,f,r,,,,,,,
,,15,8,001,28,f,r,calibration,0.85,2,-1,15,0.5350820483873121,0.14055915473515587,1,False,0.8638142999261618,False,square,square,0.45854967667937174,8.192779085139664,1482.8930144102792,152.74770093024824,990,[np.int64(136)],nan,nan,nan,nan,nan,,,,,,,,,,8,001,28,f,r,,,,,,,
,,16,8,001,28,f,r,calibration,0.85,2,-1,16,0.5350820483873121,0.14055915473515587,1,False,0.5021594001445919,False,square,square,0.44332854406301336,11.240999641610644,2034.6209351315265,174.9608732079178,92,[np.int64(1236)],nan,nan,nan,nan,nan,,,,,,,,,,8,001,28,f,r,,,,,,,
,,17,8,001,28,f,r,calibration,0.85,2,-1,17,0.47090191089840744,-0.11652402308997703,1,False,0.586683499859646,False,square,square,0.43820548923087455,7.829095543362564,1417.0662933486242,191.98439543365095,942,[np.int64(1251)],nan,nan,nan,nan,nan,,,,,,,,,,8,001,28,f,r,,,,,,,
,,18,8,001,28,f,r,calibration,0.85,2,-1,18,0.47090191089840744,-0.11652402308997703,1,False,0.6513751000165939,False,square,square,0.4324654816196456,10.332975221713577,1870.2685151301573,221.21782534687972,143,[np.int64(1116)],nan,nan,nan,nan,nan,,,,,,,,,,8,001,28,f,r,,,,,,,
,,19,8,001,28,f,r,calibration,0.85,2,-1,19,0.40766968306220214,-0.37360720091511007,1,False,0.5509981999639422,False,dot,dot,0.4370915909967256,4.247140470662485,768.7324251899097,65.51572521778286,889,[np.int64(660)],nan,nan,nan,nan,nan,,,,,,,,,,8,001,28,f,r,,,,,,,
,,20,8,001,28,f,r,calibration,0.85,2,-1,20,0.40766968306220214,-0.37360720091511007,1,False,0.7866922998800874,False,square,square,0.4397118821993733,1.404641897446139,254.24018343775114,138.3489647575539,1053,[np.int64(599)],-0.4244662416838864,3.579940453819293,2.194667759896243,0.021679738923106946,0.020319379115167915,,,,,,,,,,8,001,28,f,r,,,,,,,
,,21,8,001,28,f,r,calibration,0.85,2,-1,21,0.40766968306220214,-0.37360720091511007,1,False,0.9348402000032365,False,dot,dot,0.440279126924846,6.496230974532573,1175.8178063903956,219.57271881537852,936,[np.int64(629)],nan,nan,nan,nan,nan,,,,,,,,,,8,001,28,f,r,,,,,,,
,,22,8,001,28,f,r,calibration,0.85,2,-1,22,0.347354013008391,-0.6306903787402434,0,False,0.801618600031361,False,dot,square,0.37037363557885855,6.3863480833234005,1155.9290030815355,101.75032661789159,182,[np.int64(230)],nan,nan,nan,nan,nan,,,,,,,,,,8,001,28,f,r,,,,,,,
,,23,8,001,28,f,r,calibration,0.85,2,-1,23,0.47090191089840744,-0.11652402308997703,1,False,0.9506982997991145,False,square,square,0.3599563765017137,8.678117594574056,1570.739284617904,202.43460616862686,1158,[np.int64(690)],nan,nan,nan,nan,nan,,,,,,,,,,8,001,28,f,r,,,,,,,
,,24,8,001,28,f,r,calibration,0.85,2,-1,24,0.40766968306220214,-0.37360720091511007,0,False,0.9334141998551786,False,square,dot,0.3288250585026,-2.8164459925323357,-509.77672464835274,181.9282349204157,528,[np.int64(58)],nan,nan,nan,nan,nan,,,,,,,,,,8,001,28,f,r,,,,,,,
,,25,8,001,28,f,r,calibration,0.85,2,-1,25,0.47090191089840744,-0.11652402308997703,1,False,1.0969100000802428,False,dot,dot,0.31804034213382926,6.750404430836619,1221.8232019814282,132.77145389162956,1222,[np.int64(1002)],nan,nan,nan,nan,nan,,,,,,,,,,8,001,28,f,r,,,,,,,
,,26,8,001,28,f,r,calibration,0.85,2,-1,26,0.47090191089840744,-0.11652402308997703,1,False,0.9307331000454724,False,dot,dot,0.30809452259199155,5.823628811526423,1054.0768148862826,134.75655928132147,1369,[np.int64(543)],nan,nan,nan,nan,nan,,,,,,,,,,8,001,28,f,r,,,,,,,
,,27,8,001,28,f,r,calibration,0.85,2,-1,27,0.47090191089840744,-0.11652402308997703,1,False,1.5031279001850635,False,dot,dot,0.29914957992826535,11.474702303372778,2076.921116910473,177.1478345536826,1514,[np.int64(545)],nan,nan,nan,nan,nan,,,,,,,,,,8,001,28,f,r,,,,,,,
,,28,8,001,28,f,r,calibration,0.85,2,-1,28,0.47090191089840744,-0.11652402308997703,1,False,1.8853720999322832,False,dot,dot,0.2912905748422901,2.7959423540219492,506.0655660779728,157.73375807375683,1409,[np.int64(968)],nan,nan,nan,nan,nan,,,,,,,,,,8,001,28,f,r,,,,,,,
,,29,8,001,28,f,r,calibration,0.85,2,-1,29,0.40766968306220214,-0.37360720091511007,1,False,1.3680755000095814,False,dot,dot,0.2901372158834365,1.4115280798741023,255.4865824572125,180.22814268012945,739,[np.int64(1520)],nan,nan,nan,nan,nan,,,,,,,,,,8,001,28,f,r,,,,,,,
,,30,8,001,28,f,r,calibration,0.85,2,-1,30,0.40766968306220214,-0.37360720091511007,1,False,0.7195395999588072,False,square,square,0.28885578505196685,5.360182101969632,970.1929604565034,60.82457181101539,1384,[np.int64(233)],-0.44713186825400275,3.985438045692214,2.358499716231608,0.02056051556849432,0.019881505154604035,,,,,,,,,,8,001,28,f,r,,,,,,,
,,31,8,001,28,f,r,calibration,0.85,2,-1,31,0.40766968306220214,-0.37360720091511007,0,False,2.718570400029421,False,dot,square,0.26362683397062686,4.069140248627924,736.5143850016541,231.82930664805008,1462,[np.int64(1033)],nan,nan,nan,nan,nan,,,,,,,,,,8,001,28,f,r,,,,,,,
,,32,8,001,28,f,r,calibration,0.85,2,-1,32,0.47090191089840744,-0.11652402308997703,1,False,1.1478854999877512,False,dot,dot,0.2563111562272517,2.1674779995236246,392.3135179137761,115.45727858452072,535,[np.int64(170)],nan,nan,nan,nan,nan,,,,,,,,,,8,001,28,f,r,,,,,,,
,,33,8,001,28,f,r,calibration,0.85,2,-1,33,0.47090191089840744,-0.11652402308997703,1,False,0.6162268000189215,False,dot,dot,0.2500418246832228,1.7317600243416589,313.4485644058403,102.8601234104727,1032,[np.int64(1304)],nan,nan,nan,nan,nan,,,,,,,,,,8,001,28,f,r,,,,,,,
,,34,8,001,28,f,r,calibration,0.85,2,-1,34,0.40766968306220214,-0.37360720091511007,1,False,0.6353150999639183,False,dot,dot,0.24900851732514281,0.1660282654400303,30.051116044645482,255.8729487330056,56,[np.int64(972)],nan,nan,nan,nan,nan,,,,,,,,,,8,001,28,f,r,,,,,,,
,,35,8,001,28,f,r,calibration,0.85,2,-1,35,0.40766968306220214,-0.37360720091511007,0,False,2.3686852999962866,False,dot,square,0.23115907563726754,3.118724853059954,564.4891984038517,259.02595933019705,745,[np.int64(1418)],nan,nan,nan,nan,nan,,,,,,,,,,8,001,28,f,r,,,,,,,
,,36,8,001,28,f,r,calibration,0.85,2,-1,36,0.47090191089840744,-0.11652402308997703,1,False,0.5837089000269771,False,dot,dot,0.22486193199037804,9.5215565911691,1723.4017430016072,149.31601972971788,1284,[np.int64(111)],nan,nan,nan,nan,nan,,,,,,,,,,8,001,28,f,r,,,,,,,
,,37,8,001,28,f,r,calibration,0.85,2,-1,37,0.47090191089840744,-0.11652402308997703,1,False,0.8137954000849277,False,square,square,0.2194707962804949,7.496303379716168,1356.8309117286265,232.63161802956594,977,[np.int64(1475)],nan,nan,nan,nan,nan,,,,,,,,,,8,001,28,f,r,,,,,,,
,,38,8,001,28,f,r,calibration,0.85,2,-1,38,0.40766968306220214,-0.37360720091511007,0,False,0.7832170000765473,False,square,dot,0.20716372286715995,2.1883620355427333,396.0935284332347,221.5059098679235,825,[np.int64(1534)],nan,nan,nan,nan,nan,,,,,,,,,,8,001,28,f,r,,,,,,,
,,39,8,001,28,f,r,calibration,0.85,2,-1,39,0.47090191089840744,-0.11652402308997703,0,False,2.017552400007844,False,dot,square,0.21397821335724893,6.242326734829502,1129.8611390041399,244.34433927154606,1395,[np.int64(1143)],nan,nan,nan,nan,nan,,,,,,,,,,8,001,28,f,r,,,,,,,
,,40,8,001,28,f,r,calibration,0.85,2,-1,40,0.47090191089840744,-0.11652402308997703,0,False,0.6976834000088274,False,dot,square,0.2233711883456685,8.514130412020766,1541.0576045757584,300.9261446497265,1172,[np.int64(1405)],-0.1477743828010839,3.6759875953454655,2.179015664581466,0.023994802273946732,0.02097931569888232,,,,,,,,,,8,001,28,f,r,,,,,,,
,,41,8,001,28,f,r,calibration,0.85,2,-1,41,0.5350820483873121,0.14055915473515587,1,False,2.2810366998892277,False,square,square,0.21320779151925956,7.28776518620171,1319.0854987025095,92.71109800748451,1215,[np.int64(1256)],nan,nan,nan,nan,nan,,,,,,,,,,8,001,28,f,r,,,,,,,
,,42,8,001,28,f,r,calibration,0.85,2,-1,42,0.5350820483873121,0.14055915473515587,1,False,0.9163242999929935,False,dot,dot,0.20457827031761203,8.72814924558645,1579.7950134511473,136.62768242656784,385,[np.int64(578)],nan,nan,nan,nan,nan,,,,,,,,,,8,001,28,f,r,,,,,,,
,,43,8,001,28,f,r,calibration,0.85,2,-1,43,0.5350820483873121,0.14055915473515587,1,False,0.6337046001572162,False,dot,dot,0.19725910913435651,11.73313599660527,2123.697615385554,177.39682264568393,304,[np.int64(806)],nan,nan,nan,nan,nan,,,,,,,,,,8,001,28,f,r,,,,,,,
,,44,8,001,28,f,r,calibration,0.85,2,-1,44,0.47090191089840744,-0.11652402308997703,1,False,0.8851569001562893,False,dot,dot,0.19199225559721295,11.714866142388729,2120.39077177236,261.9717330001327,632,[np.int64(236)],nan,nan,nan,nan,nan,,,,,,,,,,8,001,28,f,r,,,,,,,
,,45,8,001,28,f,r,calibration,0.85,2,-1,45,0.47090191089840744,-0.11652402308997703,1,False,1.6359674998093396,False,dot,dot,0.18717862301935834,5.718567345743092,1035.0606895794997,175.25226193082904,1069,[np.int64(1548)],nan,nan,nan,nan,nan,,,,,,,,,,8,001,28,f,r,,,,,,,
,,46,8,001,28,f,r,calibration,0.85,2,-1,46,0.47090191089840744,-0.11652402308997703,1,False,1.2017783999908715,False,square,square,0.18279991581498953,8.104380962808804,1466.8929542683936,98.24178946966731,691,[np.int64(1086)],nan,nan,nan,nan,nan,,,,,,,,,,8,001,28,f,r,,,,,,,
,,47,8,001,28,f,r,calibration,0.85,2,-1,47,0.47090191089840744,-0.11652402308997703,1,False,2.0022335001267493,False,dot,dot,0.1788343702197972,9.3604839320587,1694.247591702625,175.6528789314217,1249,[np.int64(1562)],nan,nan,nan,nan,nan,,,,,,,,,,8,001,28,f,r,,,,,,,
,,48,8,001,28,f,r,calibration,0.85,2,-1,48,0.47090191089840744,-0.11652402308997703,1,False,1.2691004001535475,False,square,square,0.1752577930252751,7.416406263543016,1342.369533701286,205.7409702357317,875,[np.int64(1458)],nan,nan,nan,nan,nan,,,,,,,,,,8,001,28,f,r,,,,,,,
,,49,8,001,28,f,r,calibration,0.85,2,-1,49,0.47090191089840744,-0.11652402308997703,1,False,1.0017432000022382,False,square,square,0.17204443054625645,6.9362968982920705,1255.4697385908648,189.27614827156282,1149,[np.int64(1147)],nan,nan,nan,nan,nan,,,,,,,,,,8,001,28,f,r,,,,,,,
,,50,8,001,28,f,r,calibration,0.85,2,-1,50,0.47090191089840744,-0.11652402308997703,0,False,1.0047771001700312,False,square,dot,0.17222780510808583,2.0101930249890647,363.8449375230207,147.0695014638086,1198,[np.int64(187)],-0.23342385856342668,3.9542432792898357,2.267517275773226,0.022365218936655967,0.020461977880443342,,,,,,,,,,8,001,28,f,r,,,,,,,
,,51,8,001,28,f,r,calibration,0.85,2,-1,51,0.47090191089840744,-0.11652402308997703,1,False,0.9985583000816405,False,square,square,0.16892974331781527,8.015581095241945,1450.820178238792,213.71304237625387,1558,[np.int64(1397)],nan,nan,nan,nan,nan,,,,,,,,,,8,001,28,f,r,,,,,,,
,,52,8,001,28,f,r,calibration,0.85,2,-1,52,0.47090191089840744,-0.11652402308997703,1,False,0.6976316999644041,False,square,square,0.16594345647732112,3.8358702226634382,694.2925103020823,167.25033750321947,981,[np.int64(1113)],nan,nan,nan,nan,nan,,,,,,,,,,8,001,28,f,r,,,,,,,
,,53,8,001,28,f,r,calibration,0.85,2,-1,53,0.47090191089840744,-0.11652402308997703,1,False,0.8499456001445651,False,dot,dot,0.16324382858316075,7.804611671754817,1412.6347125876218,162.17296029857226,109,[np.int64(99)],nan,nan,nan,nan,nan,,,,,,,,,,8,001,28,f,r,,,,,,,
,,54,8,001,28,f,r,calibration,0.85,2,-1,54,0.47090191089840744,-0.11652402308997703,0,False,1.719796899938956,False,dot,square,0.16337072370772293,13.692534481806609,2478.3487412069962,238.85799735486955,1297,[np.int64(510)],nan,nan,nan,nan,nan,,,,,,,,,,8,001,28,f,r,,,,,,,
,,55,8,001,28,f,r,calibration,0.85,2,-1,55,0.47090191089840744,-0.11652402308997703,1,False,0.766280900221318,False,dot,dot,0.16057919095222598,4.1109746618538185,744.0864137955411,97.54340424982205,863,[np.int64(384)],nan,nan,nan,nan,nan,,,,,,,,,,8,001,28,f,r,,,,,,,
,,56,8,001,28,f,r,calibration,0.85,2,-1,56,0.47090191089840744,-0.11652402308997703,1,False,0.9170456000138074,False,square,square,0.15804255758177077,5.203742383320597,941.8773713810281,111.19575056466006,631,[np.int64(1006)],nan,nan,nan,nan,nan,,,,,,,,,,8,001,28,f,r,,,,,,,
,,57,8,001,28,f,r,calibration,0.85,2,-1,57,0.47090191089840744,-0.11652402308997703,0,False,1.2365381999406964,False,square,dot,0.1586991944322565,8.147899575638707,1474.769823190606,155.79342852223297,624,[np.int64(311)],nan,nan,nan,nan,nan,,,,,,,,,,8,001,28,f,r,,,,,,,
,,58,8,001,28,f,r,calibration,0.85,2,-1,58,0.47090191089840744,-0.11652402308997703,1,False,1.1658499999903142,False,dot,dot,0.15605614569767895,5.454585344250768,976.3707766208876,204.93734365198867,868,[np.int64(1288)],nan,nan,nan,nan,nan,,,,,,,,,,8,001,28,f,r,,,,,,,
,,59,8,001,28,f,r,calibration,0.85,2,-1,59,0.47090191089840744,-0.11652402308997703,1,False,1.0474008999299258,False,square,square,0.1536462183539024,4.409030090510693,798.0344463824354,148.362238236287,551,[np.int64(1379)],nan,nan,nan,nan,nan,,,,,,,,,,8,001,28,f,r,,,,,,,
,,60,8,001,28,f,r,calibration,0.85,2,-1,60,0.47090191089840744,-0.11652402308997703,0,False,0.787006099941209,False,square,dot,0.1546929807101155,2.5400531286327857,459.7496162825342,122.34585083801949,1301,[np.int64(1043)],-0.18655794905564035,3.5894534091636254,2.048216412131951,0.023803594077600056,0.020855730899743803,,,,,,,,,,8,001,28,f,r,,,,,,,
,,61,8,001,28,f,r,calibration,0.55,2,0,1,0.347354013008391,-0.6306903787402434,1,False,0.7315173000097275,False,square,square,0.9585022178944526,7.272830298538835,1316.3822840355292,224.7296777986774,387,[np.int64(1508)],-0.6105307855798056,3.2449087058269095,2.055422663760532,0.0257181206205907,0.02148187862845949,,,,,,,,,,8,001,28,f,r,0.5350820483873121,True,,,,,
,,62,8,001,28,f,r,calibration,0.55,2,0,2,0.347354013008391,-0.6306903787402434,1,False,0.648227300029248,False,dot,dot,0.9261401199953351,-3.32186536619765,-601.2576312817746,209.24406293954362,1049,[np.int64(849)],-0.8088180781535858,3.249478062754128,2.0577708660113303,0.025403727978280513,0.021413000928689013,,,,,,,,,,8,001,28,f,r,0.5350820483873121,True,,,,,
,,63,8,001,28,f,r,calibration,0.55,2,0,3,0.40766968306220214,-0.37360720091511007,1,False,0.7195437999907881,False,square,square,0.8644614427153365,4.667280243267638,844.7777240314424,102.35428418464872,754,[np.int64(1164)],-0.9700635822792076,3.279681644503007,2.0687435841488386,0.025032186531235075,0.021327013668469365,,,,,,,,,,8,001,28,f,r,0.5350820483873121,True,,,,,
,,64,8,001,28,f,r,calibration,0.55,2,0,4,0.347354013008391,-0.6306903787402434,1,False,0.9205809000413865,False,dot,dot,0.8074724288348268,4.633124186750373,838.5954778018175,114.64989011138809,165,[np.int64(363)],-1.1190240970074623,3.311627193935783,2.081136767193931,0.024670840428403354,0.021238771821626617,,,,,,,,,,8,001,28,f,r,0.5350820483873121,True,,,,,
,,65,8,001,28,f,r,calibration,0.55,2,0,5,0.347354013008391,-0.6306903787402434,1,False,0.7020718001294881,False,square,square,0.7495926648821191,4.997814976700683,904.6045107828237,134.49454258445638,840,[np.int64(36)],-1.241575383088058,3.354074156241943,2.096974867907407,0.024293246696899848,0.021141592718768264,,,,,,,,,,8,001,28,f,r,0.5350820483873121,True,,,,,
,,66,8,001,28,f,r,calibration,0.55,2,0,6,0.29156950079727495,-0.887773556565376,0,False,1.2343561998568475,False,square,dot,0.7379532176033944,3.513684795656242,635.9769480137797,167.86277881088955,760,[np.int64(1001)],-0.7390971395408754,3.192237625696453,2.027052986482426,0.025836827935674878,0.02148563857412167,,,,,,,,,,8,001,28,f,r,0.5350820483873121,True,,,,,
,,67,8,001,28,f,r,calibration,0.55,2,0,7,0.47090191089840744,-0.11652402308997703,1,False,0.7836637001018971,False,square,square,0.6833029762557371,7.70442702176054,1394.5012909386578,294.81549185494816,293,[np.int64(1171)],-0.8353053498692884,3.2425837220234692,2.046309445566781,0.025433742090415705,0.02139806874073866,,,,,,,,,,8,001,28,f,r,0.5350820483873121,True,,,,,
,,68,8,001,28,f,r,calibration,0.55,2,0,8,0.40766968306220214,-0.37360720091511007,1,False,0.8330882999580353,False,square,square,0.6396079475538607,3.794758434277104,686.8512766041558,86.4667740665531,1114,[np.int64(322)],-0.926915855839702,3.2950620600192404,2.06845875259523,0.025047871924072002,0.021308990178561277,,,,,,,,,,8,001,28,f,r,0.5350820483873121,True,,,,,
,,69,8,001,28,f,r,calibration,0.55,2,0,9,0.347354013008391,-0.6306903787402434,1,False,0.7214943999424577,False,square,square,0.6084377283369824,3.7886755941538253,685.7502825418424,236.68517288442462,894,[np.int64(219)],-1.0179577614205337,3.337831098174033,2.087450435135759,0.02468633006415385,0.021220859940580438,,,,,,,,,,8,001,28,f,r,0.5350820483873121,True,,,,,
,,70,8,001,28,f,r,calibration,0.55,2,0,10,0.2414297750189407,-1.1448567343905092,0,False,1.4027917999774218,False,square,dot,0.5419665130581367,1.036890155951221,187.67711822717098,141.90590587800875,14,[np.int64(1431)],-0.7697280086156132,3.4004008256525613,2.1175465615239584,0.02536159819009423,0.021376627481333763,,,,,,,,,,8,001,28,f,r,0.5350820483873121,True,,,,,
,,71,8,001,28,f,r,calibration,0.55,2,0,11,0.40766968306220214,-0.37360720091511007,1,False,0.7517951000481844,False,dot,dot,0.5021109061015377,1.4776940448531364,267.4626221184177,208.08816309757833,677,[np.int64(1522)],nan,nan,nan,nan,nan,,,,,,,,,,8,001,28,f,r,0.5350820483873121,True,,,,,
,,72,8,001,28,f,r,calibration,0.55,2,0,12,0.40766968306220214,-0.37360720091511007,0,False,0.7976111001335084,False,square,dot,0.5674905156164245,2.9408018436242207,532.285133695984,247.03479247880603,1340,[np.int64(1426)],nan,nan,nan,nan,nan,,,,,,,,,,8,001,28,f,r,0.5350820483873121,True,,,,,
,,73,8,001,28,f,r,calibration,0.55,2,0,13,0.5350820483873121,0.14055915473515587,1,False,0.7324386001564562,False,square,square,0.5208307365150769,13.191190038604029,2387.605396987329,194.13560749605722,476,[np.int64(97)],nan,nan,nan,nan,nan,,,,,,,,,,8,001,28,f,r,0.5350820483873121,True,,,,,
,,74,8,001,28,f,r,calibration,0.55,2,0,14,0.47090191089840744,-0.11652402308997703,1,False,0.68488740012981,False,square,square,0.482349962652686,8.39948958111036,1520.3076141809752,77.50422019640543,1368,[np.int64(645)],nan,nan,nan,nan,nan,,,,,,,,,,8,001,28,f,r,0.5350820483873121,True,,,,,
,,75,8,001,28,f,r,calibration,0.55,2,0,15,0.47090191089840744,-0.11652402308997703,1,False,0.6366500000003725,False,square,square,0.45052747634693224,5.076465806990431,918.840311065268,97.69961283237296,579,[np.int64(539)],nan,nan,nan,nan,nan,,,,,,,,,,8,001,28,f,r,0.5350820483873121,True,,,,,
,,76,8,001,28,f,r,calibration,0.55,2,0,16,0.40766968306220214,-0.37360720091511007,1,False,0.551626899978146,False,square,square,0.42687360608739694,7.939755165037317,1437.0956848717544,169.4952328714775,1157,[np.int64(966)],nan,nan,nan,nan,nan,,,,,,,,,,8,001,28,f,r,0.5350820483873121,True,,,,,
,,77,8,001,28,f,r,calibration,0.55,2,0,17,0.40766968306220214,-0.37360720091511007,1,False,0.7027898000087589,False,square,square,0.40723394010783,8.962467113922127,1622.206547619905,173.49534149425253,221,[np.int64(1264)],nan,nan,nan,nan,nan,,,,,,,,,,8,001,28,f,r,0.5350820483873121,True,,,,,
,,78,8,001,28,f,r,calibration,0.55,2,0,18,0.347354013008391,-0.6306903787402434,1,False,0.9367315000854433,False,square,square,0.3960532625240272,6.613869101424649,1197.1103073578615,263.3764628625815,823,[np.int64(898)],nan,nan,nan,nan,nan,,,,,,,,,,8,001,28,f,r,0.5350820483873121,True,,,,,
,,79,8,001,28,f,r,calibration,0.55,2,0,19,0.347354013008391,-0.6306903787402434,0,False,0.7516446998342872,False,dot,square,0.382140549977943,5.612623578036582,1015.8848676246214,310.1096868504268,1350,[np.int64(1162)],nan,nan,nan,nan,nan,,,,,,,,,,8,001,28,f,r,0.5350820483873121,True,,,,,
,,80,8,001,28,f,r,calibration,0.55,2,0,20,0.40766968306220214,-0.37360720091511007,1,False,0.6834171998780221,False,square,square,0.3636583703243308,4.81786986016426,872.034444689731,167.36993263177186,679,[np.int64(945)],-0.7035126838229969,3.281987463401352,2.0148267182488118,0.025854381700452667,0.02142537609680739,,,,,,,,,,8,001,28,f,r,0.5350820483873121,True,,,,,
,,81,8,001,28,f,r,calibration,0.55,2,0,21,0.40766968306220214,-0.37360720091511007,1,False,1.4800833999179304,False,square,square,0.348494926263941,10.310507760591273,1866.2019046670205,290.8911172105088,834,[np.int64(1048)],nan,nan,nan,nan,nan,,,,,,,,,,8,001,28,f,r,0.5350820483873121,True,,,,,
,,82,8,001,28,f,r,calibration,0.55,2,0,22,0.347354013008391,-0.6306903787402434,1,False,0.7697769000660628,False,square,square,0.3405801329188037,4.125890589573782,746.7861967128545,233.28061402283348,886,[np.int64(832)],nan,nan,nan,nan,nan,,,,,,,,,,8,001,28,f,r,0.5350820483873121,True,,,,,
,,83,8,001,28,f,r,calibration,0.55,2,0,23,0.347354013008391,-0.6306903787402434,0,False,1.670113799860701,False,dot,square,0.32959919047049385,4.284062648159281,775.41533931683,221.44697459087874,987,[np.int64(286)],nan,nan,nan,nan,nan,,,,,,,,,,8,001,28,f,r,0.5350820483873121,True,,,,,
,,84,8,001,28,f,r,calibration,0.55,2,0,24,0.40766968306220214,-0.37360720091511007,1,False,0.5996518000029027,False,square,square,0.31517535074438463,8.116398063451296,1469.0680494846847,197.18966021014805,331,[np.int64(1061)],nan,nan,nan,nan,nan,,,,,,,,,,8,001,28,f,r,0.5350820483873121,True,,,,,
,,85,8,001,28,f,r,calibration,0.55,2,0,25,0.40766968306220214,-0.37360720091511007,1,False,0.6655723999720067,False,square,square,0.30339546586102384,10.782835496177569,1951.6932248081398,157.4847917010044,663,[np.int64(406)],nan,nan,nan,nan,nan,,,,,,,,,,8,001,28,f,r,0.5350820483873121,True,,,,,
,,86,8,001,28,f,r,calibration,0.55,2,0,26,0.347354013008391,-0.6306903787402434,1,False,0.8010380000341684,False,square,square,0.29765731511762,3.246134651085642,587.5503718465012,123.05475955172014,888,[np.int64(1195)],nan,nan,nan,nan,nan,,,,,,,,,,8,001,28,f,r,0.5350820483873121,True,,,,,
,,87,8,001,28,f,r,calibration,0.55,2,0,27,0.347354013008391,-0.6306903787402434,1,False,0.6203486998565495,False,dot,dot,0.29280004121056835,2.8946309717268424,523.9282058825585,153.75767776413323,554,[np.int64(1467)],nan,nan,nan,nan,nan,,,,,,,,,,8,001,28,f,r,0.5350820483873121,True,,,,,
,,88,8,001,28,f,r,calibration,0.55,2,0,28,0.347354013008391,-0.6306903787402434,1,False,0.7858229000121355,False,square,square,0.2887337315682198,2.85343668644594,516.4720402467151,225.3872018849294,1190,[np.int64(1323)],nan,nan,nan,nan,nan,,,,,,,,,,8,001,28,f,r,0.5350820483873121,True,,,,,
,,89,8,001,28,f,r,calibration,0.55,2,0,29,0.347354013008391,-0.6306903787402434,1,False,0.9531080999877304,False,square,square,0.28536820091279763,5.621218881614328,1017.4406175721933,251.74523008742912,1305,[np.int64(127)],nan,nan,nan,nan,nan,,,,,,,,,,8,001,28,f,r,0.5350820483873121,True,,,,,
,,90,8,001,28,f,r,calibration,0.55,2,0,30,0.347354013008391,-0.6306903787402434,1,False,0.5863036999944597,False,dot,dot,0.2826177266617337,3.167672642266422,573.3487482502223,147.75884161941894,954,[np.int64(1322)],-0.8558554076615396,3.583215925587148,2.158448118215082,0.023903921623791742,0.020936090521329397,,,,,,,,,,8,001,28,f,r,0.5350820483873121,True,,,,,
,,91,8,001,28,f,r,calibration,0.55,2,0,31,0.29156950079727495,-0.887773556565376,1,False,0.7877753002103418,False,dot,dot,0.2858874597064351,3.511052659776862,635.500531419612,205.23522997713835,996,[np.int64(1260)],nan,nan,nan,nan,nan,,,,,,,,,,8,001,28,f,r,0.5350820483873121,True,,,,,
,,92,8,001,28,f,r,calibration,0.55,2,0,32,0.29156950079727495,-0.887773556565376,0,False,0.8526596000883728,False,square,dot,0.2545613199282591,-0.16050631893617756,-29.051643727448138,255.47599566679776,1337,[np.int64(512)],nan,nan,nan,nan,nan,,,,,,,,,,8,001,28,f,r,0.5350820483873121,True,,,,,
,,93,8,001,28,f,r,calibration,0.55,2,0,33,0.347354013008391,-0.6306903787402434,0,False,2.149987699929625,False,dot,square,0.24743666773251777,3.6354173202191715,658.01053495967,149.6298782632306,604,[np.int64(1108)],nan,nan,nan,nan,nan,,,,,,,,,,8,001,28,f,r,0.5350820483873121,True,,,,,
,,94,8,001,28,f,r,calibration,0.55,2,0,34,0.347354013008391,-0.6306903787402434,1,False,1.1162149000447243,False,square,square,0.24250091591437753,5.261518919866546,952.3349244958449,130.71596854818338,1595,[np.int64(1448)],nan,nan,nan,nan,nan,,,,,,,,,,8,001,28,f,r,0.5350820483873121,True,,,,,
,,95,8,001,28,f,r,calibration,0.55,2,0,35,0.347354013008391,-0.6306903787402434,1,False,0.9012851999141276,False,square,square,0.23824079951545835,4.587862586724642,830.4031281971602,83.79941931696928,184,[np.int64(1141)],nan,nan,nan,nan,nan,,,,,,,,,,8,001,28,f,r,0.5350820483873121,True,,,,,
,,96,8,001,28,f,r,calibration,0.55,2,0,36,0.347354013008391,-0.6306903787402434,1,False,0.9359045000746846,False,dot,dot,0.2345774795283722,0.13527794867606294,24.48530871036739,385.69424398013376,1555,[np.int64(188)],nan,nan,nan,nan,nan,,,,,,,,,,8,001,28,f,r,0.5350820483873121,True,,,,,
,,97,8,001,28,f,r,calibration,0.55,2,0,37,0.347354013008391,-0.6306903787402434,0,False,0.6377830998972058,False,dot,square,0.2297311246998734,2.36537128176572,428.1322019995954,239.88740562087264,723,[np.int64(1242)],nan,nan,nan,nan,nan,,,,,,,,,,8,001,28,f,r,0.5350820483873121,True,,,,,
,,98,8,001,28,f,r,calibration,0.55,2,0,38,0.347354013008391,-0.6306903787402434,1,False,0.6301633999682963,False,square,square,0.22549795106846193,5.472459511867318,990.5151716479845,259.98615198406463,1346,[np.int64(536)],nan,nan,nan,nan,nan,,,,,,,,,,8,001,28,f,r,0.5350820483873121,True,,,,,
,,99,8,001,28,f,r,calibration,0.55,2,0,39,0.347354013008391,-0.6306903787402434,1,False,0.9015482999384403,False,dot,dot,0.22183385212742576,2.769545360461605,501.2877102435505,147.65223090197998,1125,[np.int64(1456)],nan,nan,nan,nan,nan,,,,,,,,,,8,001,28,f,r,0.5350820483873121,True,,,,,
,,100,8,001,28,f,r,calibration,0.55,2,0,40,0.347354013008391,-0.6306903787402434,1,False,0.5188287999480963,False,dot,dot,0.2186670343097868,2.302719706049993,416.7922667950487,78.41076299115323,524,[np.int64(152)],-0.7572172665609476,3.382817726123629,2.0399039586116268,0.024988238012056803,0.02117883698266396,,,,,,,,,,8,001,28,f,r,0.5350820483873121,True,,,,,
,,101,8,001,28,f,r,calibration,0.55,2,0,41,0.347354013008391,-0.6306903787402434,1,False,0.7527185999788344,False,square,square,0.21593353332543225,-3.454835740708305,-625.3252690682032,80.88543929864734,1005,[np.int64(241)],nan,nan,nan,nan,nan,,,,,,,,,,8,001,28,f,r,0.5350820483873121,True,,,,,
,,102,8,001,28,f,r,calibration,0.55,2,0,42,0.347354013008391,-0.6306903787402434,0,False,0.8021459998562932,False,dot,square,0.21135202996346686,2.4505474274034236,443.54908436001966,118.5720866480827,1574,[np.int64(544)],nan,nan,nan,nan,nan,,,,,,,,,,8,001,28,f,r,0.5350820483873121,True,,,,,
,,103,8,001,28,f,r,calibration,0.55,2,0,43,0.347354013008391,-0.6306903787402434,1,False,0.6348755999933928,False,dot,dot,0.2081963845109329,8.177579825890803,1480.1419484862354,204.28145334126523,839,[np.int64(634)],nan,nan,nan,nan,nan,,,,,,,,,,8,001,28,f,r,0.5350820483873121,True,,,,,
,,104,8,001,28,f,r,calibration,0.55,2,0,44,0.347354013008391,-0.6306903787402434,1,False,0.5997394998557866,False,dot,dot,0.20545473170915132,10.328882037977703,1869.5276488739642,235.78219574100336,415,[np.int64(1062)],nan,nan,nan,nan,nan,,,,,,,,,,8,001,28,f,r,0.5350820483873121,True,,,,,
,,105,8,001,28,f,r,calibration,0.55,2,0,45,0.347354013008391,-0.6306903787402434,0,False,0.9872984001412988,False,square,dot,0.202969967712145,4.927418212146894,891.8626963985879,86.66869502713112,332,[np.int64(55)],nan,nan,nan,nan,nan,,,,,,,,,,8,001,28,f,r,0.5350820483873121,True,,,,,
,,106,8,001,28,f,r,calibration,0.55,2,0,46,0.347354013008391,-0.6306903787402434,1,False,0.9673514000605792,False,dot,dot,0.1998354237257816,4.339082861270662,785.3739978899898,182.17098421248664,217,[np.int64(989)],nan,nan,nan,nan,nan,,,,,,,,,,8,001,28,f,r,0.5350820483873121,True,,,,,
,,107,8,001,28,f,r,calibration,0.55,2,0,47,0.347354013008391,-0.6306903787402434,1,False,0.7319167999085039,False,square,square,0.1970957979582674,1.9842330326618018,359.14617891178614,238.11140359547844,74,[np.int64(320)],nan,nan,nan,nan,nan,,,,,,,,,,8,001,28,f,r,0.5350820483873121,True,,,,,
,,108,8,001,28,f,r,calibration,0.55,2,0,48,0.347354013008391,-0.6306903787402434,1,False,0.5546774000395089,False,square,square,0.19469910291421585,2.509908031010916,454.2933536129758,260.24909422646266,147,[np.int64(574)],nan,nan,nan,nan,nan,,,,,,,,,,8,001,28,f,r,0.5350820483873121,True,,,,,
,,109,8,001,28,f,r,calibration,0.55,2,0,49,0.347354013008391,-0.6306903787402434,1,False,0.7185893000569195,False,square,square,0.19260009569088204,4.017856472018871,727.2320214354156,205.15193469092657,356,[np.int64(1464)],nan,nan,nan,nan,nan,,,,,,,,,,8,001,28,f,r,0.5350820483873121,True,,,,,
,,110,8,001,28,f,r,calibration,0.55,2,0,50,0.347354013008391,-0.6306903787402434,1,False,0.802614799933508,False,square,square,0.19075970289875221,7.422194865053486,1343.417270574681,258.2871610339164,167,[np.int64(478)],-0.7656317111263833,3.3194195883358146,1.9910280838601675,0.024730924105601765,0.021088446077164636,,,,,,,,,,8,001,28,f,r,0.5350820483873121,True,,,,,
,,111,8,001,28,f,r,calibration,0.55,2,0,51,0.347354013008391,-0.6306903787402434,0,False,0.7539508000481874,False,dot,square,0.18733228264035373,6.23227053823232,1128.0409674200498,238.27401311979705,917,[np.int64(1281)],nan,nan,nan,nan,nan,,,,,,,,,,8,001,28,f,r,0.5350820483873121,True,,,,,
,,112,8,001,28,f,r,calibration,0.55,2,0,52,0.347354013008391,-0.6306903787402434,1,False,0.6820308000314981,False,dot,dot,0.18523584373756954,2.6346150156623613,476.86531783488743,93.96149363718615,84,[np.int64(697)],nan,nan,nan,nan,nan,,,,,,,,,,8,001,28,f,r,0.5350820483873121,True,,,,,
,,113,8,001,28,f,r,calibration,0.55,2,0,53,0.347354013008391,-0.6306903787402434,1,False,0.666305499849841,False,square,square,0.18338861036189288,3.7398367029784745,676.9104432391039,286.3790229784725,1022,[np.int64(1247)],nan,nan,nan,nan,nan,,,,,,,,,,8,001,28,f,r,0.5350820483873121,True,,,,,
,,114,8,001,28,f,r,calibration,0.55,2,0,54,0.347354013008391,-0.6306903787402434,1,False,0.7705208999104798,False,dot,dot,0.18175838254648943,2.355705981471659,426.3827826463703,148.83006414092108,242,[np.int64(1428)],nan,nan,nan,nan,nan,,,,,,,,,,8,001,28,f,r,0.5350820483873121,True,,,,,
,,115,8,001,28,f,r,calibration,0.55,2,0,55,0.347354013008391,-0.6306903787402434,1,False,0.8197618999984115,False,dot,dot,0.18031740203301785,6.119563937144112,1107.6410726230843,220.83491501466943,1197,[np.int64(1235)],nan,nan,nan,nan,nan,,,,,,,,,,8,001,28,f,r,0.5350820483873121,True,,,,,
,,116,8,001,28,f,r,calibration,0.55,2,0,56,0.347354013008391,-0.6306903787402434,1,False,0.8186725000850856,False,dot,dot,0.17904173744787638,7.822676941125635,1415.90452634374,353.4966540013716,1142,[np.int64(774)],nan,nan,nan,nan,nan,,,,,,,,,,8,001,28,f,r,0.5350820483873121,True,,,,,
,,117,8,001,28,f,r,calibration,0.55,2,0,57,0.347354013008391,-0.6306903787402434,1,False,0.8033286000136286,False,dot,dot,0.1779107265028713,8.955769245326898,1620.9942334041687,117.74986719739853,330,[np.int64(846)],nan,nan,nan,nan,nan,,,,,,,,,,8,001,28,f,r,0.5350820483873121,True,,,,,
,,118,8,001,28,f,r,calibration,0.55,2,0,58,0.347354013008391,-0.6306903787402434,0,False,0.9020553999580443,False,square,dot,0.17348906432137243,2.6907850784276475,487.03209919540416,171.33578896485395,930,[np.int64(1193)],nan,nan,nan,nan,nan,,,,,,,,,,8,001,28,f,r,0.5350820483873121,True,,,,,
,,119,8,001,28,f,r,calibration,0.55,2,0,59,0.347354013008391,-0.6306903787402434,1,False,0.7501906999386847,False,square,square,0.17221668623651282,2.129781667567202,385.4904818296635,192.65310287462123,1328,[np.int64(41)],nan,nan,nan,nan,nan,,,,,,,,,,8,001,28,f,r,0.5350820483873121,True,,,,,
,,120,8,001,28,f,r,calibration,0.55,2,0,60,0.347354013008391,-0.6306903787402434,0,False,0.6477385000325739,False,dot,square,0.16952357468778795,8.692604727298244,1573.361455640982,232.6352279577086,1289,[np.int64(866)],-0.7159298867845209,3.0375934865908794,1.7798915165831937,0.02609481187608735,0.021351583000562085,,,,,,,,,,8,001,28,f,r,0.5350820483873121,True,,,,,
,,121,8,001,28,f,r,test,,2,1,1,0.5350820483873121,,1,False,0.9657389998901635,False,img_A,img_A,,13.944502800245504,2496.0660012439453,201.22073434105047,641,[np.int64(98)],,,,,,high,0.5350820483873121,7,pliers_10s,videocassette_07n,13,23,33,41,8,001,28,f,r,0.5350820483873121,True,0.15989317907384526,True,"['high', 'low', 'high', 'low', 'high', 'low']",high,
,,122,8,001,28,f,r,test,,2,1,2,0.5350820483873121,,1,False,1.7102975999005139,False,img_A,img_A,,7.225991818263061,1307.904519105614,146.59973026388147,711,[np.int64(123)],,,,,,high,0.5350820483873121,5,saxophone_07s,money_14s,13,23,33,41,8,001,28,f,r,0.5350820483873121,True,0.15989317907384526,True,"['high', 'low', 'high', 'low', 'high', 'low']",high,
,,123,8,001,28,f,r,test,,2,1,3,0.5350820483873121,,1,False,1.725823099957779,False,img_A,img_A,,10.1329738309132,1834.068263395289,130.71060027302698,1347,[np.int64(1119)],,,,,,high,0.5350820483873121,6,robot_14s,hydrant_12s,13,23,33,41,8,001,28,f,r,0.5350820483873121,True,0.15989317907384526,True,"['high', 'low', 'high', 'low', 'high', 'low']",high,
,,124,8,001,28,f,r,test,,2,1,4,0.5350820483873121,,1,False,1.3794713001698256,False,img_B,img_B,,11.027486175750566,1995.9749978108525,182.3109941405735,1219,[np.int64(1271)],,,,,,high,0.5350820483873121,6,chips_03s,turban_02s,13,23,33,41,8,001,28,f,r,0.5350820483873121,True,0.15989317907384526,True,"['high', 'low', 'high', 'low', 'high', 'low']",high,
,,125,8,001,28,f,r,test,,2,1,5,0.5350820483873121,,1,False,1.376694899983704,False,img_B,img_B,,9.434451547187194,1707.6357300408822,175.65402255678137,325,[np.int64(1227)],,,,,,high,0.5350820483873121,5,jumpsuit_11s,squirt_gun_15s,13,23,33,41,8,001,28,f,r,0.5350820483873121,True,0.15989317907384526,True,"['high', 'low', 'high', 'low', 'high', 'low']",high,
,,126,8,001,28,f,r,test,,2,1,6,0.5350820483873121,,1,False,1.5954756999853998,False,img_A,img_A,,11.706838250490861,2118.937723338846,218.02440158054142,155,[np.int64(28)],,,,,,high,0.5350820483873121,5,lego_12s,headscarf_07s,13,23,33,41,8,001,28,f,r,0.5350820483873121,True,0.15989317907384526,True,"['high', 'low', 'high', 'low', 'high', 'low']",high,
,,127,8,001,28,f,r,test,,2,1,7,0.5350820483873121,,1,False,1.2802877000067383,False,img_B,img_B,,12.110593414513264,2192.0174080269007,208.75746570783048,910,[np.int64(424)],,,,,,high,0.5350820483873121,6,veil_01s,curling_iron_03s,13,23,33,41,8,001,28,f,r,0.5350820483873121,True,0.15989317907384526,True,"['high', 'low', 'high', 'low', 'high', 'low']",high,
,,128,8,001,28,f,r,test,,2,1,8,0.5350820483873121,,1,False,1.2273456000257283,False,img_B,img_B,,6.943668159014667,1256.8039367816548,77.66111121668617,858,[np.int64(1523)],,,,,,high,0.5350820483873121,6,vending_machine_03s,coin_15s,13,23,33,41,8,001,28,f,r,0.5350820483873121,True,0.15989317907384526,True,"['high', 'low', 'high', 'low', 'high', 'low']",high,
,,129,8,001,28,f,r,test,,2,1,9,0.5350820483873121,,1,False,1.495638299966231,False,img_A,img_A,,13.233075737097698,2395.1867084146834,177.92250026010117,294,[np.int64(537)],,,,,,high,0.5350820483873121,6,ramp_09s,stamp1_05s,13,23,33,41,8,001,28,f,r,0.5350820483873121,True,0.15989317907384526,True,"['high', 'low', 'high', 'low', 'high', 'low']",high,
,,130,8,001,28,f,r,test,,2,1,10,0.5350820483873121,,1,False,1.377654799958691,False,img_B,img_B,,9.624787779043158,1742.0865880068118,171.21361866110152,652,[np.int64(1181)],,,,,,high,0.5350820483873121,5,solar_panel_04s,playing_card_12s,13,23,33,41,8,001,28,f,r,0.5350820483873121,True,0.15989317907384526,True,"['high', 'low', 'high', 'low', 'high', 'low']",high,
,,131,8,001,28,f,r,test,,2,1,11,0.5350820483873121,,1,False,1.6289850000757724,False,img_A,img_A,,8.300822523887696,1502.448876823673,117.32286934252663,422,[np.int64(622)],,,,,,high,0.5350820483873121,5,bulletproof_vest_03s,tattoo_04s,13,23,33,41,8,001,28,f,r,0.5350820483873121,True,0.15989317907384526,True,"['high', 'low', 'high', 'low', 'high', 'low']",high,
,,132,8,001,28,f,r,test,,2,1,12,0.5350820483873121,,1,False,4.095750499982387,False,img_A,img_A,,9.363414139452667,1694.7779592409327,161.77220943353709,1004,[np.int64(1499)],,,,,,high,0.5350820483873121,6,handbrake_03s,pinball_09s,13,23,33,41,8,001,28,f,r,0.5350820483873121,True,0.15989317907384526,True,"['high', 'low', 'high', 'low', 'high', 'low']",high,
,,133,8,001,28,f,r,test,,2,1,13,0.5350820483873121,,1,False,1.2293791000265628,False,img_B,img_B,,11.452258352562847,2072.8587618138754,201.58216611519933,1481,[np.int64(1082)],,,,,,high,0.5350820483873121,5,container_04s,windsock_09s,13,23,33,41,8,001,28,f,r,0.5350820483873121,True,0.15989317907384526,True,"['high', 'low', 'high', 'low', 'high', 'low']",high,
,,134,8,001,28,f,r,test,,2,1,14,0.5350820483873121,,1,False,1.4476350999902934,False,img_B,img_B,,16.82156796963928,3044.7038025047095,219.29686079226707,249,[np.int64(724)],,,,,,high,0.5350820483873121,5,emerald_08n,marker_08s,13,23,33,41,8,001,28,f,r,0.5350820483873121,True,0.15989317907384526,True,"['high', 'low', 'high', 'low', 'high', 'low']",high,
,,135,8,001,28,f,r,test,,2,1,15,0.5350820483873121,,1,False,1.431051699910313,False,img_A,img_A,,12.150633310470605,2199.2646291951796,164.07422233433985,1500,[np.int64(922)],,,,,,high,0.5350820483873121,5,refrigerator_11s,headdress_11s,13,23,33,41,8,001,28,f,r,0.5350820483873121,True,0.15989317907384526,True,"['high', 'low', 'high', 'low', 'high', 'low']",high,
,,136,8,001,28,f,r,test,,2,1,16,0.5350820483873121,,1,False,1.2125466000288725,False,img_B,img_B,,8.988041905988576,1626.8355849839322,137.95109740606912,566,[np.int64(1569)],,,,,,high,0.5350820483873121,6,meatball_14s,keyboard_15s,13,23,33,41,8,001,28,f,r,0.5350820483873121,True,0.15989317907384526,True,"['high', 'low', 'high', 'low', 'high', 'low']",high,
,,137,8,001,28,f,r,test,,2,1,17,0.5350820483873121,,1,False,1.1972979998681694,False,img_A,img_A,,9.954937106039562,1801.8436161931609,206.22473158688993,189,[np.int64(412)],,,,,,high,0.5350820483873121,6,snorkel_05s,sweeper_02s,13,23,33,41,8,001,28,f,r,0.5350820483873121,True,0.15989317907384526,True,"['high', 'low', 'high', 'low', 'high', 'low']",high,
,,138,8,001,28,f,r,test,,2,1,18,0.5350820483873121,,1,False,1.4150453000329435,False,img_A,img_A,,16.68904660060383,3020.7174347092932,237.04486360685402,68,[np.int64(1044)],,,,,,high,0.5350820483873121,7,pancake_08s,ice_cube_03s,13,23,33,41,8,001,28,f,r,0.5350820483873121,True,0.15989317907384526,True,"['high', 'low', 'high', 'low', 'high', 'low']",high,
,,139,8,001,28,f,r,test,,2,1,19,0.5350820483873121,,1,False,1.2779314999934286,False,img_A,img_A,,13.723881815695039,2484.022608640802,194.45609397241972,205,[np.int64(1089)],,,,,,high,0.5350820483873121,5,burrito_05s,dumbbell_10s,13,23,33,41,8,001,28,f,r,0.5350820483873121,True,0.15989317907384526,True,"['high', 'low', 'high', 'low', 'high', 'low']",high,
,,140,8,001,28,f,r,test,,2,1,20,0.5350820483873121,,1,False,1.6617444001603872,False,img_A,img_A,,10.09948032461962,1828.0059387561512,170.41754952589844,1327,[np.int64(1492)],,,,,,high,0.5350820483873121,6,pizza_03s,tent_12s,13,23,33,41,8,001,28,f,r,0.5350820483873121,True,0.15989317907384526,True,"['high', 'low', 'high', 'low', 'high', 'low']",high,
,,141,8,001,28,f,r,test,,2,2,1,0.15989317907384526,,0,False,3.894586999900639,False,img_A,img_B,,3.788482793947245,685.7153857044514,418.1374866630523,1539,[np.int64(983)],,,,,,low,0.15989317907384526,5,barrette_09s,french_fries_11s,11,21,31,42,8,001,28,f,r,0.5350820483873121,True,0.15989317907384526,True,"['high', 'low', 'high', 'low', 'high', 'low']",high,
,,142,8,001,28,f,r,test,,2,2,2,0.15989317907384526,,1,False,1.6104898999910802,False,img_B,img_B,,1.3342910120650808,241.50667318377964,260.1200852188179,621,[np.int64(538)],,,,,,low,0.15989317907384526,4,peanut_12s,wafer_08s,11,21,31,41,8,001,28,f,r,0.5350820483873121,True,0.15989317907384526,True,"['high', 'low', 'high', 'low', 'high', 'low']",high,
,,143,8,001,28,f,r,test,,2,2,3,0.15989317907384526,,0,True,nan,False,img_B,timeout,,-4.063403226395573,-735.4759839775986,234.77798800172013,1035,[np.int64(813)],,,,,,low,0.15989317907384526,5,cheeseburger_12s,contact_lens_13s,11,21,31,42,8,001,28,f,r,0.5350820483873121,True,0.15989317907384526,True,"['high', 'low', 'high', 'low', 'high', 'low']",high,
,,144,8,001,28,f,r,test,,2,2,4,0.15989317907384526,,1,False,2.463310500141233,False,img_A,img_A,,1.0046056407559807,181.8336209768325,348.2953482602191,1126,[np.int64(933)],,,,,,low,0.15989317907384526,3,candy_10s,limousine_10s,11,21,31,41,8,001,28,f,r,0.5350820483873121,True,0.15989317907384526,True,"['high', 'low', 'high', 'low', 'high', 'low']",high,
,,145,8,001,28,f,r,test,,2,2,5,0.15989317907384526,,0,False,2.1142109998036176,False,img_B,img_A,,0.9480275186165715,171.59298086959944,246.1645757320994,722,[np.int64(762)],,,,,,low,0.15989317907384526,2,dumpling_13s,lipstick_12s,11,21,31,42,8,001,28,f,r,0.5350820483873121,True,0.15989317907384526,True,"['high', 'low', 'high', 'low', 'high', 'low']",high,
,,146,8,001,28,f,r,test,,2,2,6,0.15989317907384526,,0,False,1.046488800086081,False,img_B,img_A,,1.3569253081848303,245.60348078145427,296.229544208209,60,[np.int64(1140)],,,,,,low,0.15989317907384526,3,hula_hoop_16s,tomato_sauce_14s,11,21,31,42,8,001,28,f,r,0.5350820483873121,True,0.15989317907384526,True,"['high', 'low', 'high', 'low', 'high', 'low']",high,
,,147,8,001,28,f,r,test,,2,2,7,0.15989317907384526,,0,False,1.9794429000467062,False,img_A,img_B,,-4.151066304419304,-751.3430010998941,345.0670766669685,865,[np.int64(1504)],,,,,,low,0.15989317907384526,3,toothpick_14n,pasta_06s,11,21,31,42,8,001,28,f,r,0.5350820483873121,True,0.15989317907384526,True,"['high', 'low', 'high', 'low', 'high', 'low']",high,
,,148,8,001,28,f,r,test,,2,2,8,0.15989317907384526,,0,False,1.4452571999281645,False,img_A,img_B,,4.695128531632983,849.8182642255699,203.98442953506458,1276,[np.int64(777)],,,,,,low,0.15989317907384526,2,hot_chocolate_12s,blower_10s,11,21,31,42,8,001,28,f,r,0.5350820483873121,True,0.15989317907384526,True,"['high', 'low', 'high', 'low', 'high', 'low']",high,
,,149,8,001,28,f,r,test,,2,2,9,0.15989317907384526,,1,False,1.628521400038153,False,img_A,img_A,,4.674016920546515,845.9970626189194,221.36226052046004,878,[np.int64(879)],,,,,,low,0.15989317907384526,2,boot_09s,pesto_07s,11,21,31,41,8,001,28,f,r,0.5350820483873121,True,0.15989317907384526,True,"['high', 'low', 'high', 'low', 'high', 'low']",high,
,,150,8,001,28,f,r,test,,2,2,10,0.15989317907384526,,1,False,1.9649384000804275,False,img_A,img_A,,-4.459158503853888,-807.1076891975537,369.9429196782402,1571,[np.int64(497)],,,,,,low,0.15989317907384526,3,flipper_12s,cellphone_11s,11,21,31,41,8,001,28,f,r,0.5350820483873121,True,0.15989317907384526,True,"['high', 'low', 'high', 'low', 'high', 'low']",high,
,,151,8,001,28,f,r,test,,2,2,11,0.15989317907384526,,1,False,1.0971772000193596,False,img_B,img_B,,4.049018485375337,732.872345852936,532.3437250398861,1088,[np.int64(940)],,,,,,low,0.15989317907384526,1,mouse2_09s,doorknocker_08s,11,21,31,41,8,001,28,f,r,0.5350820483873121,True,0.15989317907384526,True,"['high', 'low', 'high', 'low', 'high', 'low']",high,
,,152,8,001,28,f,r,test,,2,2,12,0.15989317907384526,,0,False,1.0790136998984963,False,img_B,img_A,,2.54469961263689,460.59062988727715,285.2962849098508,446,[np.int64(514)],,,,,,low,0.15989317907384526,2,sequin_08s,toast_13s,11,21,31,42,8,001,28,f,r,0.5350820483873121,True,0.15989317907384526,True,"['high', 'low', 'high', 'low', 'high', 'low']",high,
,,153,8,001,28,f,r,test,,2,2,13,0.15989317907384526,,1,False,1.3294053000863642,False,img_A,img_A,,6.467104590628329,1170.5459309037276,412.8822761879578,640,[np.int64(847)],,,,,,low,0.15989317907384526,2,bowling_ball_01b,coffee_bean_12s,11,21,31,41,8,001,28,f,r,0.5350820483873121,True,0.15989317907384526,True,"['high', 'low', 'high', 'low', 'high', 'low']",high,
,,154,8,001,28,f,r,test,,2,2,14,0.15989317907384526,,1,False,0.67923319991678,False,img_A,img_A,,3.872344862937419,700.8944201916728,338.90685583001067,290,[np.int64(1412)],,,,,,low,0.15989317907384526,2,thumbtack_15n,swimsuit_08s,11,21,31,41,8,001,28,f,r,0.5350820483873121,True,0.15989317907384526,True,"['high', 'low', 'high', 'low', 'high', 'low']",high,
,,155,8,001,28,f,r,test,,2,2,15,0.15989317907384526,,1,False,0.7131203999742866,False,img_A,img_A,,4.312160594515867,780.501067607372,349.5942681671581,978,[np.int64(598)],,,,,,low,0.15989317907384526,2,mullet_03s,wetsuit_09s,11,21,31,41,8,001,28,f,r,0.5350820483873121,True,0.15989317907384526,True,"['high', 'low', 'high', 'low', 'high', 'low']",high,
,,156,8,001,28,f,r,test,,2,2,16,0.15989317907384526,,1,False,0.6444806000217795,False,img_A,img_A,,5.713241435954161,1034.0966999077032,234.76106426701492,963,[np.int64(1262)],,,,,,low,0.15989317907384526,3,highlighter_05s,grapefruit_09s,11,21,31,41,8,001,28,f,r,0.5350820483873121,True,0.15989317907384526,True,"['high', 'low', 'high', 'low', 'high', 'low']",high,
,,157,8,001,28,f,r,test,,2,2,17,0.15989317907384526,,0,False,1.699213800020516,False,img_B,img_A,,-9.480625472798152,-1715.9932105764656,281.57613870448193,306,[np.int64(1057)],,,,,,low,0.15989317907384526,2,crucifix_09s,spareribs_10s,11,21,31,42,8,001,28,f,r,0.5350820483873121,True,0.15989317907384526,True,"['high', 'low', 'high', 'low', 'high', 'low']",high,
,,158,8,001,28,f,r,test,,2,2,18,0.15989317907384526,,1,False,1.2791335999500006,False,img_A,img_A,,2.692372516843644,487.31942554869954,397.75995502106144,360,[np.int64(855)],,,,,,low,0.15989317907384526,3,throne_02s,cookie_11s,11,21,31,41,8,001,28,f,r,0.5350820483873121,True,0.15989317907384526,True,"['high', 'low', 'high', 'low', 'high', 'low']",high,
,,159,8,001,28,f,r,test,,2,2,19,0.15989317907384526,,1,False,0.7624768000096083,False,img_A,img_A,,-6.0688091703365385,-1098.4544598309135,221.61634055355827,684,[np.int64(991)],,,,,,low,0.15989317907384526,3,step_stool_06s,lip_balm_08s,11,21,31,41,8,001,28,f,r,0.5350820483873121,True,0.15989317907384526,True,"['high', 'low', 'high', 'low', 'high', 'low']",high,
,,160,8,001,28,f,r,test,,2,2,20,0.15989317907384526,,1,False,1.1634385001379997,False,img_B,img_B,,4.881412542542502,883.5356702001927,296.23512706831303,507,[np.int64(570)],,,,,,low,0.15989317907384526,3,flan_02s,straightjacket_05s,11,21,31,41,8,001,28,f,r,0.5350820483873121,True,0.15989317907384526,True,"['high', 'low', 'high', 'low', 'high', 'low']",high,
,,161,8,001,28,f,r,test,,2,3,1,0.5350820483873121,,1,False,1.1289761001244187,False,img_A,img_A,,11.81603388158474,2138.702132566838,188.82443840347366,916,[np.int64(672)],,,,,,high,0.5350820483873121,6,cape_06s,creme_brulee_07s,13,23,33,41,8,001,28,f,r,0.5350820483873121,True,0.15989317907384526,True,"['high', 'low', 'high', 'low', 'high', 'low']",high,
,,162,8,001,28,f,r,test,,2,3,2,0.5350820483873121,,1,False,0.9938930000644177,False,img_A,img_A,,20.311370517610623,3676.3580636875226,177.35349466698912,1385,[np.int64(785)],,,,,,high,0.5350820483873121,6,coffee_13s,gas_mask_01b,13,23,33,41,8,001,28,f,r,0.5350820483873121,True,0.15989317907384526,True,"['high', 'low', 'high', 'low', 'high', 'low']",high,
,,163,8,001,28,f,r,test,,2,3,3,0.5350820483873121,,1,False,0.810562000144273,False,img_A,img_A,,20.21925782438204,3659.6856662131495,167.02249193643587,1087,[np.int64(944)],,,,,,high,0.5350820483873121,6,shoelace_06s,undershirt_04s,13,23,33,41,8,001,28,f,r,0.5350820483873121,True,0.15989317907384526,True,"['high', 'low', 'high', 'low', 'high', 'low']",high,
,,164,8,001,28,f,r,test,,2,3,4,0.5350820483873121,,1,False,0.5782614001072943,False,img_B,img_B,,7.014988449516787,1269.7129093625385,120.37002457467707,164,[np.int64(607)],,,,,,high,0.5350820483873121,6,pomegranate_11n,ironing_board_01b,13,23,33,41,8,001,28,f,r,0.5350820483873121,True,0.15989317907384526,True,"['high', 'low', 'high', 'low', 'high', 'low']",high,
,,165,8,001,28,f,r,test,,2,3,5,0.5350820483873121,,1,False,1.1143924000207335,False,img_B,img_B,,11.792610639510567,2134.4625257514126,106.01301225334133,1169,[np.int64(995)],,,,,,high,0.5350820483873121,5,sausage_08s,headset_09s,13,23,33,41,8,001,28,f,r,0.5350820483873121,True,0.15989317907384526,True,"['high', 'low', 'high', 'low', 'high', 'low']",high,
,,166,8,001,28,f,r,test,,2,3,6,0.5350820483873121,,1,False,1.862445899983868,False,img_A,img_A,,14.568415639525579,2636.8832307541297,136.4146903671655,1230,[np.int64(1052)],,,,,,high,0.5350820483873121,6,bin_01b,gauze_02s,13,23,33,41,8,001,28,f,r,0.5350820483873121,True,0.15989317907384526,True,"['high', 'low', 'high', 'low', 'high', 'low']",high,
,,167,8,001,28,f,r,test,,2,3,7,0.5350820483873121,,1,False,1.1121940999291837,False,img_A,img_A,,14.195937131160589,2569.4646207400665,158.89682893665895,100,[np.int64(1232)],,,,,,high,0.5350820483873121,6,wallet_05s,tamale_13s,13,23,33,41,8,001,28,f,r,0.5350820483873121,True,0.15989317907384526,True,"['high', 'low', 'high', 'low', 'high', 'low']",high,
,,168,8,001,28,f,r,test,,2,3,8,0.5350820483873121,,1,False,1.0448824998456985,False,img_A,img_A,,9.128857132586424,1652.3231409981427,124.57768705865702,841,[np.int64(1128)],,,,,,high,0.5350820483873121,6,hot_tub_07s,glue_11s,13,23,33,41,8,001,28,f,r,0.5350820483873121,True,0.15989317907384526,True,"['high', 'low', 'high', 'low', 'high', 'low']",high,
,,169,8,001,28,f,r,test,,2,3,9,0.5350820483873121,,1,False,0.9658323000185192,False,img_A,img_A,,10.640223046676748,1925.8803714484916,180.9753166876877,1509,[np.int64(1360)],,,,,,high,0.5350820483873121,7,jigsaw_puzzle_09s,origami_03s,13,23,33,41,8,001,28,f,r,0.5350820483873121,True,0.15989317907384526,True,"['high', 'low', 'high', 'low', 'high', 'low']",high,
,,170,8,001,28,f,r,test,,2,3,10,0.5350820483873121,,1,False,1.4453380000777543,False,img_A,img_A,,9.261156995047974,1676.2694161036834,176.05583369060054,1535,[np.int64(244)],,,,,,high,0.5350820483873121,6,tiramisu_12s,gold_13s,13,23,33,41,8,001,28,f,r,0.5350820483873121,True,0.15989317907384526,True,"['high', 'low', 'high', 'low', 'high', 'low']",high,
,,171,8,001,28,f,r,test,,2,3,11,0.5350820483873121,,1,False,1.3113184999674559,False,img_A,img_A,,13.20794345523906,2390.63776539827,147.55784952432546,495,[np.int64(496)],,,,,,high,0.5350820483873121,6,chalk_02s,egg_15s,13,23,33,41,8,001,28,f,r,0.5350820483873121,True,0.15989317907384526,True,"['high', 'low', 'high', 'low', 'high', 'low']",high,
,,172,8,001,28,f,r,test,,2,3,12,0.5350820483873121,,1,False,0.7968959000427276,False,img_B,img_B,,12.58276913952527,2277.481214254074,159.63303207406946,1427,[np.int64(614)],,,,,,high,0.5350820483873121,7,peach_09n,breadstick_14s,13,23,33,41,8,001,28,f,r,0.5350820483873121,True,0.15989317907384526,True,"['high', 'low', 'high', 'low', 'high', 'low']",high,
,,173,8,001,28,f,r,test,,2,3,13,0.5350820483873121,,1,False,1.2457866000477225,False,img_B,img_B,,10.897906699049768,1972.5211125280082,140.2738119023871,239,[np.int64(183)],,,,,,high,0.5350820483873121,6,baklava_11s,clothespin_08s,13,23,33,41,8,001,28,f,r,0.5350820483873121,True,0.15989317907384526,True,"['high', 'low', 'high', 'low', 'high', 'low']",high,
,,174,8,001,28,f,r,test,,2,3,14,0.5350820483873121,,1,False,1.1791413000319153,False,img_B,img_B,,6.506452701356536,1177.667938945533,117.08879770032061,950,[np.int64(1373)],,,,,,high,0.5350820483873121,6,shower_cap_12s,taffy_08s,13,23,33,41,8,001,28,f,r,0.5350820483873121,True,0.15989317907384526,True,"['high', 'low', 'high', 'low', 'high', 'low']",high,
,,175,8,001,28,f,r,test,,2,3,15,0.5350820483873121,,1,False,1.1121204998344183,False,img_B,img_B,,16.79728479466105,3040.3085478336498,191.6494520939019,1424,[np.int64(635)],,,,,,high,0.5350820483873121,6,trombone_14s,walker1_03s,13,23,33,41,8,001,28,f,r,0.5350820483873121,True,0.15989317907384526,True,"['high', 'low', 'high', 'low', 'high', 'low']",high,
,,176,8,001,28,f,r,test,,2,3,16,0.5350820483873121,,1,False,1.061821199953556,False,img_A,img_A,,10.768558988521738,1949.1091769224345,153.16473060966507,737,[np.int64(584)],,,,,,high,0.5350820483873121,6,cotton_candy_08s,birthday_cake_12s,13,23,33,41,8,001,28,f,r,0.5350820483873121,True,0.15989317907384526,True,"['high', 'low', 'high', 'low', 'high', 'low']",high,
,,177,8,001,28,f,r,test,,2,3,17,0.5350820483873121,,1,False,0.9630861000623554,False,img_A,img_A,,10.71602424482667,1939.6003883136273,181.65369247293575,1442,[np.int64(1014)],,,,,,high,0.5350820483873121,6,figurine_11s,hanger_13n,13,23,33,41,8,001,28,f,r,0.5350820483873121,True,0.15989317907384526,True,"['high', 'low', 'high', 'low', 'high', 'low']",high,
,,178,8,001,28,f,r,test,,2,3,18,0.5350820483873121,,1,False,1.6455937998834997,False,img_B,img_B,,9.375208981373403,1696.912825628586,141.55186382646875,33,[np.int64(758)],,,,,,high,0.5350820483873121,6,joystick_02s,grain_05s,13,23,33,41,8,001,28,f,r,0.5350820483873121,True,0.15989317907384526,True,"['high', 'low', 'high', 'low', 'high', 'low']",high,
,,179,8,001,28,f,r,test,,2,3,19,0.5350820483873121,,1,False,0.9793775000143796,False,img_A,img_A,,12.099197891476463,2189.9548183572397,153.8908012111482,1070,[np.int64(772)],,,,,,high,0.5350820483873121,7,trap_07s,brush_04s,13,23,33,41,8,001,28,f,r,0.5350820483873121,True,0.15989317907384526,True,"['high', 'low', 'high', 'low', 'high', 'low']",high,
,,180,8,001,28,f,r,test,,2,3,20,0.5350820483873121,,1,False,1.2635711000766605,False,img_A,img_A,,6.6994653725440605,1212.603232430475,172.4995704109478,547,[np.int64(231)],,,,,,high,0.5350820483873121,6,snowman_03s,hobbyhorse_04s,13,23,33,41,8,001,28,f,r,0.5350820483873121,True,0.15989317907384526,True,"['high', 'low', 'high', 'low', 'high', 'low']",high,
,,181,8,001,28,f,r,test,,2,4,1,0.15989317907384526,,1,False,0.831470999866724,False,img_A,img_A,,3.9159450504313345,708.7860541280716,326.156746343488,7,[np.int64(1465)],,,,,,low,0.15989317907384526,4,belt_buckle_14s,mixer_03s,11,21,31,41,8,001,28,f,r,0.5350820483873121,True,0.15989317907384526,True,"['high', 'low', 'high', 'low', 'high', 'low']",high,
,,182,8,001,28,f,r,test,,2,4,2,0.15989317907384526,,0,False,2.26149920001626,False,img_A,img_B,,4.994798162683776,904.0584674457635,409.44627324079494,11,[np.int64(1459)],,,,,,low,0.15989317907384526,4,icicle_12s,spam_01b,11,21,31,42,8,001,28,f,r,0.5350820483873121,True,0.15989317907384526,True,"['high', 'low', 'high', 'low', 'high', 'low']",high,
,,183,8,001,28,f,r,test,,2,4,3,0.15989317907384526,,1,False,2.1944790000561625,False,img_A,img_A,,6.158256147103445,1114.6443626257235,461.09349435563627,1013,[np.int64(1578)],,,,,,low,0.15989317907384526,2,sock_13s,eggnog_02s,11,21,31,41,8,001,28,f,r,0.5350820483873121,True,0.15989317907384526,True,"['high', 'low', 'high', 'low', 'high', 'low']",high,
,,184,8,001,28,f,r,test,,2,4,4,0.15989317907384526,,0,False,3.895956999855116,False,img_A,img_B,,3.6370397800658667,658.3042001919218,153.34728163056286,1028,[np.int64(1112)],,,,,,low,0.15989317907384526,3,chickpea_02s,yarn_10s,11,21,31,42,8,001,28,f,r,0.5350820483873121,True,0.15989317907384526,True,"['high', 'low', 'high', 'low', 'high', 'low']",high,
,,185,8,001,28,f,r,test,,2,4,5,0.15989317907384526,,1,False,1.2611695998348296,False,img_A,img_A,,2.3442604445238597,424.3111404588186,416.73405258306474,695,[np.int64(770)],,,,,,low,0.15989317907384526,2,french_horn_05s,banana_06s,11,21,31,41,8,001,28,f,r,0.5350820483873121,True,0.15989317907384526,True,"['high', 'low', 'high', 'low', 'high', 'low']",high,
,,186,8,001,28,f,r,test,,2,4,6,0.15989317907384526,,1,False,1.1465771000366658,False,img_A,img_A,,0.8449268704122046,152.93176354460903,185.33939451562006,809,[np.int64(1071)],,,,,,low,0.15989317907384526,2,teabag_09s,magnet_12s,11,21,31,41,8,001,28,f,r,0.5350820483873121,True,0.15989317907384526,True,"['high', 'low', 'high', 'low', 'high', 'low']",high,
,,187,8,001,28,f,r,test,,2,4,7,0.15989317907384526,,1,False,0.8111376999877393,False,img_A,img_A,,1.6477990471856692,298.25162754060614,378.8585772141391,1098,[np.int64(979)],,,,,,low,0.15989317907384526,2,nutcracker_06s,fishhook_09s,11,21,31,41,8,001,28,f,r,0.5350820483873121,True,0.15989317907384526,True,"['high', 'low', 'high', 'low', 'high', 'low']",high,
,,188,8,001,28,f,r,test,,2,4,8,0.15989317907384526,,0,False,0.9475809000432491,False,img_A,img_B,,5.449316476458542,986.3262822389961,433.74541151444686,333,[np.int64(947)],,,,,,low,0.15989317907384526,2,hot-water_bottle_05s,eyeliner_10s,11,21,31,42,8,001,28,f,r,0.5350820483873121,True,0.15989317907384526,True,"['high', 'low', 'high', 'low', 'high', 'low']",high,
,,189,8,001,28,f,r,test,,2,4,9,0.15989317907384526,,0,False,0.5140004998538643,False,img_A,img_B,,-1.5201156844645256,-275.1409388880791,262.2681582261681,704,[np.int64(859)],,,,,,low,0.15989317907384526,2,latte_01b,ruby_14s,11,21,31,42,8,001,28,f,r,0.5350820483873121,True,0.15989317907384526,True,"['high', 'low', 'high', 'low', 'high', 'low']",high,
,,190,8,001,28,f,r,test,,2,4,10,0.15989317907384526,,0,False,0.793003800092265,False,img_A,img_B,,-0.7759405959973315,-140.445247875517,242.67416168322865,1363,[np.int64(1446)],,,,,,low,0.15989317907384526,2,jersey_07s,coffee_filter_05s,11,21,31,42,8,001,28,f,r,0.5350820483873121,True,0.15989317907384526,True,"['high', 'low', 'high', 'low', 'high', 'low']",high,
,,191,8,001,28,f,r,test,,2,4,11,0.15989317907384526,,0,False,0.5813827000092715,False,img_B,img_A,,-0.6495434755647647,-117.5673690772224,387.39486854578485,595,[np.int64(1076)],,,,,,low,0.15989317907384526,2,fingerprint_01b,cork_10s,11,21,31,42,8,001,28,f,r,0.5350820483873121,True,0.15989317907384526,True,"['high', 'low', 'high', 'low', 'high', 'low']",high,
,,192,8,001,28,f,r,test,,2,4,12,0.15989317907384526,,0,False,0.9130969000980258,False,img_A,img_B,,-4.301147191709529,-778.5076416994249,394.19504960680115,352,[np.int64(1411)],,,,,,low,0.15989317907384526,3,ravioli_15s,roll_01b,11,21,31,42,8,001,28,f,r,0.5350820483873121,True,0.15989317907384526,True,"['high', 'low', 'high', 'low', 'high', 'low']",high,
,,193,8,001,28,f,r,test,,2,4,13,0.15989317907384526,,0,False,0.9477236000820994,False,img_A,img_B,,1.7615670990960095,318.8436449363777,354.2062489099224,8,[np.int64(484)],,,,,,low,0.15989317907384526,2,computer_screen_12s,pita_08s,11,21,31,42,8,001,28,f,r,0.5350820483873121,True,0.15989317907384526,True,"['high', 'low', 'high', 'low', 'high', 'low']",high,
,,194,8,001,28,f,r,test,,2,4,14,0.15989317907384526,,1,False,0.8300593998283148,False,img_B,img_B,,-1.737673540042143,-314.5189107476279,136.069964862225,416,[np.int64(57)],,,,,,low,0.15989317907384526,1,hotdog_03s,costume_08s,11,21,31,41,8,001,28,f,r,0.5350820483873121,True,0.15989317907384526,True,"['high', 'low', 'high', 'low', 'high', 'low']",high,
,,195,8,001,28,f,r,test,,2,4,15,0.15989317907384526,,0,False,0.5311638000421226,False,img_B,img_A,,-1.421574476646653,-257.3049802730442,521.5639227310339,907,[np.int64(407)],,,,,,low,0.15989317907384526,1,ham_05s,plaster_cast_13s,11,21,31,42,8,001,28,f,r,0.5350820483873121,True,0.15989317907384526,True,"['high', 'low', 'high', 'low', 'high', 'low']",high,
,,196,8,001,28,f,r,test,,2,4,16,0.15989317907384526,,0,True,nan,False,img_A,timeout,,3.035924835529274,549.5023952307986,663.5004072647198,703,[np.int64(1377)],,,,,,low,0.15989317907384526,2,pajamas_13s,tee_01b,11,21,31,42,8,001,28,f,r,0.5350820483873121,True,0.15989317907384526,True,"['high', 'low', 'high', 'low', 'high', 'low']",high,
,,197,8,001,28,f,r,test,,2,4,17,0.15989317907384526,,1,False,1.1621596000622958,False,img_A,img_A,,4.859034182272348,879.485186991295,299.4616543779289,411,[np.int64(670)],,,,,,low,0.15989317907384526,2,garter_02s,paint_01b,11,21,31,41,8,001,28,f,r,0.5350820483873121,True,0.15989317907384526,True,"['high', 'low', 'high', 'low', 'high', 'low']",high,
,,198,8,001,28,f,r,test,,2,4,18,0.15989317907384526,,0,False,0.9482994999270886,False,img_B,img_A,,1.2730182644669665,230.41630586852094,253.84246196302217,869,[np.int64(912)],,,,,,low,0.15989317907384526,1,dip_04s,pickle_09s,11,21,31,42,8,001,28,f,r,0.5350820483873121,True,0.15989317907384526,True,"['high', 'low', 'high', 'low', 'high', 'low']",high,
,,199,8,001,28,f,r,test,,2,4,19,0.15989317907384526,,1,False,0.9319704999215901,False,img_A,img_A,,-3.3773464175303727,-611.2997015729975,283.59365725069995,1097,[np.int64(1075)],,,,,,low,0.15989317907384526,1,gyro_01b,spider_web_06s,11,21,31,41,8,001,28,f,r,0.5350820483873121,True,0.15989317907384526,True,"['high', 'low', 'high', 'low', 'high', 'low']",high,
,,200,8,001,28,f,r,test,,2,4,20,0.15989317907384526,,0,False,0.5654301000759006,False,img_B,img_A,,1.5237601395791034,275.8005852638177,545.9880933383286,1077,[np.int64(1131)],,,,,,low,0.15989317907384526,2,belt_14s,chili_11s,11,21,31,42,8,001,28,f,r,0.5350820483873121,True,0.15989317907384526,True,"['high', 'low', 'high', 'low', 'high', 'low']",high,
,,201,8,001,28,f,r,test,,2,5,1,0.5350820483873121,,1,False,0.7305984999984503,False,img_A,img_A,,13.214203973913046,2391.7709192782613,188.0619046341486,73,[np.int64(427)],,,,,,high,0.5350820483873121,6,suit_14s,hood_06s,13,23,33,41,8,001,28,f,r,0.5350820483873121,True,0.15989317907384526,True,"['high', 'low', 'high', 'low', 'high', 'low']",high,
,,202,8,001,28,f,r,test,,2,5,2,0.5350820483873121,,1,False,0.5910968000534922,False,img_B,img_B,,17.361785450324493,3142.483166508733,228.57332492166745,662,[np.int64(506)],,,,,,high,0.5350820483873121,6,sushi_08s,suitcase_11s,13,23,33,41,8,001,28,f,r,0.5350820483873121,True,0.15989317907384526,True,"['high', 'low', 'high', 'low', 'high', 'low']",high,
,,203,8,001,28,f,r,test,,2,5,3,0.5350820483873121,,1,False,0.9439398997928947,False,img_A,img_A,,11.559921098085587,2092.3457187534914,143.4766525184594,838,[np.int64(1255)],,,,,,high,0.5350820483873121,6,batter_04s,t-shirt_06s,13,23,33,41,8,001,28,f,r,0.5350820483873121,True,0.15989317907384526,True,"['high', 'low', 'high', 'low', 'high', 'low']",high,
,,204,8,001,28,f,r,test,,2,5,4,0.5350820483873121,,1,False,0.8620140999555588,False,img_A,img_A,,6.031792883185994,1091.754511856665,100.55635016597668,573,[np.int64(715)],,,,,,high,0.5350820483873121,6,safety_pin_03s,tiara_08s,13,23,33,41,8,001,28,f,r,0.5350820483873121,True,0.15989317907384526,True,"['high', 'low', 'high', 'low', 'high', 'low']",high,
,,205,8,001,28,f,r,test,,2,5,5,0.5350820483873121,,1,False,0.4781335999723524,False,img_B,img_B,,17.36510949836782,3143.084819204575,203.76110426984812,1017,[np.int64(1533)],,,,,,high,0.5350820483873121,6,wood_03s,fishnet_stockings_14s,13,23,33,41,8,001,28,f,r,0.5350820483873121,True,0.15989317907384526,True,"['high', 'low', 'high', 'low', 'high', 'low']",high,
,,206,8,001,28,f,r,test,,2,5,6,0.5350820483873121,,1,False,1.2128477999940515,False,img_B,img_B,,7.586078387777989,1373.080188187816,135.9047227124679,943,[np.int64(1007)],,,,,,high,0.5350820483873121,7,lollipop_01b,hook1_15s,13,23,33,41,8,001,28,f,r,0.5350820483873121,True,0.15989317907384526,True,"['high', 'low', 'high', 'low', 'high', 'low']",high,
,,207,8,001,28,f,r,test,,2,5,7,0.5350820483873121,,1,False,1.1638871999457479,False,img_A,img_A,,9.763986790251678,1767.2816090355536,144.50720713129357,1549,[np.int64(1317)],,,,,,high,0.5350820483873121,6,gum_10s,pillbox_13s,13,23,33,41,8,001,28,f,r,0.5350820483873121,True,0.15989317907384526,True,"['high', 'low', 'high', 'low', 'high', 'low']",high,
,,208,8,001,28,f,r,test,,2,5,8,0.5350820483873121,,1,False,0.482140899868682,False,img_A,img_A,,15.27369196143206,2764.538245019203,208.33971455547936,1386,[np.int64(238)],,,,,,high,0.5350820483873121,6,light_switch_17s,electric_chair_11s,13,23,33,41,8,001,28,f,r,0.5350820483873121,True,0.15989317907384526,True,"['high', 'low', 'high', 'low', 'high', 'low']",high,
,,209,8,001,28,f,r,test,,2,5,9,0.5350820483873121,,1,False,0.7630939998198301,False,img_B,img_B,,13.552640114168582,2453.0278606645134,245.89218470350588,766,[np.int64(353)],,,,,,high,0.5350820483873121,6,apron_10s,nail_08s,13,23,33,41,8,001,28,f,r,0.5350820483873121,True,0.15989317907384526,True,"['high', 'low', 'high', 'low', 'high', 'low']",high,
,,210,8,001,28,f,r,test,,2,5,10,0.5350820483873121,,1,False,1.0970259997993708,False,img_B,img_B,,13.534243310874118,2449.6980392682153,206.10416473962803,371,[np.int64(637)],,,,,,high,0.5350820483873121,7,corset_09s,backscratcher_12s,13,23,33,41,8,001,28,f,r,0.5350820483873121,True,0.15989317907384526,True,"['high', 'low', 'high', 'low', 'high', 'low']",high,
,,211,8,001,28,f,r,test,,2,5,11,0.5350820483873121,,1,False,1.296438599936664,False,img_B,img_B,,14.75065280697791,2669.868158063002,202.64247820499114,967,[np.int64(401)],,,,,,high,0.5350820483873121,6,chaps_14s,bedpan_08s,13,23,33,41,8,001,28,f,r,0.5350820483873121,True,0.15989317907384526,True,"['high', 'low', 'high', 'low', 'high', 'low']",high,
,,212,8,001,28,f,r,test,,2,5,12,0.5350820483873121,,1,False,0.7128582999575883,False,img_B,img_B,,14.274258720289012,2583.6408283723113,177.0306900855368,938,[np.int64(83)],,,,,,high,0.5350820483873121,6,snowball_01b,coal_08s,13,23,33,41,8,001,28,f,r,0.5350820483873121,True,0.15989317907384526,True,"['high', 'low', 'high', 'low', 'high', 'low']",high,
,,213,8,001,28,f,r,test,,2,5,13,0.5350820483873121,,1,False,0.6277314000762999,False,img_B,img_B,,13.824797490435477,2502.2883457688213,211.4630443915529,305,[np.int64(686)],,,,,,high,0.5350820483873121,6,mitten_08s,bracelet1_12s,13,23,33,41,8,001,28,f,r,0.5350820483873121,True,0.15989317907384526,True,"['high', 'low', 'high', 'low', 'high', 'low']",high,
,,214,8,001,28,f,r,test,,2,5,14,0.5350820483873121,,1,False,0.9120448001194745,False,img_A,img_A,,12.174916349186944,2203.6598592028367,182.90969499015765,34,[np.int64(1105)],,,,,,high,0.5350820483873121,7,pan_15s,dreidel_13s,13,23,33,41,8,001,28,f,r,0.5350820483873121,True,0.15989317907384526,True,"['high', 'low', 'high', 'low', 'high', 'low']",high,
,,215,8,001,28,f,r,test,,2,5,15,0.5350820483873121,,1,False,0.747135000070557,False,img_A,img_A,,13.68261667917117,2476.553618929982,183.8534827949641,1483,[np.int64(1470)],,,,,,high,0.5350820483873121,7,pin_12s,tack_06s,13,23,33,41,8,001,28,f,r,0.5350820483873121,True,0.15989317907384526,True,"['high', 'low', 'high', 'low', 'high', 'low']",high,
,,216,8,001,28,f,r,test,,2,5,16,0.5350820483873121,,1,False,1.1309083001688123,False,img_A,img_A,,15.079213198534504,2729.3375889347453,194.70573655557715,418,[np.int64(642)],,,,,,high,0.5350820483873121,7,peppermint_02s,dough_17s,13,23,33,41,8,001,28,f,r,0.5350820483873121,True,0.15989317907384526,True,"['high', 'low', 'high', 'low', 'high', 'low']",high,
,,217,8,001,28,f,r,test,,2,5,17,0.5350820483873121,,1,False,0.8768219999037683,False,img_B,img_B,,10.535416474332765,1906.9103818542303,143.45322746060677,426,[np.int64(1511)],,,,,,high,0.5350820483873121,6,seismograph_06s,corn_14s,13,23,33,41,8,001,28,f,r,0.5350820483873121,True,0.15989317907384526,True,"['high', 'low', 'high', 'low', 'high', 'low']",high,
,,218,8,001,28,f,r,test,,2,5,18,0.5350820483873121,,1,False,0.6453911999706179,False,img_A,img_A,,10.902112170870303,1973.282302927525,197.59462305066506,156,[np.int64(1267)],,,,,,high,0.5350820483873121,7,pocket_01b,boxer_shorts_09s,13,23,33,41,8,001,28,f,r,0.5350820483873121,True,0.15989317907384526,True,"['high', 'low', 'high', 'low', 'high', 'low']",high,
,,219,8,001,28,f,r,test,,2,5,19,0.5350820483873121,,1,False,0.7794556000735611,False,img_A,img_A,,9.71673204213068,1758.728499625653,184.3848488661796,1501,[np.int64(1243)],,,,,,high,0.5350820483873121,7,staple_06s,cardboard_07s,13,23,33,41,8,001,28,f,r,0.5350820483873121,True,0.15989317907384526,True,"['high', 'low', 'high', 'low', 'high', 'low']",high,
,,220,8,001,28,f,r,test,,2,5,20,0.5350820483873121,,1,False,1.0817646000068635,False,img_A,img_A,,14.5380756029891,2631.391684141027,185.43750234840448,285,[np.int64(66)],,,,,,high,0.5350820483873121,6,iceskate_07s,fur_coat_12s,13,23,33,41,8,001,28,f,r,0.5350820483873121,True,0.15989317907384526,True,"['high', 'low', 'high', 'low', 'high', 'low']",high,
,,221,8,001,28,f,r,test,,2,6,1,0.15989317907384526,,1,False,0.6641987001057714,False,img_B,img_B,,2.771811106014759,501.6978101886714,341.56715147795046,792,[np.int64(1570)],,,,,,low,0.15989317907384526,2,shopping_basket_05s,ticktacktoe_09s,11,21,31,41,8,001,28,f,r,0.5350820483873121,True,0.15989317907384526,True,"['high', 'low', 'high', 'low', 'high', 'low']",high,
,,222,8,001,28,f,r,test,,2,6,2,0.15989317907384526,,0,False,1.41223210003227,False,img_B,img_A,,-0.6566744531374547,-118.85807601787928,272.72878925342883,277,[np.int64(1122)],,,,,,low,0.15989317907384526,1,dice_14s,lingerie_06s,11,21,31,42,8,001,28,f,r,0.5350820483873121,True,0.15989317907384526,True,"['high', 'low', 'high', 'low', 'high', 'low']",high,
,,223,8,001,28,f,r,test,,2,6,3,0.15989317907384526,,0,False,0.6935320999473333,False,img_A,img_B,,1.0777030451575829,195.06425117352248,237.64377612265437,784,[np.int64(1404)],,,,,,low,0.15989317907384526,2,wrap_09s,skirt_02s,11,21,31,42,8,001,28,f,r,0.5350820483873121,True,0.15989317907384526,True,"['high', 'low', 'high', 'low', 'high', 'low']",high,
,,224,8,001,28,f,r,test,,2,6,4,0.15989317907384526,,0,False,0.8455668999813497,False,img_B,img_A,,3.059985504339309,553.857376285415,511.03622623735606,1009,[np.int64(404)],,,,,,low,0.15989317907384526,2,parfait_17s,footrest_01b,11,21,31,42,8,001,28,f,r,0.5350820483873121,True,0.15989317907384526,True,"['high', 'low', 'high', 'low', 'high', 'low']",high,
,,225,8,001,28,f,r,test,,2,6,5,0.15989317907384526,,0,False,1.176883100066334,False,img_A,img_B,,4.201130198106217,760.4045658572252,448.41741932955864,1138,[np.int64(675)],,,,,,low,0.15989317907384526,2,paperclip_07s,biscuit_09s,11,21,31,42,8,001,28,f,r,0.5350820483873121,True,0.15989317907384526,True,"['high', 'low', 'high', 'low', 'high', 'low']",high,
,,226,8,001,28,f,r,test,,2,6,6,0.15989317907384526,,1,False,0.5307897999882698,False,img_B,img_B,,-0.5413708227653024,-97.98811892051972,322.6435849784064,240,[np.int64(429)],,,,,,low,0.15989317907384526,1,marshmallow_12s,piggy_bank_01b,11,21,31,41,8,001,28,f,r,0.5350820483873121,True,0.15989317907384526,True,"['high', 'low', 'high', 'low', 'high', 'low']",high,
,,227,8,001,28,f,r,test,,2,6,7,0.15989317907384526,,1,False,0.5088406000286341,False,img_B,img_B,,1.2322107730340153,223.03014991915677,159.68006885787213,224,[np.int64(992)],,,,,,low,0.15989317907384526,3,coverall_11s,leotard_13s,11,21,31,41,8,001,28,f,r,0.5350820483873121,True,0.15989317907384526,True,"['high', 'low', 'high', 'low', 'high', 'low']",high,
,,228,8,001,28,f,r,test,,2,6,8,0.15989317907384526,,0,False,0.8140012000221759,False,img_B,img_A,,-1.3958030230353622,-252.64034716940054,434.43775555545955,685,[np.int64(1546)],,,,,,low,0.15989317907384526,2,chicken1_08s,lamb_chop_18s,11,21,31,42,8,001,28,f,r,0.5350820483873121,True,0.15989317907384526,True,"['high', 'low', 'high', 'low', 'high', 'low']",high,
,,229,8,001,28,f,r,test,,2,6,9,0.15989317907384526,,0,False,0.9353411002084613,False,img_A,img_B,,0.2530055969034889,45.794013039531485,464.99291368911184,1510,[np.int64(586)],,,,,,low,0.15989317907384526,2,stockings_06s,jelly_bean_13n,11,21,31,42,8,001,28,f,r,0.5350820483873121,True,0.15989317907384526,True,"['high', 'low', 'high', 'low', 'high', 'low']",high,
,,230,8,001,28,f,r,test,,2,6,10,0.15989317907384526,,1,False,0.4479000000283122,False,img_A,img_A,,1.2436478904455528,225.10026817064505,473.21312129983704,1339,[np.int64(891)],,,,,,low,0.15989317907384526,2,turf_07s,sink_03s,11,21,31,41,8,001,28,f,r,0.5350820483873121,True,0.15989317907384526,True,"['high', 'low', 'high', 'low', 'high', 'low']",high,
,,231,8,001,28,f,r,test,,2,6,11,0.15989317907384526,,1,False,0.6950753999408334,False,img_B,img_B,,3.5882339263892784,649.4703406764594,422.90352894270904,706,[np.int64(732)],,,,,,low,0.15989317907384526,2,comic_book_08s,grater_03s,11,21,31,41,8,001,28,f,r,0.5350820483873121,True,0.15989317907384526,True,"['high', 'low', 'high', 'low', 'high', 'low']",high,
,,232,8,001,28,f,r,test,,2,6,12,0.15989317907384526,,1,False,0.6142259000334889,False,img_B,img_B,,1.0081283788688524,182.47123657526228,362.2193059661876,920,[np.int64(921)],,,,,,low,0.15989317907384526,2,ukulele_14s,string_cheese_01b,11,21,31,41,8,001,28,f,r,0.5350820483873121,True,0.15989317907384526,True,"['high', 'low', 'high', 'low', 'high', 'low']",high,
,,233,8,001,28,f,r,test,,2,6,13,0.15989317907384526,,0,False,0.46639029984362423,False,img_B,img_A,,0.8287810752118189,150.00937461333922,417.53002368742983,619,[np.int64(1324)],,,,,,low,0.15989317907384526,2,exerciser_05s,eye_patch_11s,11,21,31,42,8,001,28,f,r,0.5350820483873121,True,0.15989317907384526,True,"['high', 'low', 'high', 'low', 'high', 'low']",high,
,,234,8,001,28,f,r,test,,2,6,14,0.15989317907384526,,1,False,0.5633592000231147,False,img_A,img_A,,0.1414784334610289,25.60759645644623,376.9469712689057,1565,[np.int64(4)],,,,,,low,0.15989317907384526,2,hairnet_07s,vacuum_04s,11,21,31,41,8,001,28,f,r,0.5350820483873121,True,0.15989317907384526,True,"['high', 'low', 'high', 'low', 'high', 'low']",high,
,,235,8,001,28,f,r,test,,2,6,15,0.15989317907384526,,0,False,0.6133012000937015,False,img_B,img_A,,0.09093230607924914,16.458747400344095,234.18333192233987,119,[np.int64(22)],,,,,,low,0.15989317907384526,2,hearse_06s,bowtie_14s,11,21,31,42,8,001,28,f,r,0.5350820483873121,True,0.15989317907384526,True,"['high', 'low', 'high', 'low', 'high', 'low']",high,
,,236,8,001,28,f,r,test,,2,6,16,0.15989317907384526,,1,False,0.7962212001439184,False,img_A,img_A,,6.797966019150314,1230.4318494662068,363.819765228165,1226,[np.int64(49)],,,,,,low,0.15989317907384526,2,orange_rind_15s,slot_machine_05s,11,21,31,41,8,001,28,f,r,0.5350820483873121,True,0.15989317907384526,True,"['high', 'low', 'high', 'low', 'high', 'low']",high,
,,237,8,001,28,f,r,test,,2,6,17,0.15989317907384526,,1,False,0.6994752997998148,False,img_A,img_A,,0.0921904122371368,16.68646461492176,446.5793037940519,250,[np.int64(132)],,,,,,low,0.15989317907384526,2,razor_09s,bracelet2_08s,11,21,31,41,8,001,28,f,r,0.5350820483873121,True,0.15989317907384526,True,"['high', 'low', 'high', 'low', 'high', 'low']",high,
,,238,8,001,28,f,r,test,,2,6,18,0.15989317907384526,,1,False,0.9270551998633891,False,img_B,img_B,,-4.827862487737978,-873.8431102805739,239.21620189129828,362,[np.int64(450)],,,,,,low,0.15989317907384526,2,mosquito_net_02s,javelin_01s,11,21,31,41,8,001,28,f,r,0.5350820483873121,True,0.15989317907384526,True,"['high', 'low', 'high', 'low', 'high', 'low']",high,
,,239,8,001,28,f,r,test,,2,6,19,0.15989317907384526,,1,False,0.5977143999189138,False,img_B,img_B,,1.5892099483632405,287.64700065374655,152.32314098760764,603,[np.int64(1582)],,,,,,low,0.15989317907384526,2,caviar_07s,sarcophagus_08s,11,21,31,41,8,001,28,f,r,0.5350820483873121,True,0.15989317907384526,True,"['high', 'low', 'high', 'low', 'high', 'low']",high,
,,240,8,001,28,f,r,test,,2,6,20,0.15989317907384526,,1,False,0.5288174001034349,False,img_A,img_A,,1.2711316953425613,230.0748368570036,362.30042255305176,1127,[np.int64(580)],,,,,,low,0.15989317907384526,2,footbath_02s,football_04s,11,21,31,41,8,001,28,f,r,0.5350820483873121,True,0.15989317907384526,True,"['high', 'low', 'high', 'low', 'high', 'low']",high,
