participant,session,age,gender,handedness,phase,overall_trial_num,trial_in_block,mem_filename,mem_ground_truth,controlled,trial_level,item_type,mem_response,mem_rt,mem_trigger_onset,mem_trigger_resp
5,001,19,m,r,memory_test,261,1,ketchup_15s,seen,yes,high,controlled,yes,10.971375600085594,51,61
5,001,19,m,r,memory_test,262,2,drumstick_12s,seen,no,high,uncontrolled,no,1.9941567999776453,51,62
5,001,19,m,r,memory_test,263,3,wetsuit_01b,seen,no,high,uncontrolled,no,0.9064095000503585,51,62
5,001,19,m,r,memory_test,264,4,orange_rind_10s,unseen,,,,yes,1.0867834999226034,52,62
5,001,19,m,r,memory_test,265,5,dice_14s,unseen,,,,no,0.8545258999802172,52,61
5,001,19,m,r,memory_test,266,6,straw2_17s,unseen,,,,no,0.8471948999213055,52,61
5,001,19,m,r,memory_test,267,7,spring_roll_13s,unseen,,,,no,1.092615200090222,52,61
5,001,19,m,r,memory_test,268,8,dumpster_10s,unseen,,,,no,0.7492982000112534,52,61
5,001,19,m,r,memory_test,269,9,bunkbed_13s,seen,yes,high,controlled,no,0.7423655999591574,51,62
5,001,19,m,r,memory_test,270,10,barrette_09s,seen,yes,low,controlled,no,1.2017091000452638,51,62
5,001,19,m,r,memory_test,271,11,sponge_06s,unseen,,,,no,0.7655138000845909,52,61
5,001,19,m,r,memory_test,272,12,grapefruit_04s,unseen,,,,yes,1.0190065000206232,52,62
5,001,19,m,r,memory_test,273,13,candy_11s,unseen,,,,no,1.3572692999150604,52,61
5,001,19,m,r,memory_test,274,14,pencil_sharpener_11s,unseen,,,,no,1.2403265999164432,52,61
5,001,19,m,r,memory_test,275,15,pretzel_02s,seen,yes,high,controlled,yes,0.8014654000289738,51,61
5,001,19,m,r,memory_test,276,16,wood_10s,seen,no,low,uncontrolled,no,0.8375198999419808,51,62
5,001,19,m,r,memory_test,277,17,costume_04s,unseen,,,,no,0.7517731999978423,52,61
5,001,19,m,r,memory_test,278,18,spareribs_07s,seen,no,high,uncontrolled,yes,0.8513044000137597,51,61
5,001,19,m,r,memory_test,279,19,mitten_04s,seen,no,low,uncontrolled,no,0.8292792000574991,51,62
5,001,19,m,r,memory_test,280,20,polo_shirt_04s,seen,yes,low,controlled,no,0.7678479999303818,51,62
5,001,19,m,r,memory_test,281,21,chicken1_01b,seen,yes,high,controlled,yes,0.8175084999529645,51,61
5,001,19,m,r,memory_test,282,22,robot_01b,unseen,,,,no,1.0105532999150455,52,61
5,001,19,m,r,memory_test,283,23,bean_09s,unseen,,,,no,0.6820256999926642,52,61
5,001,19,m,r,memory_test,284,24,backscratcher_08s,unseen,,,,no,1.0668443999020383,52,61
5,001,19,m,r,memory_test,285,25,spaghetti_12s,seen,no,high,uncontrolled,no,0.7319859999697655,51,62
5,001,19,m,r,memory_test,286,26,french_horn_05s,unseen,,,,no,0.8922363000456244,52,61
5,001,19,m,r,memory_test,287,27,corn_14s,seen,yes,low,controlled,no,0.9911544999340549,51,62
5,001,19,m,r,memory_test,288,28,steak_15s,unseen,,,,no,1.5690606000134721,52,61
5,001,19,m,r,memory_test,289,29,pasta_06s,unseen,,,,no,0.707682800013572,52,61
5,001,19,m,r,memory_test,290,30,straightjacket_11s,seen,yes,low,controlled,no,1.3354685000376776,51,62
5,001,19,m,r,memory_test,291,31,harp_12s,unseen,,,,no,0.6705320000182837,52,61
5,001,19,m,r,memory_test,292,32,lamb_chop_12s,unseen,,,,no,0.9873690999811515,52,61
5,001,19,m,r,memory_test,293,33,spaghetti_07s,unseen,,,,yes,1.0735675999894738,52,62
5,001,19,m,r,memory_test,294,34,float_08s,seen,yes,high,controlled,no,0.5596657000714913,51,62
5,001,19,m,r,memory_test,295,35,gearshift_03n,unseen,,,,no,0.5392253999598324,52,61
5,001,19,m,r,memory_test,296,36,mixer_09s,seen,yes,high,controlled,no,0.447730700019747,51,62
5,001,19,m,r,memory_test,297,37,marshmallow_12s,seen,no,high,uncontrolled,yes,1.7181755000492558,51,61
5,001,19,m,r,memory_test,298,38,broom_08s,unseen,,,,no,0.6613479000516236,52,61
5,001,19,m,r,memory_test,299,39,pepper2_07s,seen,no,high,uncontrolled,no,0.5638372999383137,51,62
5,001,19,m,r,memory_test,300,40,microscope_06s,seen,no,low,uncontrolled,no,0.6465900000184774,51,62
5,001,19,m,r,memory_test,301,41,snorkel_05s,unseen,,,,no,0.930782200070098,52,61
5,001,19,m,r,memory_test,302,42,goggles_12s,unseen,,,,no,0.7875822000205517,52,61
5,001,19,m,r,memory_test,303,43,sweeper_07s,unseen,,,,no,0.5403179000131786,52,61
5,001,19,m,r,memory_test,304,44,olive_08s,unseen,,,,no,0.6013162999879569,52,61
5,001,19,m,r,memory_test,305,45,hamburger_01s,seen,yes,low,controlled,no,0.9153534000506625,51,62
5,001,19,m,r,memory_test,306,46,ginger_03s,seen,yes,high,controlled,yes,0.7437060000374913,51,61
5,001,19,m,r,memory_test,307,47,curling_iron_05s,unseen,,,,no,0.42831240000668913,52,61
5,001,19,m,r,memory_test,308,48,pie_15s,seen,yes,high,controlled,no,0.7360228000907227,51,62
5,001,19,m,r,memory_test,309,49,blueberry_07s,unseen,,,,no,1.0241164000472054,52,61
5,001,19,m,r,memory_test,310,50,nail_file_12s,unseen,,,,no,0.7118994999909773,52,61
5,001,19,m,r,memory_test,311,51,eggshell_12s,unseen,,,,no,0.807236299966462,52,61
5,001,19,m,r,memory_test,312,52,ketchup_14s,unseen,,,,no,0.6148934999946505,52,61
5,001,19,m,r,memory_test,313,53,quiche_14s,unseen,,,,no,0.7225181999383494,52,61
5,001,19,m,r,memory_test,314,54,sorbet_04s,unseen,,,,yes,1.5735196999739856,52,62
5,001,19,m,r,memory_test,315,55,pipe1_06s,seen,yes,low,controlled,no,0.5229617999866605,51,62
5,001,19,m,r,memory_test,316,56,flan_08s,unseen,,,,yes,0.98037599993404,52,62
5,001,19,m,r,memory_test,317,57,gold_12s,unseen,,,,no,0.515881200088188,52,61
5,001,19,m,r,memory_test,318,58,flipper_09s,unseen,,,,no,0.5692164999200031,52,61
5,001,19,m,r,memory_test,319,59,undershirt_04s,unseen,,,,no,0.7689136000117287,52,61
5,001,19,m,r,memory_test,320,60,javelin_02s,unseen,,,,no,0.8707510000094771,52,61
5,001,19,m,r,memory_test,321,61,eye_patch_11s,unseen,,,,no,0.5992921999422833,52,61
5,001,19,m,r,memory_test,322,62,prune_01b,seen,no,low,uncontrolled,no,0.5070407999446616,51,62
5,001,19,m,r,memory_test,323,63,doorstop_01b,seen,no,high,uncontrolled,no,0.5895879999734461,51,62
5,001,19,m,r,memory_test,324,64,costume_08s,seen,yes,high,controlled,no,0.36238970002159476,51,62
5,001,19,m,r,memory_test,325,65,limousine_01s,seen,yes,high,controlled,no,0.6231076999101788,51,62
5,001,19,m,r,memory_test,326,66,chocolate_04n,seen,yes,low,controlled,no,0.625196099979803,51,62
5,001,19,m,r,memory_test,327,67,swimsuit_08s,seen,no,high,uncontrolled,no,0.6004189000232145,51,62
5,001,19,m,r,memory_test,328,68,pizza_03s,unseen,,,,yes,0.8868045998970047,52,62
5,001,19,m,r,memory_test,329,69,checkers_06s,seen,no,high,uncontrolled,no,0.7522070999257267,51,62
5,001,19,m,r,memory_test,330,70,asparagus_07s,unseen,,,,no,0.6743300999514759,52,61
5,001,19,m,r,memory_test,331,71,pasta_03s,seen,no,high,uncontrolled,no,0.9125884999521077,51,62
5,001,19,m,r,memory_test,332,72,pacifier_07s,unseen,,,,no,0.6109652000013739,52,61
5,001,19,m,r,memory_test,333,73,mouse2_11s,unseen,,,,no,0.40150099992752075,52,61
5,001,19,m,r,memory_test,334,74,keyboard_04s,unseen,,,,no,0.8627252998994663,52,61
5,001,19,m,r,memory_test,335,75,vest_05s,seen,yes,high,controlled,no,0.47616580000612885,51,62
5,001,19,m,r,memory_test,336,76,straw2_09s,seen,no,high,uncontrolled,yes,1.0119951999513432,51,61
5,001,19,m,r,memory_test,337,77,thumbtack_04s,seen,yes,high,controlled,no,0.5686993000563234,51,62
5,001,19,m,r,memory_test,338,78,chalk_11s,unseen,,,,no,1.158408800023608,52,61
5,001,19,m,r,memory_test,339,79,cardboard_09s,unseen,,,,no,0.7063504999969155,52,61
5,001,19,m,r,memory_test,340,80,brush_10s,seen,no,high,uncontrolled,no,0.652858900022693,51,62
5,001,19,m,r,memory_test,341,81,omelet_10s,seen,yes,low,controlled,no,0.7347025000490248,51,62
5,001,19,m,r,memory_test,342,82,easter_egg_12s,unseen,,,,no,0.6453816000139341,52,61
5,001,19,m,r,memory_test,343,83,headband_10s,seen,yes,low,controlled,yes,0.8074616999365389,51,61
5,001,19,m,r,memory_test,344,84,jeans_08s,seen,yes,low,controlled,no,0.9642217999789864,51,62
5,001,19,m,r,memory_test,345,85,urinal_10s,unseen,,,,no,0.7053028999362141,52,61
5,001,19,m,r,memory_test,346,86,belt_08s,unseen,,,,no,0.41521660005673766,52,61
5,001,19,m,r,memory_test,347,87,headset_03s,unseen,,,,no,0.402651600074023,52,61
5,001,19,m,r,memory_test,348,88,fingerprint_02s,unseen,,,,yes,2.0403659000294283,52,62
5,001,19,m,r,memory_test,349,89,turf_07s,unseen,,,,no,0.558339299983345,52,61
5,001,19,m,r,memory_test,350,90,bikini_03s,unseen,,,,no,0.5273315999656916,52,61
5,001,19,m,r,memory_test,351,91,bean_04s,seen,yes,high,controlled,no,1.0112877000356093,51,62
5,001,19,m,r,memory_test,352,92,grater_03s,seen,no,low,uncontrolled,no,0.8316681999713182,51,62
5,001,19,m,r,memory_test,353,93,underwear_09s,seen,no,low,uncontrolled,no,0.5414128999691457,51,62
5,001,19,m,r,memory_test,354,94,tack_09s,unseen,,,,no,0.8427755999146029,52,61
5,001,19,m,r,memory_test,355,95,sleeping_bag_02s,unseen,,,,no,0.7811148000182584,52,61
5,001,19,m,r,memory_test,356,96,corn_17s,unseen,,,,yes,1.0733251000056043,52,62
5,001,19,m,r,memory_test,357,97,limousine_10s,unseen,,,,no,0.4881667000008747,52,61
5,001,19,m,r,memory_test,358,98,leggings_04s,seen,no,low,uncontrolled,yes,0.8388778000371531,51,61
5,001,19,m,r,memory_test,359,99,cheesecake_11s,seen,yes,low,controlled,yes,1.1517303000437096,51,61
5,001,19,m,r,memory_test,360,100,waffle_06s,unseen,,,,no,0.7956812999909744,52,61
5,001,19,m,r,memory_test,361,101,electric_chair_09s,seen,yes,low,controlled,no,2.5834490000270307,51,62
5,001,19,m,r,memory_test,362,102,pants_05s,unseen,,,,no,0.9328055999940261,52,61
5,001,19,m,r,memory_test,363,103,chili_04s,seen,no,high,uncontrolled,no,1.175198799930513,51,62
5,001,19,m,r,memory_test,364,104,straightjacket_05s,unseen,,,,no,0.8634910000255331,52,61
5,001,19,m,r,memory_test,365,105,boot_02s,seen,no,low,uncontrolled,no,1.0507309000240639,51,62
5,001,19,m,r,memory_test,366,106,cardigan_11s,unseen,,,,no,0.5981189000885934,52,61
5,001,19,m,r,memory_test,367,107,cream_cheese_12s,seen,no,high,uncontrolled,no,0.43846710002981126,51,62
5,001,19,m,r,memory_test,368,108,trap_07s,unseen,,,,no,0.5962807000614703,52,61
5,001,19,m,r,memory_test,369,109,pesto_14s,seen,yes,low,controlled,yes,0.8792879999382421,51,61
5,001,19,m,r,memory_test,370,110,keyboard_07s,seen,no,low,uncontrolled,no,0.6218833000166342,51,62
5,001,19,m,r,memory_test,371,111,wood_03s,unseen,,,,yes,1.6788580999709666,52,62
5,001,19,m,r,memory_test,372,112,air_mattress_03s,seen,yes,low,controlled,no,0.5968863999005407,51,62
5,001,19,m,r,memory_test,373,113,sofa_bed_12s,unseen,,,,no,0.7053435000125319,52,61
5,001,19,m,r,memory_test,374,114,nail_file_05s,seen,yes,high,controlled,no,0.4920598999597132,51,62
5,001,19,m,r,memory_test,375,115,ready_meal_11s,unseen,,,,no,0.5744181999471039,52,61
5,001,19,m,r,memory_test,376,116,wing_11s,unseen,,,,no,0.8531287000514567,52,61
5,001,19,m,r,memory_test,377,117,tamale_08s,unseen,,,,no,0.47093329997733235,52,61
5,001,19,m,r,memory_test,378,118,hairbrush_08s,unseen,,,,no,0.47219460003543645,52,61
5,001,19,m,r,memory_test,379,119,wetsuit_03s,unseen,,,,no,0.73720350000076,52,61
5,001,19,m,r,memory_test,380,120,cookie_cutter_02s,seen,yes,low,controlled,no,0.45414229994639754,51,62
5,001,19,m,r,memory_test,381,121,mop_10s,seen,no,high,uncontrolled,no,0.4488498999271542,51,62
5,001,19,m,r,memory_test,382,122,pacifier_04s,seen,yes,low,controlled,no,0.5662428999785334,51,62
5,001,19,m,r,memory_test,383,123,corset_17s,seen,no,low,uncontrolled,no,0.5847961000399664,51,62
5,001,19,m,r,memory_test,384,124,gumball_12s,unseen,,,,no,1.1710590000730008,52,61
5,001,19,m,r,memory_test,385,125,footprint_10s,seen,yes,high,controlled,yes,1.2444575000554323,51,61
5,001,19,m,r,memory_test,386,126,headband_09s,unseen,,,,no,0.9374735000310466,52,61
5,001,19,m,r,memory_test,387,127,lipstick_06s,seen,no,low,uncontrolled,no,0.7240791000658646,51,62
5,001,19,m,r,memory_test,388,128,orange_rind_08s,seen,no,high,uncontrolled,yes,0.8115400000242516,51,61
5,001,19,m,r,memory_test,389,129,throne_12s,seen,no,high,uncontrolled,no,0.6165977999335155,51,62
5,001,19,m,r,memory_test,390,130,spider_web_14s,unseen,,,,no,0.7430374999530613,52,61
5,001,19,m,r,memory_test,391,131,frisbee_04s,unseen,,,,no,1.19280910002999,52,61
5,001,19,m,r,memory_test,392,132,wooden_leg_02s,seen,no,low,uncontrolled,no,0.5697571999626234,51,62
5,001,19,m,r,memory_test,393,133,visor_13s,seen,yes,high,controlled,no,0.5215076000895351,51,62
5,001,19,m,r,memory_test,394,134,punching_bag_12s,seen,no,low,uncontrolled,no,0.8563450999790803,51,62
5,001,19,m,r,memory_test,395,135,step_stool_11s,unseen,,,,no,0.44706789997871965,52,61
5,001,19,m,r,memory_test,396,136,javelin_01s,seen,yes,high,controlled,no,0.6051117999013513,51,62
5,001,19,m,r,memory_test,397,137,leggings_12s,unseen,,,,no,0.4558619000017643,52,61
5,001,19,m,r,memory_test,398,138,quesadilla_06s,seen,no,high,uncontrolled,no,1.051827699993737,51,62
5,001,19,m,r,memory_test,399,139,stair_02s,seen,no,high,uncontrolled,no,0.4913345000240952,51,62
5,001,19,m,r,memory_test,400,140,jelly_bean_13n,unseen,,,,no,1.404713699943386,52,61
5,001,19,m,r,memory_test,401,141,snorkel_09s,seen,no,low,uncontrolled,no,0.648026300012134,51,62
5,001,19,m,r,memory_test,402,142,riser_11s,seen,yes,low,controlled,no,0.8860827001044527,51,62
5,001,19,m,r,memory_test,403,143,footbath_02s,unseen,,,,no,0.7860191999934614,52,61
5,001,19,m,r,memory_test,404,144,drumstick_04s,unseen,,,,no,0.8702802000334486,52,61
5,001,19,m,r,memory_test,405,145,staple_01b,unseen,,,,no,0.6354074999690056,52,61
5,001,19,m,r,memory_test,406,146,toast_07s,seen,no,high,uncontrolled,no,0.3814224998932332,51,62
5,001,19,m,r,memory_test,407,147,hairdryer_06s,seen,no,high,uncontrolled,no,0.5639459000667557,51,62
5,001,19,m,r,memory_test,408,148,eye_patch_10s,seen,no,low,uncontrolled,no,0.7001332000363618,51,62
5,001,19,m,r,memory_test,409,149,exerciser_08s,seen,yes,low,controlled,no,0.4506287999683991,51,62
5,001,19,m,r,memory_test,410,150,peanut_butter_02s,unseen,,,,no,0.9896069999085739,52,61
5,001,19,m,r,memory_test,411,151,bib_15n,unseen,,,,no,0.5053158999653533,52,61
5,001,19,m,r,memory_test,412,152,bun_04s,seen,no,high,uncontrolled,no,0.30672469991259277,51,62
5,001,19,m,r,memory_test,413,153,saffron_02s,unseen,,,,no,0.6403253999305889,52,61
5,001,19,m,r,memory_test,414,154,robot_07s,seen,no,high,uncontrolled,no,0.6066452999366447,51,62
5,001,19,m,r,memory_test,415,155,peach_01b,unseen,,,,no,0.824908799957484,52,61
5,001,19,m,r,memory_test,416,156,pickle_09s,seen,no,high,uncontrolled,no,0.6077348000835627,51,62
5,001,19,m,r,memory_test,417,157,mosquito_net_07s,seen,no,high,uncontrolled,yes,0.8268482000567019,51,61
5,001,19,m,r,memory_test,418,158,undershirt_12s,seen,yes,low,controlled,no,0.9219450999516994,51,62
5,001,19,m,r,memory_test,419,159,hinge_12s,seen,yes,high,controlled,yes,0.9189875000156462,51,61
5,001,19,m,r,memory_test,420,160,hot_tub_07s,seen,no,low,uncontrolled,no,0.6583495000377297,51,62
5,001,19,m,r,memory_test,421,161,glove_15s,seen,yes,high,controlled,no,0.6954547999193892,51,62
5,001,19,m,r,memory_test,422,162,jeans_04s,unseen,,,,no,0.5854146999772638,52,61
5,001,19,m,r,memory_test,423,163,spider_web_13s,seen,no,high,uncontrolled,no,1.016386599978432,51,62
5,001,19,m,r,memory_test,424,164,pants_03s,seen,no,low,uncontrolled,no,1.1113968999125063,51,62
5,001,19,m,r,memory_test,425,165,peach_09n,seen,yes,high,controlled,no,0.900303200003691,51,62
5,001,19,m,r,memory_test,426,166,boa_11s,unseen,,,,no,0.5360899999504909,52,61
5,001,19,m,r,memory_test,427,167,roll_11s,seen,no,high,uncontrolled,no,0.6992099999915808,51,62
5,001,19,m,r,memory_test,428,168,pallet_04s,seen,no,low,uncontrolled,no,0.7784405000275001,51,62
5,001,19,m,r,memory_test,429,169,asparagus_04s,seen,yes,low,controlled,no,0.6846447999123484,51,62
5,001,19,m,r,memory_test,430,170,dice_05s,seen,yes,high,controlled,yes,1.537816199939698,51,61
5,001,19,m,r,memory_test,431,171,pocket_08s,seen,yes,low,controlled,no,0.6917748000705615,51,62
5,001,19,m,r,memory_test,432,172,donut_15s,seen,no,high,uncontrolled,no,0.8221152001060545,51,62
5,001,19,m,r,memory_test,433,173,visor_11s,unseen,,,,no,0.7520759999752045,52,61
5,001,19,m,r,memory_test,434,174,blindfold_16s,unseen,,,,no,0.4853101000189781,52,61
5,001,19,m,r,memory_test,435,175,hobbyhorse_01b,unseen,,,,no,0.6875251999590546,52,61
5,001,19,m,r,memory_test,436,176,handbrake_07s,seen,yes,low,controlled,no,0.5579407999757677,51,62
5,001,19,m,r,memory_test,437,177,coffin_06s,seen,yes,high,controlled,no,0.393333200016059,51,62
5,001,19,m,r,memory_test,438,178,insole_02s,unseen,,,,no,0.8699596000369638,52,61
5,001,19,m,r,memory_test,439,179,unicycle_09s,seen,yes,low,controlled,no,0.6657183999195695,51,62
5,001,19,m,r,memory_test,440,180,tattoo_12s,unseen,,,,no,0.5641812999965623,52,61
5,001,19,m,r,memory_test,441,181,bin_01b,unseen,,,,no,0.46302080003079027,52,61
5,001,19,m,r,memory_test,442,182,cookie_11s,seen,no,high,uncontrolled,yes,1.6340879999333993,51,61
5,001,19,m,r,memory_test,443,183,hamburger_04s,unseen,,,,no,0.7948528999695554,52,61
5,001,19,m,r,memory_test,444,184,batter_04s,unseen,,,,no,1.0372991999611259,52,61
5,001,19,m,r,memory_test,445,185,lego_09s,unseen,,,,no,0.4426930999616161,52,61
5,001,19,m,r,memory_test,446,186,swimsuit_09s,unseen,,,,no,0.3561239999253303,52,61
5,001,19,m,r,memory_test,447,187,roll_01b,unseen,,,,no,0.6343757000286132,52,61
5,001,19,m,r,memory_test,448,188,ice_cube_06s,unseen,,,,no,0.6671553000342101,52,61
5,001,19,m,r,memory_test,449,189,underwear_03s,unseen,,,,no,0.3685904999729246,52,61
5,001,19,m,r,memory_test,450,190,flipper_12s,seen,yes,low,controlled,no,0.6284321999410167,51,62
5,001,19,m,r,memory_test,451,191,domino_09s,seen,yes,high,controlled,no,0.7920967000536621,51,62
5,001,19,m,r,memory_test,452,192,wing_05s,seen,no,low,uncontrolled,no,1.0527335000224411,51,62
5,001,19,m,r,memory_test,453,193,ginger_10s,unseen,,,,no,3.139121299958788,52,61
5,001,19,m,r,memory_test,454,194,mop_01b,unseen,,,,no,0.6822516999673098,52,61
5,001,19,m,r,memory_test,455,195,omelet_13s,unseen,,,,no,1.3092466000234708,52,61
5,001,19,m,r,memory_test,456,196,sponge_14s,seen,no,high,uncontrolled,no,0.7757845999440178,51,62
5,001,19,m,r,memory_test,457,197,piecrust_13s,seen,yes,high,controlled,no,0.795948899933137,51,62
5,001,19,m,r,memory_test,458,198,contact_lens_03s,seen,yes,high,controlled,no,0.6938171000219882,51,62
5,001,19,m,r,memory_test,459,199,paint_10s,unseen,,,,no,0.7899679000256583,52,61
5,001,19,m,r,memory_test,460,200,paintbrush_12s,seen,yes,low,controlled,no,0.6027974000899121,51,62
5,001,19,m,r,memory_test,461,201,spring_roll_05s,seen,no,low,uncontrolled,no,1.2426621000049636,51,62
5,001,19,m,r,memory_test,462,202,crystal1_08s,unseen,,,,no,0.5586485000094399,52,61
5,001,19,m,r,memory_test,463,203,ice_cube_09s,seen,no,low,uncontrolled,no,0.9353292000014335,51,62
5,001,19,m,r,memory_test,464,204,sauerkraut_03s,unseen,,,,no,0.6674230999778956,52,61
5,001,19,m,r,memory_test,465,205,lipstick_04s,unseen,,,,yes,1.1298705999506637,52,62
5,001,19,m,r,memory_test,466,206,swab_02s,seen,no,high,uncontrolled,no,0.676386300008744,51,62
5,001,19,m,r,memory_test,467,207,bun_01b,unseen,,,,no,0.7621510999742895,52,61
5,001,19,m,r,memory_test,468,208,crouton_07s,seen,yes,high,controlled,no,0.6847614999860525,51,62
5,001,19,m,r,memory_test,469,209,vest_09s,unseen,,,,no,0.6057804999873042,52,61
5,001,19,m,r,memory_test,470,210,dishrag_10s,unseen,,,,no,0.7179789999499917,52,61
5,001,19,m,r,memory_test,471,211,ruby_12s,seen,no,low,uncontrolled,no,0.7192656000843272,51,62
5,001,19,m,r,memory_test,472,212,croissant_04s,seen,no,low,uncontrolled,no,0.870751699898392,51,62
5,001,19,m,r,memory_test,473,213,nutcracker_11s,unseen,,,,no,0.6840011000167578,52,61
5,001,19,m,r,memory_test,474,214,robe_08s,unseen,,,,no,0.8554981000488624,52,61
5,001,19,m,r,memory_test,475,215,test_tube_12s,unseen,,,,no,0.6217478000326082,52,61
5,001,19,m,r,memory_test,476,216,noisemaker_05s,unseen,,,,no,0.45635879994370043,52,61
5,001,19,m,r,memory_test,477,217,pepper2_01b,unseen,,,,no,0.5582591000711545,52,61
5,001,19,m,r,memory_test,478,218,batter_08s,seen,no,high,uncontrolled,no,0.6856883999425918,51,62
5,001,19,m,r,memory_test,479,219,thumbtack_07s,unseen,,,,no,1.2079431999009103,52,61
5,001,19,m,r,memory_test,480,220,frisbee_11s,seen,no,high,uncontrolled,no,0.6795596999581903,51,62
5,001,19,m,r,memory_test,481,221,sushi_14s,unseen,,,,no,0.6146405000472441,52,61
5,001,19,m,r,memory_test,482,222,dumbbell_01b,unseen,,,,no,0.5736163000110537,52,61
5,001,19,m,r,memory_test,483,223,lollipop_06n,unseen,,,,no,0.6753413999686018,52,61
5,001,19,m,r,memory_test,484,224,mixer_03s,unseen,,,,no,0.7428940000245348,52,61
5,001,19,m,r,memory_test,485,225,crouton_12s,unseen,,,,no,0.7332987000700086,52,61
5,001,19,m,r,memory_test,486,226,urinal_12s,seen,yes,high,controlled,no,0.8033984999638051,51,62
5,001,19,m,r,memory_test,487,227,hot_tub_06s,unseen,,,,no,0.6650063000852242,52,61
5,001,19,m,r,memory_test,488,228,vacuum_09s,unseen,,,,no,0.5715413000434637,52,61
5,001,19,m,r,memory_test,489,229,boxer_shorts_09s,seen,no,high,uncontrolled,no,0.5205614999867976,51,62
5,001,19,m,r,memory_test,490,230,checkers_07s,unseen,,,,no,0.512464200030081,52,61
5,001,19,m,r,memory_test,491,231,mosquito_net_02s,unseen,,,,no,1.159064400009811,52,61
5,001,19,m,r,memory_test,492,232,wooden_leg_08s,unseen,,,,no,0.8948680999455974,52,61
5,001,19,m,r,memory_test,493,233,shower_cap_07s,unseen,,,,no,0.6499855000292882,52,61
5,001,19,m,r,memory_test,494,234,pistachio_07n,unseen,,,,no,0.6401446999516338,52,61
5,001,19,m,r,memory_test,495,235,fingerprint_12s,seen,no,high,uncontrolled,no,1.043927599908784,51,62
5,001,19,m,r,memory_test,496,236,chicken1_10s,unseen,,,,no,0.8979348998982459,52,61
5,001,19,m,r,memory_test,497,237,throne_02s,unseen,,,,no,2.168610000051558,52,61
5,001,19,m,r,memory_test,498,238,lego_07s,seen,yes,low,controlled,no,0.5846075000008568,51,62
5,001,19,m,r,memory_test,499,239,cloak_13s,seen,no,low,uncontrolled,no,0.7212510000681505,51,62
5,001,19,m,r,memory_test,500,240,footprint_11s,unseen,,,,no,0.44527989998459816,52,61
5,001,19,m,r,memory_test,501,241,french_horn_06s,seen,yes,low,controlled,no,0.5965613999869674,51,62
5,001,19,m,r,memory_test,502,242,lighter_08s,unseen,,,,no,0.5538437999784946,52,61
5,001,19,m,r,memory_test,503,243,mannequin_03s,seen,no,low,uncontrolled,no,0.5496627999236807,51,62
5,001,19,m,r,memory_test,504,244,broom_10s,seen,no,high,uncontrolled,no,0.776858500088565,51,62
5,001,19,m,r,memory_test,505,245,tomato_sauce_07s,unseen,,,,no,0.48517279990483075,52,61
5,001,19,m,r,memory_test,506,246,waffle_08s,seen,yes,high,controlled,no,0.8927804999984801,51,62
5,001,19,m,r,memory_test,507,247,hinge_04s,unseen,,,,no,1.1630705000134185,52,61
5,001,19,m,r,memory_test,508,248,doorstop_09s,unseen,,,,no,0.8461045000003651,52,61
5,001,19,m,r,memory_test,509,249,jumpsuit_07s,unseen,,,,no,0.5823975999373943,52,61
5,001,19,m,r,memory_test,510,250,coffin_03s,unseen,,,,no,1.0240723999449983,52,61
5,001,19,m,r,memory_test,511,251,electric_chair_11s,unseen,,,,no,0.8796381999272853,52,61
5,001,19,m,r,memory_test,512,252,pencil_sharpener_10s,seen,yes,low,controlled,no,0.9783365000039339,51,62
5,001,19,m,r,memory_test,513,253,chili_05s,unseen,,,,yes,1.8226528000086546,52,62
5,001,19,m,r,memory_test,514,254,crutch_01b,seen,no,high,uncontrolled,no,0.6491066999733448,51,62
5,001,19,m,r,memory_test,515,255,piecrust_03s,unseen,,,,no,0.7161687000188977,52,61
5,001,19,m,r,memory_test,516,256,whisk_09s,unseen,,,,no,0.39926009997725487,52,61
5,001,19,m,r,memory_test,517,257,blueberry_02s,seen,no,low,uncontrolled,no,0.7169324000133201,51,62
5,001,19,m,r,memory_test,518,258,spareribs_06s,unseen,,,,no,1.4083123999880627,52,61
5,001,19,m,r,memory_test,519,259,icicle_02s,seen,yes,high,controlled,no,0.6313478000229225,51,62
5,001,19,m,r,memory_test,520,260,lamb_chop_03s,seen,yes,low,controlled,no,0.5673985000466928,51,62
5,001,19,m,r,memory_test,521,261,cigarette_06s,seen,yes,low,controlled,no,0.6513642000500113,51,62
5,001,19,m,r,memory_test,522,262,donut_02s,unseen,,,,no,0.8884871000191197,52,61
5,001,19,m,r,memory_test,523,263,handbrake_03s,unseen,,,,no,0.614748099935241,52,61
5,001,19,m,r,memory_test,524,264,cummerbund_08s,unseen,,,,no,0.8315182999940589,52,61
5,001,19,m,r,memory_test,525,265,cantaloupe_02s,unseen,,,,no,0.7808164999587461,52,61
5,001,19,m,r,memory_test,526,266,pickle_13s,unseen,,,,no,0.7919547000201419,52,61
5,001,19,m,r,memory_test,527,267,riser_09s,unseen,,,,no,1.0893403000663966,52,61
5,001,19,m,r,memory_test,528,268,beanbag_13s,unseen,,,,no,0.6498840999556705,52,61
5,001,19,m,r,memory_test,529,269,shoelace_04s,seen,no,low,uncontrolled,no,0.6446914999978617,51,62
5,001,19,m,r,memory_test,530,270,sweet_potato_01b,unseen,,,,yes,1.198260399978608,52,62
5,001,19,m,r,memory_test,531,271,bib_13n,seen,no,low,uncontrolled,no,0.6898751000408083,51,62
5,001,19,m,r,memory_test,532,272,raisin_08s,seen,no,low,uncontrolled,no,0.6046968000009656,51,62
5,001,19,m,r,memory_test,533,273,raisin_07s,unseen,,,,no,0.5602726000361145,52,61
5,001,19,m,r,memory_test,534,274,water_heater_09s,seen,yes,low,controlled,no,0.5261523000663146,51,62
5,001,19,m,r,memory_test,535,275,candy_10s,seen,no,high,uncontrolled,no,0.47827540000434965,51,62
5,001,19,m,r,memory_test,536,276,washing_machine_05s,unseen,,,,no,1.2025945000350475,52,61
5,001,19,m,r,memory_test,537,277,tee_12s,seen,yes,high,controlled,no,0.687566600041464,51,62
5,001,19,m,r,memory_test,538,278,tube_top_01b,unseen,,,,no,1.00077699997928,52,61
5,001,19,m,r,memory_test,539,279,eggshell_10s,seen,no,low,uncontrolled,no,0.6080679999431595,51,62
5,001,19,m,r,memory_test,540,280,tent_16n,seen,yes,high,controlled,no,0.8754012000281364,51,62
5,001,19,m,r,memory_test,541,281,curling_iron_04s,seen,yes,low,controlled,no,1.0796334999613464,51,62
5,001,19,m,r,memory_test,542,282,croissant_13s,unseen,,,,no,0.9729480999521911,52,61
5,001,19,m,r,memory_test,543,283,corset_09s,unseen,,,,no,0.9374668999807909,52,61
5,001,19,m,r,memory_test,544,284,paint_01b,seen,yes,high,controlled,no,0.8698565999511629,51,62
5,001,19,m,r,memory_test,545,285,icicle_08s,unseen,,,,no,1.1183367000194266,52,61
5,001,19,m,r,memory_test,546,286,windsock_03s,seen,no,low,uncontrolled,no,2.533170900074765,51,62
5,001,19,m,r,memory_test,547,287,figurine_08s,seen,no,high,uncontrolled,no,0.6771689000306651,51,62
5,001,19,m,r,memory_test,548,288,seismograph_09s,unseen,,,,no,0.8704728999873623,52,61
5,001,19,m,r,memory_test,549,289,kimono_02s,unseen,,,,no,0.6714138999814168,52,61
5,001,19,m,r,memory_test,550,290,backscratcher_19s,seen,yes,high,controlled,no,0.7123448000056669,51,62
5,001,19,m,r,memory_test,551,291,hanger_11s,unseen,,,,no,0.6030180999077857,52,61
5,001,19,m,r,memory_test,552,292,float_07s,unseen,,,,no,0.6172694999258965,52,61
5,001,19,m,r,memory_test,553,293,locker_08s,unseen,,,,no,0.7660732000367716,52,61
5,001,19,m,r,memory_test,554,294,grapefruit_09s,seen,yes,low,controlled,yes,0.7208782000234351,51,61
5,001,19,m,r,memory_test,555,295,grater_12s,unseen,,,,no,0.6640950000146404,52,61
5,001,19,m,r,memory_test,556,296,windsock_09s,unseen,,,,no,0.6246933999937028,52,61
5,001,19,m,r,memory_test,557,297,shortbread_01b,seen,yes,high,controlled,yes,0.8546337001025677,51,61
5,001,19,m,r,memory_test,558,298,dough_04s,seen,no,low,uncontrolled,no,0.804538800031878,51,62
5,001,19,m,r,memory_test,559,299,rollerskate_12s,seen,no,low,uncontrolled,no,0.6745679000159726,51,62
5,001,19,m,r,memory_test,560,300,coffee_08s,seen,no,low,uncontrolled,no,0.9210561000509188,51,62
5,001,19,m,r,memory_test,561,301,tomato_sauce_14s,seen,yes,high,controlled,yes,1.312780600041151,51,61
5,001,19,m,r,memory_test,562,302,crystal1_10s,seen,no,high,uncontrolled,no,1.0500664999708533,51,62
5,001,19,m,r,memory_test,563,303,goggles_07s,seen,yes,high,controlled,no,0.6688360999105498,51,62
5,001,19,m,r,memory_test,564,304,domino_02s,unseen,,,,no,1.1491704999934882,52,61
5,001,19,m,r,memory_test,565,305,cardboard_07s,seen,yes,low,controlled,no,0.8793259999947622,51,62
5,001,19,m,r,memory_test,566,306,honeycomb_13n,seen,no,low,uncontrolled,no,1.0497531000291929,51,62
5,001,19,m,r,memory_test,567,307,bin_04s,seen,yes,low,controlled,no,0.8594797000987455,51,62
5,001,19,m,r,memory_test,568,308,burrito_05s,unseen,,,,no,0.9497786000138149,52,61
5,001,19,m,r,memory_test,569,309,diamond_14s,unseen,,,,no,0.6773621999891475,52,61
5,001,19,m,r,memory_test,570,310,contact_lens_09s,unseen,,,,no,0.9247826000209898,52,61
5,001,19,m,r,memory_test,571,311,sewage_05s,unseen,,,,no,0.9433416000101715,52,61
5,001,19,m,r,memory_test,572,312,chocolate_14n,unseen,,,,no,0.9601970000658184,52,61
5,001,19,m,r,memory_test,573,313,punching_bag_09s,unseen,,,,no,0.7205566000193357,52,61
5,001,19,m,r,memory_test,574,314,pistachio_04s,seen,yes,low,controlled,yes,1.025325300055556,51,61
5,001,19,m,r,memory_test,575,315,pajamas_13s,seen,no,low,uncontrolled,no,0.6134420000016689,51,62
5,001,19,m,r,memory_test,576,316,burrito_12s,seen,yes,low,controlled,no,0.7340739000355825,51,62
5,001,19,m,r,memory_test,577,317,peg_09s,unseen,,,,no,0.6986905999947339,52,61
5,001,19,m,r,memory_test,578,318,sofa_bed_13s,seen,yes,low,controlled,no,0.7012958000414073,51,62
5,001,19,m,r,memory_test,579,319,jelly_bean_10s,seen,yes,low,controlled,yes,0.7909263999899849,51,61
5,001,19,m,r,memory_test,580,320,tube_top_10s,seen,no,low,uncontrolled,no,0.48279909999109805,51,62
5,001,19,m,r,memory_test,581,321,dumpster_02s,seen,no,low,uncontrolled,no,0.847135299933143,51,62
5,001,19,m,r,memory_test,582,322,mitten_08s,unseen,,,,no,0.6748560999985784,52,61
5,001,19,m,r,memory_test,583,323,kimono_06s,seen,yes,high,controlled,no,0.5341510999714956,51,62
5,001,19,m,r,memory_test,584,324,bunkbed_06s,unseen,,,,no,0.5766254999907687,52,61
5,001,19,m,r,memory_test,585,325,cloak_12s,unseen,,,,no,2.0759756000479683,52,61
5,001,19,m,r,memory_test,586,326,plum_09s,seen,no,low,uncontrolled,yes,1.017696800059639,51,61
5,001,19,m,r,memory_test,587,327,yolk_11s,seen,no,low,uncontrolled,no,1.1911595000419766,51,62
5,001,19,m,r,memory_test,588,328,exerciser_05s,unseen,,,,no,0.7655338000040501,52,61
5,001,19,m,r,memory_test,589,329,steak_04s,seen,yes,high,controlled,no,1.262439600075595,51,62
5,001,19,m,r,memory_test,590,330,trap_03s,seen,no,high,uncontrolled,no,0.7194814999820665,51,62
5,001,19,m,r,memory_test,591,331,squeegee_05s,seen,yes,low,controlled,no,0.799097599927336,51,62
5,001,19,m,r,memory_test,592,332,cookie_14s,unseen,,,,no,0.7636873000301421,52,61
5,001,19,m,r,memory_test,593,333,robe_06s,seen,yes,high,controlled,no,0.627053799922578,51,62
5,001,19,m,r,memory_test,594,334,caviar_12s,seen,no,low,uncontrolled,no,0.8885658999206498,51,62
5,001,19,m,r,memory_test,595,335,yarn_10s,seen,yes,low,controlled,no,0.6801850000629202,51,62
5,001,19,m,r,memory_test,596,336,bowtie_14s,unseen,,,,no,0.6062307000393048,52,61
5,001,19,m,r,memory_test,597,337,meatloaf_10s,unseen,,,,no,0.43691139994189143,52,61
5,001,19,m,r,memory_test,598,338,coaster_05s,seen,yes,low,controlled,no,0.4533321999479085,51,62
5,001,19,m,r,memory_test,599,339,tiramisu_12s,seen,yes,high,controlled,no,0.8223978000460193,51,62
5,001,19,m,r,memory_test,600,340,tattoo_04s,seen,yes,low,controlled,no,0.5503211999312043,51,62
5,001,19,m,r,memory_test,601,341,meatloaf_07s,seen,yes,high,controlled,no,0.8297022000188008,51,62
5,001,19,m,r,memory_test,602,342,sweet_potato_03s,seen,no,high,uncontrolled,no,1.4282515000086278,51,62
5,001,19,m,r,memory_test,603,343,lighter_03s,seen,yes,high,controlled,no,0.7186727001098916,51,62
5,001,19,m,r,memory_test,604,344,sushi_07s,seen,yes,low,controlled,no,0.6879394999705255,51,62
5,001,19,m,r,memory_test,605,345,barrette_01b,unseen,,,,no,1.0029200999997556,52,61
5,001,19,m,r,memory_test,606,346,cigarette_09s,unseen,,,,no,0.9689157999819145,52,61
5,001,19,m,r,memory_test,607,347,teabag_13s,unseen,,,,no,1.374211199930869,52,61
5,001,19,m,r,memory_test,608,348,brush_04s,unseen,,,,no,0.8752098999684677,52,61
5,001,19,m,r,memory_test,609,349,tiramisu_14s,unseen,,,,no,0.9385961999651045,52,61
5,001,19,m,r,memory_test,610,350,olive_04s,seen,no,high,uncontrolled,no,0.5433883999940008,51,62
5,001,19,m,r,memory_test,611,351,nutcracker_03s,seen,yes,low,controlled,no,0.9090511000249535,51,62
5,001,19,m,r,memory_test,612,352,pretzel_07s,unseen,,,,yes,0.9066386999329552,52,62
5,001,19,m,r,memory_test,613,353,pet_food_10s,seen,no,low,uncontrolled,no,0.8955633000005037,51,62
5,001,19,m,r,memory_test,614,354,bubble_wrap_05s,seen,no,low,uncontrolled,no,0.6842684999573976,51,62
5,001,19,m,r,memory_test,615,355,ham_11s,unseen,,,,no,0.8593110999790952,52,61
5,001,19,m,r,memory_test,616,356,turf_04s,seen,yes,low,controlled,no,0.5687775999540463,51,62
5,001,19,m,r,memory_test,617,357,ham_10s,seen,yes,high,controlled,no,1.353521000011824,51,62
5,001,19,m,r,memory_test,618,358,cookie_cutter_10s,unseen,,,,no,0.7208429999882355,52,61
5,001,19,m,r,memory_test,619,359,harp_08s,seen,no,low,uncontrolled,no,0.9359680999768898,51,62
5,001,19,m,r,memory_test,620,360,caviar_01b,unseen,,,,no,0.7447652999544516,52,61
5,001,19,m,r,memory_test,621,361,plum_05n,unseen,,,,no,0.8500368000240996,52,61
5,001,19,m,r,memory_test,622,362,coaster_08s,unseen,,,,no,0.7768461999949068,52,61
5,001,19,m,r,memory_test,623,363,rollerskate_10s,unseen,,,,no,0.6692662000423297,52,61
5,001,19,m,r,memory_test,624,364,blower_10s,unseen,,,,no,0.6428913000272587,52,61
5,001,19,m,r,memory_test,625,365,whisk_04s,seen,yes,high,controlled,no,0.5155278999591246,51,62
5,001,19,m,r,memory_test,626,366,prune_13s,unseen,,,,no,0.7432730000000447,52,61
5,001,19,m,r,memory_test,627,367,swab_14s,unseen,,,,no,0.5971910000080243,52,61
5,001,19,m,r,memory_test,628,368,paintbrush_06s,unseen,,,,no,0.5580168999731541,52,61
5,001,19,m,r,memory_test,629,369,scoop_08s,seen,no,low,uncontrolled,no,0.538199600065127,51,62
5,001,19,m,r,memory_test,630,370,teabag_14s,seen,yes,high,controlled,no,0.7209406000329182,51,62
5,001,19,m,r,memory_test,631,371,unicycle_08s,unseen,,,,no,0.8128314000787213,52,61
5,001,19,m,r,memory_test,632,372,gearshift_12n,seen,yes,high,controlled,no,0.6279595999512821,51,62
5,001,19,m,r,memory_test,633,373,gold_07s,seen,yes,high,controlled,no,0.7315811000298709,51,62
5,001,19,m,r,memory_test,634,374,insole_10s,seen,no,high,uncontrolled,no,0.7674098999705166,51,62
5,001,19,m,r,memory_test,635,375,chalk_02s,seen,yes,low,controlled,no,0.4594507000874728,51,62
5,001,19,m,r,memory_test,636,376,crutch_04s,unseen,,,,no,0.5482794999843463,52,61
5,001,19,m,r,memory_test,637,377,pizza_08s,seen,no,high,uncontrolled,no,0.6180690999608487,51,62
5,001,19,m,r,memory_test,638,378,yolk_10s,unseen,,,,no,1.1482894000364468,52,61
5,001,19,m,r,memory_test,639,379,boot_08s,unseen,,,,no,0.6376341000432149,52,61
5,001,19,m,r,memory_test,640,380,nightshirt_07s,unseen,,,,no,0.885342700057663,52,61
5,001,19,m,r,memory_test,641,381,dough_19s,unseen,,,,no,0.5953832000959665,52,61
5,001,19,m,r,memory_test,642,382,quesadilla_23s,unseen,,,,no,0.6362083000130951,52,61
5,001,19,m,r,memory_test,643,383,tee_01b,unseen,,,,no,0.6690927000017837,52,61
5,001,19,m,r,memory_test,644,384,cream_cheese_07s,unseen,,,,no,0.9589082999154925,52,61
5,001,19,m,r,memory_test,645,385,polo_shirt_11s,unseen,,,,no,0.8218848000979051,52,61
5,001,19,m,r,memory_test,646,386,scoop_02s,unseen,,,,no,0.6953489000443369,52,61
5,001,19,m,r,memory_test,647,387,shears_04s,unseen,,,,no,0.8105987999588251,52,61
5,001,19,m,r,memory_test,648,388,jumpsuit_13s,seen,yes,low,controlled,no,0.45719039998948574,51,62
5,001,19,m,r,memory_test,649,389,ice_cream_08s,seen,no,low,uncontrolled,yes,1.1174870999529958,51,61
5,001,19,m,r,memory_test,650,390,sewage_09s,seen,yes,high,controlled,no,0.7140108000021428,51,62
5,001,19,m,r,memory_test,651,391,shortbread_08s,unseen,,,,no,0.7443729999940842,52,61
5,001,19,m,r,memory_test,652,392,clipper2_06s,seen,yes,high,controlled,no,0.8192310000304133,51,62
5,001,19,m,r,memory_test,653,393,stair_01b,unseen,,,,no,0.508163099992089,52,61
5,001,19,m,r,memory_test,654,394,mouse2_06s,seen,yes,low,controlled,no,0.6659324000356719,51,62
5,001,19,m,r,memory_test,655,395,pajamas_09s,unseen,,,,no,0.5824818999972194,52,61
5,001,19,m,r,memory_test,656,396,cheesecake_13s,unseen,,,,no,0.9603463000385091,52,61
5,001,19,m,r,memory_test,657,397,sauerkraut_07s,seen,no,high,uncontrolled,no,0.6252873999765143,51,62
5,001,19,m,r,memory_test,658,398,vacuum_11s,seen,no,low,uncontrolled,no,0.4872291999636218,51,62
5,001,19,m,r,memory_test,659,399,dollhouse_07s,unseen,,,,no,0.5937781999818981,52,61
5,001,19,m,r,memory_test,660,400,hanger_13n,seen,yes,high,controlled,no,1.2806443000445142,51,62
5,001,19,m,r,memory_test,661,401,tamale_16s,seen,yes,low,controlled,no,0.6543776999460533,51,62
5,001,19,m,r,memory_test,662,402,shaving_cream_05s,seen,no,low,uncontrolled,no,0.7893448000540957,51,62
5,001,19,m,r,memory_test,663,403,cardigan_04s,seen,yes,low,controlled,no,0.454811800038442,51,62
5,001,19,m,r,memory_test,664,404,dollhouse_03s,seen,yes,low,controlled,no,0.6617215999867767,51,62
5,001,19,m,r,memory_test,665,405,ready_meal_07s,seen,no,low,uncontrolled,no,0.7823692000238225,51,62
5,001,19,m,r,memory_test,666,406,easter_egg_09s,seen,yes,low,controlled,no,0.9419902000809088,51,62
5,001,19,m,r,memory_test,667,407,clasp_03s,seen,no,high,uncontrolled,no,0.6264088000170887,51,62
5,001,19,m,r,memory_test,668,408,headset_09s,seen,no,high,uncontrolled,yes,1.1393304000375792,51,61
5,001,19,m,r,memory_test,669,409,dumbbell_07s,seen,no,high,uncontrolled,no,3.6362197999842465,51,62
5,001,19,m,r,memory_test,670,410,cross_14s,seen,yes,high,controlled,no,0.6905389999737963,51,62
5,001,19,m,r,memory_test,671,411,locker_12s,seen,no,high,uncontrolled,no,0.7940642999019474,51,62
5,001,19,m,r,memory_test,672,412,hot-water_bottle_05s,seen,yes,high,controlled,no,0.5686430000932887,51,62
5,001,19,m,r,memory_test,673,413,clasp_09s,unseen,,,,no,0.5374247001018375,52,61
5,001,19,m,r,memory_test,674,414,pie_14s,unseen,,,,no,0.9941887999884784,52,61
5,001,19,m,r,memory_test,675,415,pesto_07s,unseen,,,,yes,0.9113182000583038,52,62
5,001,19,m,r,memory_test,676,416,bowtie_05s,seen,no,low,uncontrolled,no,0.6434030000818893,51,62
5,001,19,m,r,memory_test,677,417,hairbrush_12s,seen,no,high,uncontrolled,no,0.6250196999171749,51,62
5,001,19,m,r,memory_test,678,418,pocket_01b,unseen,,,,no,0.5649259999627247,52,61
5,001,19,m,r,memory_test,679,419,shower_cap_12s,seen,no,high,uncontrolled,no,0.6022707999218255,51,62
5,001,19,m,r,memory_test,680,420,blower_11s,seen,no,low,uncontrolled,no,0.6395521000958979,51,62
5,001,19,m,r,memory_test,681,421,toast_13s,unseen,,,,no,0.6672394999768585,52,61
5,001,19,m,r,memory_test,682,422,clipper2_05s,unseen,,,,no,0.9026472000405192,52,61
5,001,19,m,r,memory_test,683,423,hairdryer_07s,unseen,,,,no,0.6935748000396416,52,61
5,001,19,m,r,memory_test,684,424,test_tube_06s,seen,no,low,uncontrolled,no,0.7611932000145316,51,62
5,001,19,m,r,memory_test,685,425,ruby_13s,unseen,,,,no,0.7606818000786006,52,61
5,001,19,m,r,memory_test,686,426,marshmallow_06s,unseen,,,,no,0.9525269999867305,52,61
5,001,19,m,r,memory_test,687,427,water_heater_03s,unseen,,,,no,0.5924926999723539,52,61
5,001,19,m,r,memory_test,688,428,peanut_butter_07s,seen,yes,low,controlled,no,0.5941353000234812,51,62
5,001,19,m,r,memory_test,689,429,snowball_09s,unseen,,,,no,0.6196344000054523,52,61
5,001,19,m,r,memory_test,690,430,metal_detector_09s,unseen,,,,no,0.5919010000070557,52,61
5,001,19,m,r,memory_test,691,431,honeycomb_07n,unseen,,,,no,0.6372610999969766,52,61
5,001,19,m,r,memory_test,692,432,saffron_14s,seen,no,high,uncontrolled,no,0.6008313000202179,51,62
5,001,19,m,r,memory_test,693,433,snowball_03s,seen,no,low,uncontrolled,no,0.553703699959442,51,62
5,001,19,m,r,memory_test,694,434,hobbyhorse_04s,seen,yes,low,controlled,no,0.5624527999898419,51,62
5,001,19,m,r,memory_test,695,435,mannequin_12s,unseen,,,,no,0.7044760999269783,52,61
5,001,19,m,r,memory_test,696,436,gumball_01b,seen,no,low,uncontrolled,no,0.8842240000376478,51,62
5,001,19,m,r,memory_test,697,437,tent_06s,unseen,,,,no,0.6801039999118075,52,61
5,001,19,m,r,memory_test,698,438,yarn_14s,unseen,,,,no,1.9715140999760479,52,61
5,001,19,m,r,memory_test,699,439,air_mattress_13s,unseen,,,,no,0.5299695000285283,52,61
5,001,19,m,r,memory_test,700,440,shears_03s,seen,yes,high,controlled,no,0.6586524999001995,51,62
5,001,19,m,r,memory_test,701,441,sorbet_05s,seen,yes,high,controlled,no,0.7335751999635249,51,62
5,001,19,m,r,memory_test,702,442,quiche_07s,seen,no,low,uncontrolled,no,0.6367298999102786,51,62
5,001,19,m,r,memory_test,703,443,pipe1_10s,unseen,,,,no,0.6331884000683203,52,61
5,001,19,m,r,memory_test,704,444,glove_13s,unseen,,,,no,0.5854793000034988,52,61
5,001,19,m,r,memory_test,705,445,sweeper_02s,seen,yes,high,controlled,no,0.5640043000457808,51,62
5,001,19,m,r,memory_test,706,446,microscope_09s,unseen,,,,no,0.501397000043653,52,61
5,001,19,m,r,memory_test,707,447,shaving_cream_07s,unseen,,,,no,0.9543648000108078,52,61
5,001,19,m,r,memory_test,708,448,cantaloupe_05s,seen,yes,high,controlled,no,2.8935271999798715,51,62
5,001,19,m,r,memory_test,709,449,shoelace_13s,unseen,,,,no,0.7973353000124916,52,61
5,001,19,m,r,memory_test,710,450,footbath_12s,seen,no,high,uncontrolled,no,0.5303693999303505,51,62
5,001,19,m,r,memory_test,711,451,pallet_10s,unseen,,,,no,0.5902238000417128,52,61
5,001,19,m,r,memory_test,712,452,sleeping_bag_12s,seen,yes,low,controlled,no,0.6259637998882681,51,62
5,001,19,m,r,memory_test,713,453,bubble_wrap_11s,unseen,,,,no,0.7731669000349939,52,61
5,001,19,m,r,memory_test,714,454,seismograph_11s,seen,yes,low,controlled,no,0.5394804000388831,51,62
5,001,19,m,r,memory_test,715,455,figurine_11s,unseen,,,,no,0.6396196999121457,52,61
5,001,19,m,r,memory_test,716,456,boxer_shorts_03s,unseen,,,,no,0.5527031000237912,52,61
5,001,19,m,r,memory_test,717,457,tack_01b,seen,yes,high,controlled,no,0.7442039999878034,51,62
5,001,19,m,r,memory_test,718,458,blindfold_15s,seen,no,high,uncontrolled,no,1.34931060008239,51,62
5,001,19,m,r,memory_test,719,459,flan_02s,seen,no,low,uncontrolled,yes,2.3089583999244496,51,61
5,001,19,m,r,memory_test,720,460,boa_02s,seen,no,high,uncontrolled,no,0.5429053000407293,51,62
5,001,19,m,r,memory_test,721,461,lollipop_08s,seen,yes,low,controlled,yes,1.5686453999951482,51,61
5,001,19,m,r,memory_test,722,462,coffee_13s,unseen,,,,no,0.9284806000068784,52,61
5,001,19,m,r,memory_test,723,463,metal_detector_05s,seen,yes,high,controlled,no,0.5331708999583498,51,62
5,001,19,m,r,memory_test,724,464,cross_11s,unseen,,,,no,0.7283362000016496,52,61
5,001,19,m,r,memory_test,725,465,washing_machine_08s,seen,no,low,uncontrolled,no,0.6050039000110701,51,62
5,001,19,m,r,memory_test,726,466,ice_cream_04s,unseen,,,,no,0.5626730999210849,52,61
5,001,19,m,r,memory_test,727,467,dishrag_08s,seen,yes,low,controlled,no,0.4631560000125319,51,62
5,001,19,m,r,memory_test,728,468,nightshirt_02s,seen,no,high,uncontrolled,no,0.5630663000047207,51,62
5,001,19,m,r,memory_test,729,469,noisemaker_06s,seen,yes,high,controlled,no,1.654913799953647,51,62
5,001,19,m,r,memory_test,730,470,cummerbund_15s,seen,no,high,uncontrolled,no,0.6819202000042424,51,62
5,001,19,m,r,memory_test,731,471,step_stool_06s,seen,no,low,uncontrolled,no,0.7240361000876874,51,62
5,001,19,m,r,memory_test,732,472,diamond_16s,seen,yes,high,controlled,no,0.6604730000253767,51,62
5,001,19,m,r,memory_test,733,473,beanbag_16s,seen,no,high,uncontrolled,no,0.6345619999337941,51,62
5,001,19,m,r,memory_test,734,474,pet_food_04s,unseen,,,,no,0.6185553999384865,52,61
5,001,19,m,r,memory_test,735,475,staple_02s,seen,yes,low,controlled,no,0.8193573999451473,51,62
5,001,19,m,r,memory_test,736,476,hot-water_bottle_11s,unseen,,,,no,0.6184052999597043,52,61
5,001,19,m,r,memory_test,737,477,squeegee_10s,unseen,,,,no,0.5552323999581859,52,61
5,001,19,m,r,memory_test,738,478,belt_14s,seen,no,low,uncontrolled,no,0.593394200084731,51,62
5,001,19,m,r,memory_test,739,479,peg_06s,seen,no,low,uncontrolled,no,0.6790726999752223,51,62
5,001,19,m,r,memory_test,740,480,bikini_09s,seen,no,high,uncontrolled,no,0.5279219000367448,51,62
